﻿<?xml version="1.0" encoding="utf-8"?><!DOCTYPE Statute PUBLIC "-//Justice Canada//DTD Statute v2.0.0//EN" "Dtd/Version_2.0.0/Statute/Statute.dtd"><Statute bill-origin="commons" bill-type="govt-public" xml:lang="en" in-force="yes"><Identification><LongTitle>An Act to provide for the continuance of Air Canada under the Canada Business Corporations Act and for the issuance and sale of shares thereof to the public</LongTitle><ShortTitle status="official">Air Canada Public Participation Act</ShortTitle><RunningHead>Air Canada Public Participation</RunningHead><BillHistory><Stages stage="consolidation"><Date><YYYY>2018</YYYY><MM>08</MM><DD>20</DD></Date></Stages></BillHistory><Chapter><ConsolidatedNumber official="no">A-10.1</ConsolidatedNumber><AnnualStatuteId revised-statute="yes"><AnnualStatuteNumber>35 (4th Supp.)</AnnualStatuteNumber><YYYY>1985</YYYY></AnnualStatuteId></Chapter><ReaderNote><Note status="official" xml:space="default">[<Emphasis style="italic">1988, c. 44, assented to 18th August, 1988</Emphasis>]</Note></ReaderNote></Identification><Body><Heading level="1"><TitleText>Short Title</TitleText></Heading><Section><MarginalNote>Short title</MarginalNote><Label>1</Label><Text>This Act may be cited as the <XRefExternal reference-type="act">Air Canada Public Participation Act</XRefExternal>.</Text></Section><Heading level="1"><TitleText>Interpretation and Application</TitleText></Heading><Section><MarginalNote>Definitions</MarginalNote><Label>2</Label><Subsection><Label>(1)</Label><Text>In this Act,</Text><Definition><MarginalNote><DefinedTermEn>Corporation</DefinedTermEn></MarginalNote><MarginalNote><DefinedTermFr>Société</DefinedTermFr></MarginalNote><Text><DefinedTermEn>Corporation</DefinedTermEn> means Air Canada, a corporation continued by the <XRefExternal reference-type="act">Air Canada Act</XRefExternal>;</Text></Definition><Definition><MarginalNote><DefinedTermEn>Minister</DefinedTermEn></MarginalNote><MarginalNote><DefinedTermFr>ministre</DefinedTermFr></MarginalNote><Text><DefinedTermEn>Minister</DefinedTermEn> means the President of the Queen’s Privy Council or such other member of the Queen’s Privy Council for Canada as may be designated by the Governor in Council as the Minister for the purposes of this Act.</Text></Definition></Subsection><Subsection><MarginalNote>Same meaning</MarginalNote><Label>(2)</Label><Text>Unless a contrary intention appears, words and expressions used in this Act have the same meaning as in the <XRefExternal reference-type="act">Canada Business Corporations Act</XRefExternal>.</Text></Subsection><Subsection><MarginalNote>Operation of <XRefExternal reference-type="act">Canada Business Corporations Act</XRefExternal></MarginalNote><Label>(3)</Label><Text>In the event of any inconsistency between this Act and the <XRefExternal reference-type="act">Canada Business Corporations Act</XRefExternal>, or anything issued, made or established under that Act, this Act prevails to the extent of the inconsistency.</Text></Subsection><Subsection><MarginalNote>Operation of <XRefExternal reference-type="act">Competition Act</XRefExternal></MarginalNote><Label>(4)</Label><Text>Nothing in, or done under the authority of, this Act affects the operation of the <XRefExternal reference-type="act">Competition Act</XRefExternal> in respect of the acquisition of any interest in the Corporation.</Text></Subsection><HistoricalNote>R.S., 1985, c. 35 (4th Supp.), s. 2; 1994, c. 24, s. 34(F); 1996, c. 10, s. 206.</HistoricalNote></Section><Section><MarginalNote>Binding on the Crown</MarginalNote><Label>3</Label><Text>This Act is binding on Her Majesty in right of Canada or a province.</Text></Section><Heading level="1"><TitleText>Transfer of Shares to Minister</TitleText></Heading><Section><MarginalNote>Transfer of Air Canada shares</MarginalNote><Label>4</Label><Subsection><Label>(1)</Label><Text>Notwithstanding subsection 13(3) of the <XRefExternal reference-type="act">Air Canada Act</XRefExternal>, the shares of the Corporation held by the Minister of Transport in trust for Her Majesty in right of Canada are hereby transferred to the Minister, who is hereby authorized to acquire the shares.</Text></Subsection><Subsection><MarginalNote>Registration and holding of shares</MarginalNote><Label>(2)</Label><Text>The shares transferred to the Minister pursuant to subsection (1) shall be registered in the books of the Corporation in the name of the Minister and shall be held by the Minister in trust for Her Majesty in right of Canada.</Text></Subsection></Section><Heading level="1"><TitleText>Continuance</TitleText></Heading><Section><MarginalNote>Submission of draft application</MarginalNote><Label>5</Label><Subsection><Label>(1)</Label><Text>The Corporation shall submit an application for a certificate of continuance of the Corporation under section 187 of the <XRefExternal reference-type="act">Canada Business Corporations Act</XRefExternal> to the Minister for approval.</Text></Subsection><Subsection><MarginalNote>Submission to Director</MarginalNote><Label>(2)</Label><Text>Forthwith after the Minister approves an application submitted pursuant to subsection (1), the Corporation shall submit the approved application to the Director.</Text></Subsection><Subsection><MarginalNote>Presumption</MarginalNote><Label>(3)</Label><Text>An application submitted to the Director pursuant to this section is, subject to this Act, deemed for all purposes to have been made under subsection 187(1) of the <XRefExternal reference-type="act">Canada Business Corporations Act</XRefExternal>.</Text></Subsection><HistoricalNote>R.S., 1985, c. 35 (4th Supp.), s. 5; 1994, c. 24, s. 34(F).</HistoricalNote></Section><Section><MarginalNote>Mandatory provisions in articles of continuance</MarginalNote><Label>6</Label><Subsection><Label>(1)</Label><Text>The articles of continuance of the Corporation shall contain</Text><Paragraph><Label>(a)</Label><Text><Repealed>[Repealed, 2001, c. 35, s. 1]</Repealed></Text></Paragraph><Paragraph><Label>(b) and (c)</Label><Text><Repealed>[Repealed, 2018, c. 10, s. 90]</Repealed></Text></Paragraph><Paragraph><Label>(d)</Label><Text>provisions requiring the Corporation to carry out or cause to be carried out aircraft maintenance activities, including maintenance of any type relating to airframes, engines, components, equipment or parts, in Ontario, Quebec and Manitoba; and</Text></Paragraph><Paragraph><Label>(e)</Label><Text>provisions specifying that the head office of the Corporation is to be situated in the Montreal Urban Community.</Text></Paragraph></Subsection><Subsection><Label>(2) and (3)</Label><Text><Repealed>[Repealed, 2018, c. 10, s. 90]</Repealed></Text></Subsection><Subsection><MarginalNote>Maintenance activities</MarginalNote><Label>(4)</Label><Text>For the purpose of carrying out or causing to be carried out the aircraft maintenance activities referred to in paragraph (1)(d) in Ontario, Quebec and Manitoba, the Corporation may, while not eliminating those activities in any of those provinces, change the type or volume of any or all of those activities in each of those provinces, as well as the level of employment in any or all of those activities.</Text></Subsection><Subsection><Label>(5)</Label><Text><Repealed>[Repealed, 2001, c. 35, s. 1]</Repealed></Text></Subsection><Subsection><MarginalNote>Definition of <DefinitionRef>aircraft</DefinitionRef></MarginalNote><Label>(6)</Label><Text>In this section, <DefinedTermEn>aircraft</DefinedTermEn> has the same meaning as in subsection 3(1) of the <XRefExternal reference-type="act">Aeronautics Act</XRefExternal>.</Text></Subsection><Subsection><Label>(6.1) and (7)</Label><Text><Repealed>[Repealed, 2018, c. 10, s. 90]</Repealed></Text></Subsection><HistoricalNote>R.S., 1985, c. 35 (4th Supp.), s. 6; 1993, c. 34, s. 3; 1994, c. 24, s. 34(F), c. 47, s. 220; 2000, c. 15, s. 17; 2001, c. 35, s. 1; 2016, c. 8, s. 1; 2018, c. 10, s. 90.</HistoricalNote></Section><Section><MarginalNote>Restriction on amendment</MarginalNote><Label>7</Label><Text>The Corporation and its shareholders and directors shall not</Text><Paragraph><Label>(a)</Label><Text>apply for continuance of the Corporation in another jurisdiction; or</Text></Paragraph><Paragraph><Label>(b)</Label><Text>make any articles or by-laws that are inconsistent with the provisions included in its articles of continuance pursuant to subsection 6(1).</Text></Paragraph></Section><Heading level="1"><TitleText>Share Transactions</TitleText></Heading><Section><MarginalNote>Dealing with shares, etc., by Minister</MarginalNote><Label>8</Label><Subsection><Label>(1)</Label><Text>The Minister is hereby authorized to</Text><Paragraph><Label>(a)</Label><Text>acquire, hold, dispose of and otherwise deal with shares or debt obligations of, or any security interest in, the Corporation; and</Text></Paragraph><Paragraph><Label>(b)</Label><Text>enter into any agreement or arrangement necessary or incidental to any activity referred to in paragraph (a).</Text></Paragraph></Subsection><Subsection><MarginalNote>Issue and disposal of shares by Corporation</MarginalNote><Label>(2)</Label><Text>The Corporation is hereby authorized to issue and sell or otherwise dispose of shares of the Corporation.</Text></Subsection></Section><Heading level="1"><TitleText>General</TitleText></Heading><Section><MarginalNote>Name</MarginalNote><Label>9</Label><Text>Notwithstanding subsection 10(1) of the <XRefExternal reference-type="act">Canada Business Corporations Act</XRefExternal>, the Corporation may continue to use and be legally designated by the name “Air Canada” on and after the day on which it becomes a corporation to which that Act applies.</Text><HistoricalNote>R.S., 1985, c. 35 (4th Supp.), s. 9; 1994, c. 24, s. 34(F).</HistoricalNote></Section><Section><MarginalNote><XRefExternal reference-type="act">Official Languages Act</XRefExternal></MarginalNote><Label>10</Label><Subsection><Label>(1)</Label><Text>The <XRefExternal reference-type="act">Official Languages Act</XRefExternal> applies to the Corporation.</Text></Subsection><Subsection><MarginalNote>Duty re subsidiaries</MarginalNote><Label>(2)</Label><Text>Subject to subsection (5), if air services, including incidental services, are provided or made available by a subsidiary of the Corporation, the Corporation has the duty to ensure that any of the subsidiary’s customers can communicate with the subsidiary in respect of those services, and obtain those services from the subsidiary, in either official language in any case where those services, if provided by the Corporation, would be required under Part IV of the <XRefExternal reference-type="act">Official Languages Act</XRefExternal> to be provided in either official language.</Text></Subsection><Subsection><MarginalNote>Subsidiary body corporate</MarginalNote><Label>(3)</Label><Text>For the purposes of this section, a body corporate is a subsidiary of the Corporation if</Text><Paragraph><Label>(a)</Label><Text>it is controlled by</Text><Subparagraph><Label>(i)</Label><Text>the Corporation,</Text></Subparagraph><Subparagraph><Label>(ii)</Label><Text>the Corporation and one or more bodies corporate each of which is controlled by the Corporation, or</Text></Subparagraph><Subparagraph><Label>(iii)</Label><Text>two or more bodies corporate each of which is controlled by the Corporation; or</Text></Subparagraph></Paragraph><Paragraph><Label>(b)</Label><Text>it is a subsidiary of a body corporate that is a subsidiary of the Corporation.</Text></Paragraph></Subsection><Subsection><MarginalNote>Control</MarginalNote><Label>(4)</Label><Text>For the purposes of subsection (3), a body corporate is controlled by another body corporate if</Text><Paragraph><Label>(a)</Label><Text>securities of the body corporate to which are attached more than 50% of the votes that may be cast to elect directors of the body corporate are held, other than by way of security only, by or for the benefit of the other body corporate; and</Text></Paragraph><Paragraph><Label>(b)</Label><Text>the votes attached to those securities are sufficient, if exercised, to elect a majority of the directors of the body corporate.</Text></Paragraph></Subsection><Subsection><MarginalNote>Application of subsection (2)</MarginalNote><Label><FootnoteRef idref="A-10.1_en_25">*</FootnoteRef>(5)</Label><Text>Subsection (2) applies</Text><Paragraph><Label>(a)</Label><Text>in respect of air services, including incidental services, provided or made available by a subsidiary of the Corporation at a facility or office in Manitoba, British Columbia, Saskatchewan, Alberta, the Yukon Territory, the Northwest Territories or Nunavut or on a route wholly within those provinces, one year after that subsection comes into force if it had been a subsidiary of the Corporation on that coming into force; and</Text></Paragraph><Paragraph><Label>(b)</Label><Text>in respect of a person that becomes a subsidiary of the Corporation only after that subsection comes into force, or in respect of Canadian Airlines International Ltd. or Canadian Regional Airlines Ltd. if that airline becomes a subsidiary of the Corporation before that subsection comes into force, three years after the person or airline becomes a subsidiary.</Text><Footnote id="A-10.1_en_25" placement="section" status="editorial" xml:space="default"><Label>*</Label><Text>[Note: Subsection 10(2) in force July 5, 2000, <Emphasis style="italic">see</Emphasis> SI/2000-59.]</Text></Footnote></Paragraph></Subsection><Subsection><MarginalNote>Extension</MarginalNote><Label>(6)</Label><Text>The Governor in Council may, by order made on the recommendation of the Minister of Transport, increase the three years referred to in paragraph (5)(b) to a maximum of four years in respect of a route served, or an office or facility from which service is provided, by a subsidiary.</Text></Subsection><Subsection><MarginalNote>Duties of replacements</MarginalNote><Label>(7)</Label><Text>If Canadian Airlines International Ltd., Canadian Regional Airlines Ltd. or a subsidiary of the Corporation replaces the Corporation or one of its subsidiaries in providing an air service, including incidental services, that the Corporation or the subsidiary provided on or after December 21, 1999, the Corporation has the duty to ensure that any of the customers of the person who replaces the Corporation or the subsidiary can communicate with that person in respect of those services, and obtain those services from that person, in either official language in any case where those services, if provided by the Corporation or the subsidiary, would be required under Part IV of the <XRefExternal reference-type="act">Official Languages Act</XRefExternal> or under subsection (2) to be provided in either official language.</Text></Subsection><Subsection><MarginalNote>For greater certainty</MarginalNote><Label>(8)</Label><Text>For greater certainty, subsections (2) and (7) do not affect any duty that the Corporation may have under section 25 of the <XRefExternal reference-type="act">Official Languages Act</XRefExternal>.</Text></Subsection><Subsection><MarginalNote>Deemed duty</MarginalNote><Label>(9)</Label><Text>For the purposes of Parts VIII, IX and X of the <XRefExternal reference-type="act">Official Languages Act</XRefExternal>, the duties referred to in subsections (2) and (7) are deemed to be duties under Part IV of that Act.</Text></Subsection><Subsection><MarginalNote>Definitions</MarginalNote><Label>(10)</Label><Text>The definitions in this subsection apply in this section.</Text><Definition><MarginalNote><DefinedTermEn>air service</DefinedTermEn></MarginalNote><MarginalNote><DefinedTermFr>service aérien</DefinedTermFr></MarginalNote><Text><DefinedTermEn>air service</DefinedTermEn> has the same meaning as in subsection 55(1) of the <XRefExternal reference-type="act">Canada Transportation Act</XRefExternal>.</Text></Definition><Definition><MarginalNote><DefinedTermEn>customer</DefinedTermEn></MarginalNote><MarginalNote><DefinedTermFr>client</DefinedTermFr></MarginalNote><Text><DefinedTermEn>customer</DefinedTermEn> means, in respect of a subsidiary referred to in subsection (2) or (7), a passenger, shipper or consignee using or intending to use an air service, including incidental services, provided or made available by that subsidiary.</Text></Definition><Definition><MarginalNote><DefinedTermEn>incidental services</DefinedTermEn></MarginalNote><MarginalNote><DefinedTermFr>services connexes</DefinedTermFr></MarginalNote><Text><DefinedTermEn>incidental services</DefinedTermEn> include, in respect of a subsidiary referred to in subsection (2) or (7),</Text><Paragraph><Label>(a)</Label><Text>ticketing and reservation services;</Text></Paragraph><Paragraph><Label>(b)</Label><Text>information, including notices and announcements, that it publishes or causes to be published to inform its customers in respect of its routes or tariffs;</Text></Paragraph><Paragraph><Label>(c)</Label><Text>services provided or made available to customers at an airport, including the control of passengers embarking and disembarking aircraft, announcements directed at customers and counter services; and</Text></Paragraph><Paragraph><Label>(d)</Label><Text>services related to baggage or freight claims and client relations.</Text></Paragraph></Definition><Definition><MarginalNote><DefinedTermEn>route</DefinedTermEn></MarginalNote><MarginalNote><DefinedTermFr>trajet</DefinedTermFr></MarginalNote><Text><DefinedTermEn>route</DefinedTermEn> means, in respect of a subsidiary of the Corporation, a route on which the subsidiary provides a two-way air service between the starting and finishing points of that service by a single conveyance, with or without intermediate stops.</Text></Definition><Definition><MarginalNote><DefinedTermEn>shipper</DefinedTermEn></MarginalNote><MarginalNote><DefinedTermFr>expéditeur</DefinedTermFr></MarginalNote><Text><DefinedTermEn>shipper</DefinedTermEn> has the same meaning as in section 6 of the <XRefExternal reference-type="act">Canada Transportation Act</XRefExternal>.</Text></Definition></Subsection><HistoricalNote>R.S., 1985, c. 35 (4th Supp.), s. 10; 2000, c. 15, s. 18.</HistoricalNote></Section><Section><MarginalNote>Deemed approval</MarginalNote><Label>10.1</Label><Subsection><Label>(1)</Label><Text>The proposed acquisition described in a letter dated December 21, 1999 from 853350 Alberta Ltd. and Air Canada to the Minister of Transport is deemed to be a transaction that has been approved by the Governor in Council under subsection 53.2(7) of the <XRefExternal reference-type="act">Canada Transportation Act</XRefExternal> on the day on which that subsection comes into force.</Text></Subsection><Subsection><MarginalNote>Deemed terms and conditions</MarginalNote><Label>(2)</Label><Text>The undertakings provided by 853350 Alberta Ltd. and Air Canada to the Minister of Transport in the letter referred to in subsection (1) are deemed to be terms and conditions specified in an approval by the Governor in Council under subsection 53.2(7) of the <XRefExternal reference-type="act">Canada Transportation Act</XRefExternal> that relate to national transportation concerns, and the undertakings provided by 853350 Alberta Ltd. and Air Canada to the Commissioner of Competition that are set out in Annex A to a letter from the Commissioner dated December 21, 1999 in respect of the acquisition referred to in that subsection are deemed to be terms and conditions of an approval under subsection 53.2(7) of the <XRefExternal reference-type="act">Canada Transportation Act</XRefExternal> that relate to potential prevention or lessening of competition.</Text></Subsection><Subsection><MarginalNote>Deemed affiliates</MarginalNote><Label>(3)</Label><Text>For the purposes of sections 45 and 61 of the <XRefExternal reference-type="act">Competition Act</XRefExternal>, Canadian Airlines Corporation, Canadian Airlines International Ltd. and Canadian Regional Airlines Ltd. are deemed to be affiliates of Air Canada in respect of any thing they do after December 21, 1999 and before the earlier of the coming into force of this subsection and the day on which the undertakings referred to in subsection (2) cease to have effect.</Text></Subsection><Subsection><MarginalNote>If undertakings cease to have effect</MarginalNote><Label>(4)</Label><Text>The Governor in Council may, by order, declare that 853350 Alberta Ltd. and Air Canada are not subject to the terms and conditions referred to in subsection (2) if the undertakings cease to have effect and are not revived in the circumstances described in</Text><Paragraph><Label>(a)</Label><Text>the paragraph entitled “Effective Date” in the letter referred to in subsection (1); and</Text></Paragraph><Paragraph><Label>(b)</Label><Text>undertaking #15, set out in Annex A referred to in subsection (2).</Text></Paragraph></Subsection><Subsection><MarginalNote>Revocation of deemed approval</MarginalNote><Label>(5)</Label><Text>If the Governor in Council makes an order under subsection (4), the deemed approval under subsection (1) is revoked and any certification under paragraph 94(c) of the <XRefExternal reference-type="act">Competition Act</XRefExternal> in respect of the acquisition referred to in that paragraph ceases to have effect.</Text></Subsection><HistoricalNote>2000, c. 15, s. 19; 2007, c. 19, s. 59.</HistoricalNote></Section><Heading level="1"><TitleText>Transitional, Consequential, Repeal and Coming into Force Provisions</TitleText></Heading><Heading level="2"><TitleText>Transitional</TitleText></Heading><Section><MarginalNote>Continuation in office</MarginalNote><Label>11</Label><Subsection><Label>(1)</Label><Text>Subject to subsection (2), the members of the Board of Directors of the Corporation who were appointed pursuant to the <XRefExternal reference-type="act">Air Canada Act</XRefExternal> and held office immediately prior to the day on which the Corporation becomes a corporation to which the <XRefExternal reference-type="act">Canada Business Corporations Act</XRefExternal> applies continue to hold office according to the terms of their appointment.</Text></Subsection><Subsection><MarginalNote>Directors cease to hold office</MarginalNote><Label>(2)</Label><Text>The members of the Board of Directors of the Corporation cease to hold office at the close of the first annual meeting of shareholders of the Corporation held after the issuance date, which meeting shall be held not later than six months following the end of the Corporation’s financial year in which that date falls.</Text></Subsection><Subsection><MarginalNote>No right to compensation</MarginalNote><Label>(3)</Label><Text>No person has any right to claim or receive any compensation, damages, indemnity or other form of relief from Her Majesty in right of Canada or any servant or agent thereof for ceasing to hold office pursuant to, or for the abolition of that office by, this Act.</Text></Subsection><Subsection><MarginalNote>Definition of <DefinedTermEn>issuance date</DefinedTermEn></MarginalNote><Label>(4)</Label><Text>In this section and section 12, <DefinedTermEn>issuance date</DefinedTermEn> means the date on which shares of the Corporation are first issued after the coming into force of those sections to any person, other than the Minister.</Text></Subsection><HistoricalNote>R.S., 1985, c. 35 (4th Supp.), s. 11; 1994, c. 24, s. 34(F).</HistoricalNote></Section><Section><MarginalNote>Qualification of shares</MarginalNote><Label>12</Label><Subsection><Label>(1)</Label><Text>For the purpose of qualifying the shares of the Corporation</Text><Paragraph><Label>(a)</Label><Text>as an authorized investment under paragraph 86(n) of the <XRefExternal reference-type="act">Canadian and British Insurance Companies Act</XRefExternal>, paragraph 61(1)(j) of the <XRefExternal reference-type="act">Loan Companies Act</XRefExternal> or paragraph 78(1)(j) of the <XRefExternal reference-type="act">Trust Companies Act</XRefExternal>,</Text></Paragraph><Paragraph><Label>(b)</Label><Text>as a permitted investment under paragraph 1(n) of Schedule III to the <XRefExternal reference-type="regulation">Pension Benefits Standards Regulations, 1985</XRefExternal>, and</Text></Paragraph><Paragraph><Label>(c)</Label><Text>as assets that may be vested in trust in Canada under paragraph 1(n) of Schedule II to the <XRefExternal reference-type="act">Canadian and British Insurance Companies Act</XRefExternal> or paragraph 1(n) of the schedule to the <XRefExternal reference-type="act">Foreign Insurance Companies Act</XRefExternal>,</Text></Paragraph><ContinuedSectionSubsection><Text>the Corporation is deemed to have satisfied the requirements of those paragraphs with respect to each of the five years immediately preceding the issuance date.</Text></ContinuedSectionSubsection></Subsection><Subsection><MarginalNote>Qualification of debt obligations</MarginalNote><Label>(2)</Label><Text>For the purpose of qualifying the bonds, debentures or other evidences of indebtedness of the Corporation</Text><Paragraph><Label>(a)</Label><Text>as an authorized investment under subparagraph 86(k)(i) of the <XRefExternal reference-type="act">Canadian and British Insurance Companies Act</XRefExternal>, paragraph 61(1)(g) of the <XRefExternal reference-type="act">Loan Companies Act</XRefExternal> or paragraph 78(1)(g) of the <XRefExternal reference-type="act">Trust Companies Act</XRefExternal>,</Text></Paragraph><Paragraph><Label>(b)</Label><Text>as a permitted investment under paragraph 1(m) of Schedule III to the <XRefExternal reference-type="regulation">Pension Benefits Standards Regulations, 1985</XRefExternal>, and</Text></Paragraph><Paragraph><Label>(c)</Label><Text>as assets that may be vested in trust in Canada under subparagraph 1(k)(i) of Schedule II to the <XRefExternal reference-type="act">Canadian and British Insurance Companies Act</XRefExternal> or subparagraph 1(k)(i) of the schedule to the <XRefExternal reference-type="act">Foreign Insurance Companies Act</XRefExternal>,</Text></Paragraph><ContinuedSectionSubsection><Text>the Corporation is deemed to have satisfied the requirements of the paragraphs referred to in subsection (1) with respect to each of the five years immediately preceding the issuance date.</Text></ContinuedSectionSubsection></Subsection></Section><Heading level="2"><TitleText>Consequential Amendments</TitleText></Heading><Section><Label>13</Label><Text>[Amendments]</Text></Section><Heading level="2"><TitleText>Repeal</TitleText></Heading><Section><MarginalNote>Repeal of R.S., c. A-10</MarginalNote><Label>14</Label><Subsection><Label>(1)</Label><Text>The <XRefExternal reference-type="act">Air Canada Act</XRefExternal> is repealed on the day on which the Corporation becomes a corporation to which the <XRefExternal reference-type="act">Canada Business Corporations Act</XRefExternal> applies.</Text></Subsection><Subsection><MarginalNote>Director to give notice</MarginalNote><Label>(2)</Label><Text>The Director is not required to comply with subsection 187(6) of the <XRefExternal reference-type="act">Canada Business Corporations Act</XRefExternal> in respect of the Corporation, but the Director shall, on issuing the certificate of continuance of the Corporation, cause a notice to be published in the <XRefExternal reference-type="other">Canada Gazette</XRefExternal> setting out the date on which the certificate was issued and on which the <XRefExternal reference-type="act">Air Canada Act</XRefExternal> was repealed.</Text></Subsection><HistoricalNote>R.S., 1985, c. 35 (4th Supp.), s. 14; 1994, c. 24, s. 34(F).</HistoricalNote></Section><Heading level="2"><TitleText>Coming into Force</TitleText></Heading><Section><MarginalNote>Coming into force</MarginalNote><Label><FootnoteRef idref="A-10.1_en_28">*</FootnoteRef>15</Label><Text>Section 13 shall come into force on a day to be fixed by order of the Governor in Council.</Text><Footnote id="A-10.1_en_28" placement="section" status="editorial" xml:space="default"><Label>*</Label><Text>[Note: Section 13 in force October 12, 1988, <Emphasis style="italic">see</Emphasis> SI/88-201.]</Text></Footnote></Section></Body><Schedule bilingual="no" spanlanguages="no"><ScheduleFormHeading><Label>SCHEDULE</Label></ScheduleFormHeading><Provision format-ref="centered" language-align="yes"><Text>[Amendments]</Text></Provision></Schedule><Schedule id="RelatedProvs"><ScheduleFormHeading type="amending"><TitleText>RELATED PROVISIONS</TitleText></ScheduleFormHeading><BillPiece><Heading level="5" style="nifrp"><TitleText>
                    — 2016, c. 8, s. 2</TitleText></Heading><Section><MarginalNote>Articles</MarginalNote><Label>2</Label><Subsection><Label>(1)</Label><Text>Despite sections 173 to 176 of the <XRefExternal reference-type="act">Canada Business Corporations Act</XRefExternal>, the Corporation’s directors may amend its articles in accordance with the amendments set out in this Act.</Text></Subsection><Subsection><MarginalNote>Articles of amendment</MarginalNote><Label>(2)</Label><Text>When the directors amend the articles under subsection (1), they shall send the articles of amendment to the Director in accordance with section 177 of the <XRefExternal reference-type="act">Canada Business Corporations Act</XRefExternal>.</Text></Subsection><Subsection><MarginalNote>Definitions</MarginalNote><Label>(3)</Label><Text>The following definitions apply in this section.</Text><Definition><Text><DefinedTermEn>Corporation</DefinedTermEn> has the same meaning as in subsection 2(1) of the <XRefExternal reference-type="act">Air Canada Public Participation Act</XRefExternal>. (<DefinedTermFr>Société</DefinedTermFr>)</Text></Definition><Definition><Text><DefinedTermEn>Director</DefinedTermEn> has the same meaning as in subsection 2(1) the <XRefExternal reference-type="act">Canada Business Corporations Act</XRefExternal>. (<DefinedTermFr>directeur</DefinedTermFr>)</Text></Definition></Subsection></Section></BillPiece></Schedule></Statute>