﻿<?xml version="1.0" encoding="utf-8"?><!DOCTYPE Statute PUBLIC "-//Justice Canada//DTD Statute v2.0.0//EN" "Dtd/Version_2.0.0/Statute/Statute.dtd"><Statute bill-origin="commons" bill-type="govt-public" xml:lang="en" in-force="yes"><Identification><LongTitle>An Act respecting animal pedigree associations</LongTitle><ShortTitle status="official">Animal Pedigree Act</ShortTitle><RunningHead>Animal Pedigree</RunningHead><BillHistory><Stages stage="consolidation"><Date><YYYY>2018</YYYY><MM>08</MM><DD>20</DD></Date></Stages></BillHistory><Chapter><ConsolidatedNumber official="no">A-11.2</ConsolidatedNumber><AnnualStatuteId revised-statute="yes"><AnnualStatuteNumber>8 (4th Supp.)</AnnualStatuteNumber><YYYY>1985</YYYY></AnnualStatuteId></Chapter><ReaderNote><Note status="official" xml:space="default">[<Emphasis style="italic">1988, c. 13, assented to 25th May, 1988</Emphasis>]</Note></ReaderNote></Identification><Body><Heading level="1"><TitleText>Short Title</TitleText></Heading><Section><MarginalNote>Short title</MarginalNote><Label>1</Label><Text>This Act may be cited as the <XRefExternal reference-type="act">Animal Pedigree Act</XRefExternal>.</Text></Section><Heading level="1"><TitleText>Interpretation</TitleText></Heading><Section><MarginalNote>Definitions</MarginalNote><Label>2</Label><Text>In this Act,</Text><Definition><MarginalNote><DefinedTermEn>animal pedigree association</DefinedTermEn> or <DefinedTermEn>association</DefinedTermEn></MarginalNote><MarginalNote><DefinedTermFr>association responsable de la généalogie des animaux</DefinedTermFr> ou <DefinedTermFr>association</DefinedTermFr></MarginalNote><Text><DefinedTermEn>animal pedigree association</DefinedTermEn> or <DefinedTermEn>association</DefinedTermEn> means an association incorporated under this Act and includes an association amalgamated pursuant to section 25 and an association subject to the provisions of this Act by virtue of section 68;</Text></Definition><Definition><MarginalNote><DefinedTermEn>Board</DefinedTermEn></MarginalNote><MarginalNote><DefinedTermFr>Conseil</DefinedTermFr></MarginalNote><Text><DefinedTermEn>Board</DefinedTermEn> means the Board of Directors of the Corporation;</Text></Definition><Definition><MarginalNote><DefinedTermEn>certificate of identification</DefinedTermEn></MarginalNote><MarginalNote><DefinedTermFr>certificat d’identification</DefinedTermFr></MarginalNote><Text><DefinedTermEn>certificate of identification</DefinedTermEn> means a certificate of identification issued under the authority of this Act for an animal of an evolving breed;</Text></Definition><Definition><MarginalNote><DefinedTermEn>certificate of registration</DefinedTermEn></MarginalNote><MarginalNote><DefinedTermFr>certificat d’enregistrement</DefinedTermFr></MarginalNote><Text><DefinedTermEn>certificate of registration</DefinedTermEn> means a certificate of registration issued under the authority of this Act for an animal of a distinct breed;</Text></Definition><Definition><MarginalNote><DefinedTermEn>Corporation</DefinedTermEn></MarginalNote><MarginalNote><DefinedTermFr>Société</DefinedTermFr></MarginalNote><Text><DefinedTermEn>Corporation</DefinedTermEn> means the Canadian Livestock Records Corporation established by section 35;</Text></Definition><Definition><MarginalNote><DefinedTermEn>embryo certificate</DefinedTermEn></MarginalNote><MarginalNote><DefinedTermFr>certificat d’embryon</DefinedTermFr></MarginalNote><Text><DefinedTermEn>embryo certificate</DefinedTermEn> means an embryo certificate issued under the authority of this Act;</Text></Definition><Definition><MarginalNote><DefinedTermEn>evolving breed</DefinedTermEn></MarginalNote><MarginalNote><DefinedTermFr>race en voie de constitution</DefinedTermFr></MarginalNote><Text><DefinedTermEn>evolving breed</DefinedTermEn> means a group of animals in the process of evolving into a new breed;</Text></Definition><Definition><MarginalNote><DefinedTermEn>foundation stock</DefinedTermEn></MarginalNote><MarginalNote><DefinedTermFr>premiers éléments</DefinedTermFr></MarginalNote><Text><DefinedTermEn>foundation stock</DefinedTermEn>, in relation to a distinct breed, means such animals as are recognized by the Minister as constituting the breed’s original stock;</Text></Definition><Definition><MarginalNote><DefinedTermEn>identification</DefinedTermEn></MarginalNote><MarginalNote><DefinedTermFr>identification</DefinedTermFr></MarginalNote><Text><DefinedTermEn>identification</DefinedTermEn> means the recognition that an animal is an animal of an evolving breed;</Text></Definition><Definition><MarginalNote><DefinedTermEn>individual identification</DefinedTermEn></MarginalNote><MarginalNote><DefinedTermFr>identification particulière</DefinedTermFr></MarginalNote><Text><DefinedTermEn>individual identification</DefinedTermEn>, in relation to an animal, means the distinguishing of the animal by</Text><Paragraph><Label>(a)</Label><Text>the marking or tagging of the animal, or</Text></Paragraph><Paragraph><Label>(b)</Label><Text>the noting, by any means, including the taking of photographs, of some or all of the animal’s physical characteristics;</Text></Paragraph></Definition><Definition><MarginalNote><DefinedTermEn>Minister</DefinedTermEn></MarginalNote><MarginalNote><DefinedTermFr>ministre</DefinedTermFr></MarginalNote><Text><DefinedTermEn>Minister</DefinedTermEn> means the Minister of Agriculture and Agri-Food;</Text></Definition><Definition><MarginalNote><DefinedTermEn>pedigree</DefinedTermEn></MarginalNote><MarginalNote><DefinedTermFr>dossier généalogique</DefinedTermFr></MarginalNote><Text><DefinedTermEn>pedigree</DefinedTermEn>, in relation to an animal, means genealogical information showing the ancestral line of descent of the animal;</Text></Definition><Definition><MarginalNote><DefinedTermEn>prescribed</DefinedTermEn></MarginalNote><MarginalNote><DefinedTermFr>prescrit</DefinedTermFr></MarginalNote><Text><DefinedTermEn>prescribed</DefinedTermEn> means prescribed by the regulations;</Text></Definition><Definition><MarginalNote><DefinedTermEn>purebred</DefinedTermEn></MarginalNote><MarginalNote><DefinedTermFr>animal de race pure</DefinedTermFr></MarginalNote><Text><DefinedTermEn>purebred</DefinedTermEn>, in relation to an animal of a distinct breed, means an animal that is a purebred of the breed as determined by the by-laws of the association authorized to register animals of that breed;</Text></Definition><Definition><MarginalNote><DefinedTermEn>registration</DefinedTermEn></MarginalNote><MarginalNote><DefinedTermFr>enregistrement</DefinedTermFr></MarginalNote><Text><DefinedTermEn>registration</DefinedTermEn> means the recognition that an animal is an animal of a distinct breed;</Text></Definition><Definition><MarginalNote><DefinedTermEn>semen certificate</DefinedTermEn></MarginalNote><MarginalNote><DefinedTermFr>certificat de semence</DefinedTermFr></MarginalNote><Text><DefinedTermEn>semen certificate</DefinedTermEn> means a semen certificate issued under the authority of this Act.</Text></Definition><HistoricalNote>R.S., 1985, c. 8 (4th Supp.), s. 2; 1994, c. 38, s. 25.</HistoricalNote></Section><Heading level="1"><TitleText>Purposes of Act</TitleText></Heading><Section><MarginalNote>Purposes of Act</MarginalNote><Label>3</Label><Text>The purposes of this Act are</Text><Paragraph><Label>(a)</Label><Text>to promote breed improvement, and</Text></Paragraph><Paragraph><Label>(b)</Label><Text>to protect persons who raise and purchase animals</Text></Paragraph><ContinuedSectionSubsection><Text>by providing for the establishment of animal pedigree associations that are authorized to register and identify animals that, in the opinion of the Minister, have significant value.</Text></ContinuedSectionSubsection></Section><Heading level="1"><TitleText>Purpose of Associations</TitleText></Heading><Section><MarginalNote>Principal purpose</MarginalNote><Label>4</Label><Text>The principal purpose of animal pedigree associations shall be the registration and identification of animals and the keeping of animal pedigrees.</Text></Section><Heading level="1"><TitleText>Scope of Associations</TitleText></Heading><Section><MarginalNote>Scope of associations</MarginalNote><Label>5</Label><Subsection><Label>(1)</Label><Text>An association may be incorporated under this Act in respect of a distinct breed, an evolving breed or one or more distinct breeds and one or more evolving breeds.</Text></Subsection><Subsection><MarginalNote>Limit of one association per breed or evolving breed</MarginalNote><Label>(2)</Label><Text>Only one association may be incorporated in respect of each distinct breed and each evolving breed.</Text></Subsection><Subsection><MarginalNote>Breeds must be of same species</MarginalNote><Label>(3)</Label><Text>Where an association is incorporated in respect of one or more distinct breeds and one or more evolving breeds, the distinct breeds and evolving breeds must all be of the same species.</Text></Subsection></Section><Heading level="1"><TitleText>Incorporating an Association</TitleText></Heading><Section><MarginalNote>Requirements</MarginalNote><Label>6</Label><Subsection><Label>(1)</Label><Text>An association may be incorporated under this Act only if the Minister is satisfied</Text><Paragraph><Label>(a)</Label><Text>that the animals of each distinct breed and evolving breed in respect of which the association is sought to be incorporated have significant value;</Text></Paragraph><Paragraph><Label>(b)</Label><Text>that the persons submitting the articles of incorporation in respect of the association represent the breeders throughout Canada of the animals of each distinct breed and evolving breed in respect of which the association is sought to be incorporated; and</Text></Paragraph><Paragraph><Label>(c)</Label><Text>that the keeping of pedigrees and other records in respect of the animals of each distinct breed and evolving breed in respect of which the association is sought to be incorporated would be beneficial to the breeders thereof and to the public-at-large.</Text></Paragraph></Subsection><Subsection><MarginalNote>Scientific genetic principles</MarginalNote><Label>(2)</Label><Text>An association may be incorporated in respect of a distinct breed only if the Minister is satisfied that the breed is a breed determined in accordance with scientific genetic principles.</Text></Subsection><Subsection><MarginalNote>Special requirement with respect to evolving breeds</MarginalNote><Label>(3)</Label><Text>An association may be incorporated in respect of an evolving breed only if the Minister is satisfied that the requirements referred to in subsection (1) exist and that the creation, with genetic stability, of the new breed into which the animals of the evolving breed are intended to evolve is possible.</Text></Subsection></Section><Section><MarginalNote>Application to incorporate</MarginalNote><Label>7</Label><Subsection><Label>(1)</Label><Text>Subject to this Act, where five or more qualified persons desire to incorporate an association, they may make an application for that purpose by submitting articles of incorporation to the Minister.</Text></Subsection><Subsection><MarginalNote>Qualifications of applicants</MarginalNote><Label>(2)</Label><Text>A person is qualified to apply to form an association if the person is eighteen years of age or more and is a Canadian citizen or a permanent resident within the meaning of subsection 2(1) of the <XRefExternal reference-type="act">Immigration and Refugee Protection Act</XRefExternal>.</Text></Subsection><HistoricalNote>R.S., 1985, c. 8 (4th Supp.), s. 7; 2001, c. 27, s. 204.</HistoricalNote></Section><Section><MarginalNote>Contents of articles of incorporation</MarginalNote><Label>8</Label><Text>Articles of incorporation must</Text><Paragraph><Label>(a)</Label><Text>be in the prescribed form;</Text></Paragraph><Paragraph><Label>(b)</Label><Text>set out, in respect of the proposed association,</Text><Subparagraph><Label>(i)</Label><Text>the name of the association,</Text></Subparagraph><Subparagraph><Label>(ii)</Label><Text>the names and addresses of the persons submitting the articles of incorporation,</Text></Subparagraph><Subparagraph><Label>(iii)</Label><Text>the names and addresses of the first directors and officers of the association,</Text></Subparagraph><Subparagraph><Label>(iv)</Label><Text>the name of each distinct breed and evolving breed in respect of which the association is sought to be incorporated, and</Text></Subparagraph><Subparagraph><Label>(v)</Label><Text>where the application is in respect of an evolving breed, the physical description and genetic make-up of the new breed into which the animals of the evolving breed are intended to evolve; and</Text></Subparagraph></Paragraph><Paragraph><Label>(c)</Label><Text>be submitted in triplicate in the prescribed manner.</Text></Paragraph></Section><Section><MarginalNote>Certificate of incorporation</MarginalNote><Label>9</Label><Subsection><Label>(1)</Label><Text>Where the Minister is satisfied that the articles of incorporation of an association should be approved, the Minister shall issue a certificate of incorporation in respect thereof.</Text></Subsection><Subsection><MarginalNote>Endorsement</MarginalNote><Label>(2)</Label><Text>Where the Minister issues a certificate of incorporation, the Minister shall</Text><Paragraph><Label>(a)</Label><Text>cause to be endorsed on each copy of the articles of incorporation a statement attesting that a certificate of incorporation has been issued in respect thereof;</Text></Paragraph><Paragraph><Label>(b)</Label><Text>cause two copies of the endorsed articles of incorporation to be filed in the Department of Agriculture and Agri-Food;</Text></Paragraph><Paragraph><Label>(c)</Label><Text>cause the remaining copy of the endorsed articles of incorporation to be returned to the association; and</Text></Paragraph><Paragraph><Label>(d)</Label><Text>cause a notice of the issuance of the certificate of incorporation to be published in the <XRefExternal reference-type="other">Canada Gazette</XRefExternal>.</Text></Paragraph></Subsection><Subsection><MarginalNote>Effect of certificate</MarginalNote><Label>(3)</Label><Text>An association comes into existence on the date shown in its certificate of incorporation and the first directors and officers of the association are the directors and officers set out in the association’s articles of incorporation.</Text></Subsection><HistoricalNote>R.S., 1985, c. 8 (4th Supp.), s. 9; 1994, c. 38, s. 26.</HistoricalNote></Section><Heading level="1"><TitleText>Body Corporate</TitleText></Heading><Section><MarginalNote>Association is body corporate</MarginalNote><Label>10</Label><Text>Every association is a body corporate.</Text></Section><Heading level="1"><TitleText>Powers</TitleText></Heading><Section><MarginalNote>Powers</MarginalNote><Label>11</Label><Text>An association may do any act or thing necessary for, or incidental or conducive to, the carrying out of its purpose and business and affairs related thereto.</Text></Section><Section><MarginalNote>Ownership and borrowing powers</MarginalNote><Label>12</Label><Text>Without restricting the generality of section 11, an association may</Text><Paragraph><Label>(a)</Label><Text>acquire, hold and dispose of real, personal, movable and immovable property necessary for the carrying out of its business and affairs;</Text></Paragraph><Paragraph><Label>(b)</Label><Text>borrow money on the credit of the association and draw, make, accept, endorse and execute promissory notes, bills of exchange and other negotiable instruments necessary for carrying out its business and affairs; and</Text></Paragraph><Paragraph><Label>(c)</Label><Text>mortgage or hypothecate, or create any security interest in, all or any property of the association to secure any obligation of the association.</Text></Paragraph><HistoricalNote>R.S., 1985, c. 8 (4th Supp.), s. 12; 2001, c. 4, s. 56.</HistoricalNote></Section><Heading level="1"><TitleText>Use of Funds</TitleText></Heading><Section><MarginalNote>Use of funds</MarginalNote><Label>13</Label><Subsection><Label>(1)</Label><Text>An association may use its funds for any purpose calculated to advance the purpose of the association, including, without restricting the generality of the foregoing, using those funds for developing and promoting breed improvement programs, making grants to exhibitions and providing services to the breeders of the animals in respect of which the association has been incorporated.</Text></Subsection><Subsection><MarginalNote>Profits</MarginalNote><Label>(2)</Label><Text>Subject to any by-laws providing for the remuneration of its directors, officers and employees, and its agents or mandataries, all profits or accretions of value to the property of an association shall be used in furtherance of the purpose of the association, and no part of the property or profits of the association may be distributed, directly or indirectly, to any member of the association.</Text></Subsection><HistoricalNote>1985, c. 8 (4th Supp.), s. 13; 2004, c. 25, s. 2.</HistoricalNote></Section><Heading level="1"><TitleText>Liability</TitleText></Heading><Section><MarginalNote>Limited liability</MarginalNote><Label>14</Label><Subsection><Label>(1)</Label><Text>The financial liability of a member of an association to the creditors of the association is limited to the amount of any fees owing to the association by the member and to the amount due from the member in respect of any services provided to the member by the association.</Text></Subsection><Subsection><MarginalNote>Personal liability</MarginalNote><Label>(2)</Label><Text>No director, officer or employee of an association, or other person acting on behalf of an association, is personally liable for any act done in good faith in the exercise of any of that person’s powers or the performance of that person’s duties and functions or for any default or neglect in good faith in the exercise of any of that person’s powers or the performance of that person’s duties and functions.</Text></Subsection></Section><Heading level="1"><TitleText>By-laws</TitleText></Heading><Section><MarginalNote>Mandatory by-laws</MarginalNote><Label>15</Label><Subsection><Label>(1)</Label><Text>Every association incorporated under this Act shall, within one year after coming into existence, make by-laws</Text><Paragraph><Label>(a)</Label><Text>establishing requirements for membership in the association;</Text></Paragraph><Paragraph><Label>(b)</Label><Text>respecting the payment of dues by the members of the association and establishing the method of determining the amount thereof;</Text></Paragraph><Paragraph><Label>(c)</Label><Text>respecting the election, and the filling of vacancies, of directors and officers of the association and their powers, duties and functions;</Text></Paragraph><Paragraph><Label>(d)</Label><Text>respecting the time and place for the holding of general, annual and special meetings of the association, the calling of such meetings, the quorum for such meetings and the procedure for all business at such meetings;</Text></Paragraph><Paragraph><Label>(e)</Label><Text>respecting the consultation of the members of the association for the purpose of changing the association’s articles of incorporation, amalgamating with one or more other associations or dissolving the association;</Text></Paragraph><Paragraph><Label>(f)</Label><Text>respecting the making, amendment and repeal of the association’s by-laws;</Text></Paragraph><Paragraph><Label>(g)</Label><Text>respecting the place within Canada where the head office of the association is, and the places within Canada where the branch offices, if any, of the association are, to be situated;</Text></Paragraph><Paragraph><Label>(h)</Label><Text>fixing the fiscal year of the association;</Text></Paragraph><Paragraph><Label>(i)</Label><Text>respecting the keeping of the association’s articles of incorporation and the association’s by-laws, business records and books of accounts;</Text></Paragraph><Paragraph><Label>(j)</Label><Text>respecting the annual audit of the financial affairs of the association and the preparation of audited annual financial reports and statements of assets and liabilities;</Text></Paragraph><Paragraph><Label>(k)</Label><Text>establishing rules respecting the eligibility for the registration or identification, as the case may be, of animals by the association;</Text></Paragraph><Paragraph><Label>(l)</Label><Text>establishing the procedure to be followed in applications for the registration or identification, as the case may be, of animals by the association;</Text></Paragraph><Paragraph><Label>(m)</Label><Text>respecting the issuance of certificates of registration or certificates of identification, as the case may be, by the association and the amendment, transfer and cancellation of such certificates;</Text></Paragraph><Paragraph><Label>(n)</Label><Text>respecting the individual identification of animals registered or identified, as the case may be, by the association, the supervision of all practices in relation thereto and the manner in which unsatisfactory practices in relation thereto are to be dealt with;</Text></Paragraph><Paragraph><Label>(o)</Label><Text>respecting the keeping of pedigrees and breeding records by the association and its members and the inspection by the association of pedigrees and breeding records kept by its members;</Text></Paragraph><Paragraph><Label>(p)</Label><Text>respecting the recording of transfers of ownership of animals registered or identified, as the case may be, by the association;</Text></Paragraph><Paragraph><Label>(q)</Label><Text>respecting the payment of fees for certificates of registration and certificates of identification, as the case may be, for transfers of ownership and for all other services provided by the association, and establishing the method of determining the amount of those fees; and</Text></Paragraph><Paragraph><Label>(r)</Label><Text>for the administration and management of the business and affairs of the association.</Text></Paragraph></Subsection><Subsection><MarginalNote>By-laws generally</MarginalNote><Label>(2)</Label><Text>Notwithstanding subsection (1), an association may make any by-law necessary for the conduct of its business and affairs, including, without restricting the generality of the foregoing, by-laws</Text><Paragraph><Label>(a)</Label><Text>respecting the promotion and establishment of breed improvement programs;</Text></Paragraph><Paragraph><Label>(b)</Label><Text>respecting the inspection of animals as a prerequisite to their registration or identification, as the case may be, by the association;</Text></Paragraph><Paragraph><Label>(c)</Label><Text>respecting performance standards that animals must meet as a prerequisite to their registration or identification, as the case may be, by the association; and</Text></Paragraph><Paragraph><Label>(d)</Label><Text>respecting the resignation, suspension and expulsion of any member of the association.</Text></Paragraph></Subsection><Subsection><MarginalNote>Mandatory by-laws</MarginalNote><Label>(3)</Label><Text>Where an association keeps records of semen and embryos pursuant to section 33 and issues semen certificates and embryo certificates in respect thereof, the association shall do so only in accordance with its by-laws, and, for that purpose, the association shall make by-laws</Text><Paragraph><Label>(a)</Label><Text>respecting the recording and the individual identification of semen and embryos, the supervision of all practices in relation thereto and the manner in which unsatisfactory practices in relation thereto are to be dealt with;</Text></Paragraph><Paragraph><Label>(b)</Label><Text>respecting the issuance of semen certificates and embryo certificates, and the amendment, transfer and cancellation of those certificates; and</Text></Paragraph><Paragraph><Label>(c)</Label><Text>respecting the recording of transfers of ownership of semen and embryos by the association.</Text></Paragraph></Subsection></Section><Section><MarginalNote>When by-law has effect</MarginalNote><Label>16</Label><Subsection><Label>(1)</Label><Text>No by-law of an association and no amendment or repeal of any by-law of an association has any effect until it is approved by the Minister.</Text></Subsection><Subsection><MarginalNote>Application for approval</MarginalNote><Label>(2)</Label><Text>An application to the Minister for approval of a by-law or an amendment or repeal of a by-law must be accompanied by three copies of the proposed by-law, amendment or repeal.</Text></Subsection><Subsection><MarginalNote>Minister may require evidence</MarginalNote><Label>(3)</Label><Text>Where the making, amendment or repeal of any by-law of an association is, by reason of another by-law of the association, subject to any formality or requirement, the Minister may, before approving any by-law or any amendment or repeal of a by-law, require evidence by affidavit or statutory declaration that the formality or requirement in relation thereto has been complied with.</Text></Subsection><Subsection><MarginalNote>Certificate of by-law approval</MarginalNote><Label>(4)</Label><Text>Where the Minister approves a by-law or an amendment or repeal of a by-law, the Minister shall issue a certificate of by-law approval, or a certificate of by-law repeal, as the case may be, in respect thereof.</Text></Subsection></Section><Section><MarginalNote>Effect of by-laws</MarginalNote><Label>17</Label><Text>The by-laws of an association bind every member of the association.</Text></Section><Section><MarginalNote>Member’s right to inspect by-laws</MarginalNote><Label>18</Label><Text>The by-laws of an association shall, at all reasonable times, be made available to the members of the association for the purposes of inspection and making copies thereof.</Text></Section><Section><MarginalNote>No fine or penalty</MarginalNote><Label>19</Label><Subsection><Label>(1)</Label><Text>No by-law of an association may impose any fine or monetary penalty of any kind and no fine or monetary penalty of any kind may be imposed by an association in respect of any non-compliance with its by-laws.</Text></Subsection><Subsection><MarginalNote>Fees not fines</MarginalNote><Label>(2)</Label><Text>For the purposes of subsection (1), a fee referred to in paragraph 15(1)(q) is not a fine or a monetary penalty.</Text></Subsection></Section><Heading level="1"><TitleText>Amendment of Articles of Incorporation</TitleText></Heading><Section><MarginalNote>Amendment of articles of incorporation</MarginalNote><Label>20</Label><Subsection><Label>(1)</Label><Text>An association that desires to amend its articles of incorporation for one or more of the following purposes, namely,</Text><Paragraph><Label>(a)</Label><Text>to change the association’s name,</Text></Paragraph><Paragraph><Label>(b)</Label><Text>to add the name of a distinct breed or evolving breed in respect of which the association is to be authorized to register or identify the animals thereof or to delete the name of any distinct breed or evolving breed that the association is authorized to register or identify the animals thereof, or</Text></Paragraph><Paragraph><Label>(c)</Label><Text>where the association is incorporated in respect of an evolving breed, to transform the association into an association incorporated in respect of a distinct breed,</Text></Paragraph><ContinuedSectionSubsection><Text>may make an application for that purpose by submitting articles of amendment to the Minister.</Text></ContinuedSectionSubsection></Subsection><Subsection><MarginalNote>Contents of articles of amendment</MarginalNote><Label>(2)</Label><Text>Articles of amendment submitted pursuant to subsection (1) must</Text><Paragraph><Label>(a)</Label><Text>be in the prescribed form;</Text></Paragraph><Paragraph><Label>(b)</Label><Text>set out the proposed amendment;</Text></Paragraph><Paragraph><Label>(c)</Label><Text>contain a statutory declaration attesting that the members of the association have been consulted in writing in the prescribed manner in relation to the proposed amendment, that twenty-five per cent or more of the members have responded in writing to the consultation and that at least two thirds of the members who responded have approved the proposed amendment; and</Text></Paragraph><Paragraph><Label>(d)</Label><Text>be submitted in triplicate in the prescribed manner.</Text></Paragraph></Subsection><Subsection><MarginalNote>Proof required</MarginalNote><Label>(3)</Label><Text>Where the amendment proposed in articles of amendment is the addition of the name of a distinct breed or evolving breed in accordance with paragraph (1)(b), the articles of amendment must be accompanied by proof that the association represents the breeders throughout Canada of the animals of the distinct breed or evolving breed.</Text></Subsection></Section><Section><MarginalNote>Deletion for certain purposes</MarginalNote><Label>21</Label><Subsection><Label>(1)</Label><Text>Where an association is authorized to register or identify animals of more than one distinct breed or evolving breed, the association or one or more members of the association may submit articles of amendment to delete the name of the distinct breed or evolving breed from the association’s articles of incorporation,</Text><Paragraph><Label>(a)</Label><Text>to allow for the making of an application for incorporation in respect of one of the distinct breeds or evolving breeds; or</Text></Paragraph><Paragraph><Label>(b)</Label><Text>to enable another association to amend its articles of incorporation to add the name of one of the distinct breeds or evolving breeds.</Text></Paragraph></Subsection><Subsection><MarginalNote>Contents</MarginalNote><Label>(2)</Label><Text>Articles of amendment submitted pursuant to subsection (1) must</Text><Paragraph><Label>(a)</Label><Text>be in prescribed form;</Text></Paragraph><Paragraph><Label>(b)</Label><Text>set out the proposed amendment;</Text></Paragraph><Paragraph><Label>(c)</Label><Text>contain a statutory declaration attesting that the members of the association who are breeders of the distinct breed or evolving breed to which the proposed amendment relates have been consulted in writing in the prescribed manner in relation to the proposed amendment and that twenty-five per cent or more of those members have responded in writing to the consultation and that at least two thirds of the members who responded have approved the proposed amendment; and</Text></Paragraph><Paragraph><Label>(d)</Label><Text>be submitted in the prescribed manner.</Text></Paragraph></Subsection><Subsection><MarginalNote>Minister may determine entitlement</MarginalNote><Label>(3)</Label><Text>Where there is any dispute as to who is entitled to be consulted in relation to articles of amendment submitted pursuant to subsection (1), any member of the association may request that the Minister make a determination thereof and any determination of the Minister is final and binding on all concerned.</Text></Subsection></Section><Section><MarginalNote>Other documents must accompany</MarginalNote><Label>22</Label><Text>The Minister shall consider articles of amendment submitted pursuant to section 21 only if the articles of amendment are accompanied by</Text><Paragraph><Label>(a)</Label><Text>an application for incorporation in respect of the distinct breed or evolving breed to which the articles of amendment relate, or</Text></Paragraph><Paragraph><Label>(b)</Label><Text>articles of amendment to add the name of the distinct breed or evolving breed to which the articles of amendment relate to another association’s articles of incorporation</Text></Paragraph><ContinuedSectionSubsection><Text>and the Minister may approve the articles of amendment only if the Minister is satisfied that the application for incorporation or the other association’s articles of amendment should also be approved.</Text></ContinuedSectionSubsection></Section><Section><MarginalNote>Certificate of amendment</MarginalNote><Label>23</Label><Subsection><Label>(1)</Label><Text>Where the Minister is satisfied that articles of amendment should be approved, the Minister shall issue a certificate of amendment in respect thereof.</Text></Subsection><Subsection><MarginalNote>Endorsement</MarginalNote><Label>(2)</Label><Text>Where the Minister issues a certificate of amendment, the Minister shall cause</Text><Paragraph><Label>(a)</Label><Text>to be endorsed on each copy of the articles of amendment a statement attesting that a certificate of amendment has been issued in respect thereof;</Text></Paragraph><Paragraph><Label>(b)</Label><Text>two copies of the endorsed articles of amendment to be filed in the Department of Agriculture and Agri-Food;</Text></Paragraph><Paragraph><Label>(c)</Label><Text>the remaining copy of the endorsed articles of amendment to be returned to the association; and</Text></Paragraph><Paragraph><Label>(d)</Label><Text>a notice of the issuance of the certificate of amendment to be published in the <XRefExternal reference-type="other">Canada Gazette</XRefExternal>.</Text></Paragraph></Subsection><Subsection><MarginalNote>Effect of certificate</MarginalNote><Label>(3)</Label><Text>An amendment is effective on the date shown in the certificate of amendment and the articles of incorporation of the association are amended accordingly.</Text></Subsection><HistoricalNote>R.S., 1985, c. 8 (4th Supp.), s. 23; 1994, c. 38, s. 26.</HistoricalNote></Section><Section><MarginalNote>Association liable for debts</MarginalNote><Label>24</Label><Subsection><Label>(1)</Label><Text>Where articles of amendment are submitted pursuant to section 21 and a certificate of amendment is issued in respect thereof along with a certificate of incorporation in respect of the association established as a result of the application for incorporation referred to in paragraph 21(1)(a) or a certificate of amendment in respect of an association referred to in paragraph 21(1)(b), that association is liable for and shall, within one year after the effective date of the certificate of incorporation or certificate of amendment, pay to the association from whose articles of incorporation the name of the distinct breed or evolving breed was deleted an amount equal to the amount of that association’s total debts as of the day the certificate of amendment pertaining to the deletion becomes effective multiplied by the proportion that</Text><Paragraph><Label>(a)</Label><Text>the total number of registrations or identifications made by that association in relation to animals of the deleted distinct breed or evolving breed in the immediately preceding three years</Text></Paragraph><ContinuedSectionSubsection><Text>bears to</Text></ContinuedSectionSubsection><Paragraph><Label>(b)</Label><Text>the total number of registrations and identifications made by that association in the immediately preceding three years.</Text></Paragraph></Subsection><Subsection><MarginalNote>Minister may determine debts</MarginalNote><Label>(2)</Label><Text>Where no agreement can be reached as to the amount of the debts or the number of registrations and identifications,</Text><Paragraph><Label>(a)</Label><Text>any member of the association from whose articles of incorporation the name of the distinct breed or evolving breed is to be deleted,</Text></Paragraph><Paragraph><Label>(b)</Label><Text>any applicant in relation to the proposed new association, and</Text></Paragraph><Paragraph><Label>(c)</Label><Text>any member of the association to whose articles of incorporation the name of the distinct breed or evolving breed is to be added</Text></Paragraph><ContinuedSectionSubsection><Text>may request that the Minister make a determination thereof and any determination of the Minister is final and binding on all concerned.</Text></ContinuedSectionSubsection></Subsection></Section><Heading level="1"><TitleText>Amalgamations</TitleText></Heading><Section><MarginalNote>Amalgamation of associations</MarginalNote><Label>25</Label><Subsection><Label>(1)</Label><Text>Two or more associations that desire to amalgamate and continue as one association may make an application for that purpose by submitting articles of amalgamation to the Minister.</Text></Subsection><Subsection><MarginalNote>Contents of articles of amalgamation</MarginalNote><Label>(2)</Label><Text>Articles of amalgamation must</Text><Paragraph><Label>(a)</Label><Text>set out the names of the associations that desire to amalgamate;</Text></Paragraph><Paragraph><Label>(b)</Label><Text>be in the prescribed form;</Text></Paragraph><Paragraph><Label>(c)</Label><Text>set out, in respect of the proposed amalgamated association,</Text><Subparagraph><Label>(i)</Label><Text>the name of the association,</Text></Subparagraph><Subparagraph><Label>(ii)</Label><Text>the name of every distinct breed and evolving breed in respect of which the association is deemed to be incorporated, and</Text></Subparagraph><Subparagraph><Label>(iii)</Label><Text>the association’s proposed by-laws in respect of the matters referred to in paragraphs 15(1)(a) to (q);</Text></Subparagraph></Paragraph><Paragraph><Label>(d)</Label><Text>contain a statutory declaration attesting that the members of each of the associations that desire to amalgamate have been consulted in writing in the prescribed manner in relation to the proposed amalgamation and that, with respect to each association, twenty-five per cent or more of the members have responded in writing to the consultation and that at least two thirds of the members who responded have approved the proposed amalgamation; and</Text></Paragraph><Paragraph><Label>(e)</Label><Text>be submitted in triplicate in the prescribed manner.</Text></Paragraph></Subsection><Subsection><MarginalNote>Attached declarations</MarginalNote><Label>(3)</Label><Text>Articles of amalgamation submitted to the Minister must be accompanied by a sworn statutory declaration by a director of each amalgamating association stating that the director believes on reasonable grounds</Text><Paragraph><Label>(a)</Label><Text>that the value of the assets of the director’s association exceeds the value of the association’s liabilities;</Text></Paragraph><Paragraph><Label>(b)</Label><Text>that no creditor of the director’s association will be prejudiced by the amalgamation; and</Text></Paragraph><Paragraph><Label>(c)</Label><Text>that adequate notice of the proposed amalgamation has been given to all known creditors of the director’s association and that no creditor objects to the amalgamation for other than frivolous or vexatious grounds.</Text></Paragraph></Subsection><Subsection><MarginalNote>Adequate notice</MarginalNote><Label>(4)</Label><Text>For the purposes of paragraph (3)(c), adequate notice of a proposed amalgamation is given if a notice stating that an association intends to amalgamate with one or more specified associations and that creditors of the association may object to the amalgamation by filing an objection in writing with the association within thirty days after the date of the notice is</Text><Paragraph><Label>(a)</Label><Text>sent to each known creditor of the association whose claim against the association exceeds one thousand dollars; and</Text></Paragraph><Paragraph><Label>(b)</Label><Text>published once in a newspaper published or distributed in the place where the head office of the association is situated.</Text></Paragraph></Subsection><Subsection><MarginalNote>Certificate of amalgamation</MarginalNote><Label>(5)</Label><Text>Where the Minister is satisfied that articles of amalgamation should be approved, the Minister shall issue a certificate of amalgamation in respect thereof.</Text></Subsection><Subsection><MarginalNote>Endorsement</MarginalNote><Label>(6)</Label><Text>Where the Minister issues a certificate of amalgamation, the Minister shall</Text><Paragraph><Label>(a)</Label><Text>cause to be endorsed on each copy of the articles of amalgamation a statement attesting that a certificate of amalgamation has been issued in respect thereof;</Text></Paragraph><Paragraph><Label>(b)</Label><Text>cause two copies of the endorsed articles of amalgamation to be filed in the Department of Agriculture and Agri-Food;</Text></Paragraph><Paragraph><Label>(c)</Label><Text>cause the remaining copy of the endorsed articles of amalgamation to be returned to the amalgamated association; and</Text></Paragraph><Paragraph><Label>(d)</Label><Text>cause a notice of the issuance of the certificate of amalgamation to be published in the <XRefExternal reference-type="other">Canada Gazette</XRefExternal>.</Text></Paragraph></Subsection><Subsection><MarginalNote>Effect of certificate</MarginalNote><Label>(7)</Label><Text>On the date shown in a certificate of amalgamation</Text><Paragraph><Label>(a)</Label><Text>the amalgamation of the amalgamating associations becomes effective and the amalgamated association comes into existence;</Text></Paragraph><Paragraph><Label>(b)</Label><Text>the property of each amalgamating association becomes the property of the amalgamated association;</Text></Paragraph><Paragraph><Label>(c)</Label><Text>the amalgamated association is liable for the obligations of each amalgamating association;</Text></Paragraph><Paragraph><Label>(d)</Label><Text>every existing cause of action, claim or liability to prosecution of or against an amalgamating association is unaffected;</Text></Paragraph><Paragraph><Label>(e)</Label><Text>every civil, criminal or administrative action or proceeding pending by or against an amalgamating association may be prosecuted by or against the amalgamated association; and</Text></Paragraph><Paragraph><Label>(f)</Label><Text>a conviction against, or ruling, order or judgment in favour of or against, an amalgamating association may be enforced by or against the amalgamated association.</Text></Paragraph></Subsection><HistoricalNote>R.S., 1985, c. 8 (4th Supp.), s. 25; 1994, c. 38, s. 26.</HistoricalNote></Section><Section><MarginalNote>Deemed articles</MarginalNote><Label>26</Label><Text>For the purposes of this Act, the articles of amalgamation in respect of which a certificate of amalgamation has been issued shall be deemed to constitute the amalgamated association’s articles of incorporation.</Text></Section><Heading level="1"><TitleText>Registration</TitleText></Heading><Section><MarginalNote>Registration</MarginalNote><Label>27</Label><Text>The registration of animals of a distinct breed shall be in accordance with the by-laws of the association incorporated in respect of that distinct breed.</Text></Section><Section><MarginalNote>Eligibility for registration</MarginalNote><Label>28</Label><Text>The by-laws of an association relating to the registration of animals of a distinct breed by the association may only provide for the registration of animals whose inheritance traces back to the foundation stock of the distinct breed.</Text></Section><Section><MarginalNote>Certificates of registration</MarginalNote><Label>29</Label><Subsection><Label>(1)</Label><Text>An association that registers an animal may issue a certificate of registration to evidence the registration.</Text></Subsection><Subsection><MarginalNote>Certificate is proof</MarginalNote><Label>(2)</Label><Text>Unless cancelled, and in the absence of any proof to the contrary, a certificate of registration in respect of an animal named therein is proof that the animal is of the breed referred to in the certificate.</Text></Subsection><Subsection><MarginalNote>Form and contents of certificates of registration</MarginalNote><Label>(3)</Label><Text>A certificate of registration issued by an association shall be in such form and contain such information as the association requires by its by-laws, but every certificate of registration must set out</Text><Paragraph><Label>(a)</Label><Text>the name of the association;</Text></Paragraph><Paragraph><Label>(b)</Label><Text>the animal’s name and particulars of the animal’s individual identification;</Text></Paragraph><Paragraph><Label>(c)</Label><Text>the animal’s date of birth, sex and registration number;</Text></Paragraph><Paragraph><Label>(d)</Label><Text>the names and registration numbers of the animal’s parents or, if the name and registration number of one of the parents are unknown, a statement to that effect; and</Text></Paragraph><Paragraph><Label>(e)</Label><Text>the name of the animal’s owner.</Text></Paragraph></Subsection><Subsection><MarginalNote>Additional information</MarginalNote><Label>(4)</Label><Text>In addition to the information referred to in subsection (3), a certificate of registration issued by an association in respect of an animal of a distinct breed for which purebred is defined in the association’s by-laws must also set out the following information:</Text><Paragraph><Label>(a)</Label><Text>if the animal is a purebred, a statement to that effect; and</Text></Paragraph><Paragraph><Label>(b)</Label><Text>if the animal is other than a purebred, its percentage of purebred inheritance.</Text></Paragraph></Subsection></Section><Heading level="1"><TitleText>Purebred Status</TitleText></Heading><Section><MarginalNote>Purebred status</MarginalNote><Label>30</Label><Subsection><Label>(1)</Label><Text>Subject to subsection (2), the determination of what is a purebred of a distinct breed shall be in accordance with the by-laws of the association incorporated in respect of that distinct breed.</Text></Subsection><Subsection><MarginalNote>Minimum inheritance</MarginalNote><Label>(2)</Label><Text>No association may, by its by-laws, determine that an animal is a purebred of a distinct breed if the animal has less than seven-eighths of its inheritance from the foundation stock of the animal’s breed or from animals previously registered as purebreds by the association.</Text></Subsection></Section><Heading level="1"><TitleText>Identification</TitleText></Heading><Section><MarginalNote>Identification</MarginalNote><Label>31</Label><Text>The identification of animals of an evolving breed shall be in accordance with the by-laws of the association incorporated in respect of that evolving breed.</Text></Section><Section><MarginalNote>Certificates of identification</MarginalNote><Label>32</Label><Subsection><Label>(1)</Label><Text>An association that identifies an animal may issue a certificate of identification to evidence the identification.</Text></Subsection><Subsection><MarginalNote>Certificate is proof</MarginalNote><Label>(2)</Label><Text>Unless cancelled, and in the absence of any proof to the contrary, a certificate of identification in respect of an animal named therein is proof that the animal is in the process of evolving into a new breed as an animal of the evolving breed referred to in the certificate.</Text></Subsection><Subsection><MarginalNote>Form and contents of certificates of identification</MarginalNote><Label>(3)</Label><Text>A certificate of identification issued by an association in respect of an animal shall be in such form and contain such information as the association requires by its by-laws, but every certificate of identification must set out</Text><Paragraph><Label>(a)</Label><Text>the name of the association;</Text></Paragraph><Paragraph><Label>(b)</Label><Text>the animal’s name and particulars of the animal’s individual identification;</Text></Paragraph><Paragraph><Label>(c)</Label><Text>the animal’s date of birth, sex and identification number;</Text></Paragraph><Paragraph><Label>(d)</Label><Text>the names and identification numbers of the animal’s parents, if known, or, if unknown, a statement to that effect; and</Text></Paragraph><Paragraph><Label>(e)</Label><Text>the name of the animal’s owner.</Text></Paragraph></Subsection></Section><Heading level="1"><TitleText>Semen and Embryos</TitleText></Heading><Section><MarginalNote>Semen and embryos</MarginalNote><Label>33</Label><Subsection><Label>(1)</Label><Text>An association may keep records of semen and records of embryos in respect of the animals of any distinct breed or evolving breed it is authorized to register or identify.</Text></Subsection><Subsection><MarginalNote>Semen certificates and embryo certificates</MarginalNote><Label>(2)</Label><Text>An association that keeps records of semen and records of embryos may, with respect to any semen or embryo recorded by it, issue a semen certificate or an embryo certificate, as the case may be, to evidence the recording.</Text></Subsection><Subsection><MarginalNote>Form and contents of semen certificates and embryo certificates</MarginalNote><Label>(3)</Label><Text>A semen certificate and an embryo certificate issued by an association in respect of semen or an embryo shall be in such form and contain such information as the association requires by its by-laws, but every certificate must set out</Text><Paragraph><Label>(a)</Label><Text>the name of the association; and</Text></Paragraph><Paragraph><Label>(b)</Label><Text>the name of the owner of the semen or embryo.</Text></Paragraph></Subsection></Section><Heading level="1"><TitleText>Recognition of New Breeds</TitleText></Heading><Section><MarginalNote>Request for recognition of new breed</MarginalNote><Label>34</Label><Subsection><Label>(1)</Label><Text>Where an association incorporated in respect of an evolving breed determines that animals it has identified have evolved to the point of constituting the new breed into which they were intended to evolve, the association may request that the Minister examine the animals with a view to recognizing the new breed.</Text></Subsection><Subsection><MarginalNote>Articles of amendment</MarginalNote><Label>(2)</Label><Text>Any association making a request under subsection (1) may, at the time of making the request or at any time thereafter, file with the Minister articles of amendment to transform the association into an association incorporated in respect of the new breed to which the request relates.</Text></Subsection><Subsection><MarginalNote>Recognition</MarginalNote><Label>(3)</Label><Text>Where the Minister is satisfied that the animals that are the subject of a request under subsection (1) have evolved into the new breed and that there are sufficient numbers of such animals to constitute the foundation stock of the new breed, the Minister may recognize the new breed and, if articles of amendment referred to in subsection (2) have been filed, issue a certificate of amendment in respect thereof.</Text></Subsection><Subsection><MarginalNote>Minister must be satisfied</MarginalNote><Label>(4)</Label><Text>In determining whether animals have evolved into a new breed the Minister must be satisfied that the animals bear a physical resemblance to and have the same genetic make-up as the breed into which the animals were intended to evolve, and that the animals have been reproducing with genetic stability.</Text></Subsection><Subsection><MarginalNote>Association may continue to identify animals</MarginalNote><Label>(5)</Label><Text>Notwithstanding that a certificate of amendment has been issued to an association in respect of articles of amendment referred to in subsection (2), the Minister may, for such period as the Minister may specify, authorize the association to continue to identify animals for the purposes of adding, subject to the Minister’s approval, to the new breed’s foundation stock.</Text></Subsection></Section><Heading level="1"><TitleText>Canadian Livestock Records Corporation</TitleText></Heading><Heading level="2"><TitleText>Corporation Established</TitleText></Heading><Section><MarginalNote>Corporation established</MarginalNote><Label>35</Label><Subsection><Label>(1)</Label><Text>There is hereby established a corporation to be known as the Canadian Livestock Records Corporation.</Text></Subsection><Subsection><MarginalNote>Corporation is successor to the CNLSR</MarginalNote><Label>(2)</Label><Text>The Corporation is the successor to the affiliation known as the Canadian National Live Stock Records and all the rights and obligations of the Canadian National Live Stock Records are the rights and obligations of the Corporation.</Text></Subsection><Subsection><MarginalNote>Not agent of Her Majesty</MarginalNote><Label>(3)</Label><Text>The Corporation is not an agent of Her Majesty.</Text></Subsection><Subsection><MarginalNote>Head office</MarginalNote><Label>(4)</Label><Text>The head office of the Corporation shall be at such place in Canada as may be designated in the by-laws of the Corporation.</Text></Subsection></Section><Heading level="2"><TitleText>Purpose</TitleText></Heading><Section><MarginalNote>Purpose</MarginalNote><Label>36</Label><Text>The purpose of the Corporation is to perform services for and on behalf of</Text><Paragraph><Label>(a)</Label><Text>the members of the Corporation; and</Text></Paragraph><Paragraph><Label>(b)</Label><Text>subject to section 51, breeders and owners of animals of any distinct breed or evolving breed in respect of which there is no association.</Text></Paragraph></Section><Heading level="2"><TitleText>Powers</TitleText></Heading><Section><MarginalNote>Powers</MarginalNote><Label>37</Label><Text>The Corporation may do any act or thing necessary for, or incidental or conducive to, the carrying out of its purpose and business and affairs related thereto and, without restricting the generality of the foregoing, the Corporation may, including with respect to animals of any distinct breed or evolving breed in respect of which there is no association,</Text><Paragraph><Label>(a)</Label><Text>keep pedigrees and other records;</Text></Paragraph><Paragraph><Label>(b)</Label><Text>issue certificates of registration, certificates of identification, embryo certificates, semen certificates and transfers of ownership in respect thereof; and</Text></Paragraph><Paragraph><Label>(c)</Label><Text>do anything that any association under this Act may lawfully do.</Text></Paragraph></Section><Section><MarginalNote>Ownership and borrowing powers</MarginalNote><Label>38</Label><Text>Without restricting the generality of section 37, the Corporation may</Text><Paragraph><Label>(a)</Label><Text>acquire, hold and dispose of real, personal, movable and immovable property necessary for the carrying out of its business and affairs;</Text></Paragraph><Paragraph><Label>(b)</Label><Text>borrow money on the credit of the Corporation and draw, make, accept, endorse and execute promissory notes, bills of exchange and other negotiable instruments necessary for the carrying out of its business and affairs; and</Text></Paragraph><Paragraph><Label>(c)</Label><Text>mortgage or hypothecate, or create any security interest in, all or any property of the Corporation to secure any obligation of the Corporation.</Text></Paragraph><HistoricalNote>R.S., 1985, c. 8 (4th Supp.), s. 38; 2001, c. 4, s. 57.</HistoricalNote></Section><Heading level="2"><TitleText>Use of Funds</TitleText></Heading><Section><MarginalNote>Use of funds</MarginalNote><Label>39</Label><Subsection><Label>(1)</Label><Text>The Corporation may use the funds of the Corporation for any purpose calculated to advance the purpose of the Corporation.</Text></Subsection><Subsection><MarginalNote>Profits</MarginalNote><Label>(2)</Label><Text>Subject to any by-laws providing for the remuneration of the Corporation’s directors, officers and employees, and its agents or mandataries, all profits or accretions of value to the property of the Corporation shall be used in furtherance of the purpose of the Corporation, and no part of the property or profits of the Corporation may be distributed, directly or indirectly, to any member of the Corporation.</Text></Subsection><HistoricalNote>1985, c. 8 (4th Supp.), s. 39; 2004, c. 25, s. 3.</HistoricalNote></Section><Heading level="2"><TitleText>Board of Directors</TitleText></Heading><Section><MarginalNote>Board of Directors</MarginalNote><Label>40</Label><Subsection><Label>(1)</Label><Text>There shall be a Board of Directors of the Corporation consisting of seven directors, six of whom are to be elected by the members of the Corporation and one of whom is to be appointed by the Minister to represent the interests of the Minister and breeders and owners of animals of any distinct breed or evolving breed in respect of which there is no association.</Text></Subsection><Subsection><MarginalNote>Eligibility</MarginalNote><Label>(2)</Label><Text>Only a Canadian citizen ordinarily resident in Canada or a permanent resident within the meaning of subsection 2(1) of the <XRefExternal reference-type="act">Immigration and Refugee Protection Act</XRefExternal> may be a director of the Corporation.</Text></Subsection><Subsection><MarginalNote>Term of office</MarginalNote><Label>(3)</Label><Text>The term of office of a director elected by the members of the Corporation is two years, except that at the first election of directors, three of the directors shall be elected for a term of one year.</Text></Subsection><Subsection><MarginalNote>Re-election</MarginalNote><Label>(4)</Label><Text>A director elected by the members of the Corporation and whose term of office has expired is eligible for re-election.</Text></Subsection><Subsection><MarginalNote>First directors</MarginalNote><Label>(5)</Label><Text>The first members of the Board of Directors of the Corporation shall be the members of the Canadian National Live Stock Records Committee immediately prior to the coming into force of this Act and terms of office shall expire when members of the Board of Directors of the Corporation are appointed at the first meeting of the members of the Corporation.</Text></Subsection><Subsection><MarginalNote>Re-election</MarginalNote><Label>(6)</Label><Text>A member of the Board of Directors referred to in subsection (5) is eligible for reelection at the meeting referred to in that subsection.</Text></Subsection><Subsection><MarginalNote>First meeting</MarginalNote><Label>(7)</Label><Text>The first meeting of the members of the Corporation shall be held as soon as possible after the day this Act comes into force, but not later than one year after that day, for the purpose of electing directors in accordance with subsection (1) and for such other purpose as the members consider appropriate.</Text></Subsection><HistoricalNote>R.S., 1985, c. 8 (4th Supp.), s. 40; 2001, c. 27, s. 205.</HistoricalNote></Section><Section><MarginalNote>Chairman</MarginalNote><Label>41</Label><Text>The Board shall elect a Chairman from among the directors.</Text></Section><Section><MarginalNote>Duties and powers of Board</MarginalNote><Label>42</Label><Text>The Board shall direct and manage the business and affairs of the Corporation and may for those purposes exercise all the powers of the Corporation.</Text></Section><Heading level="2"><TitleText>By-laws</TitleText></Heading><Section><MarginalNote>By-laws</MarginalNote><Label>43</Label><Subsection><Label>(1)</Label><Text>The Board shall make by-laws</Text><Paragraph><Label>(a)</Label><Text>for the administration and management of the business and affairs of the Corporation;</Text></Paragraph><Paragraph><Label>(b)</Label><Text>respecting the holding of meetings of the Board, the quorum at such meetings and the manner in which questions considered at such meetings shall be determined;</Text></Paragraph><Paragraph><Label>(c)</Label><Text>respecting the holding of general and special meetings of the members of the Corporation, the quorum at such meetings and the manner in which questions considered at such meetings shall be determined;</Text></Paragraph><Paragraph><Label>(d)</Label><Text>respecting the appointment, remuneration, powers, functions and duties of employees, and agents or mandataries, of the Corporation;</Text></Paragraph><Paragraph><Label>(e)</Label><Text>respecting the payment of fees for services performed by the Corporation and establishing the method of determining the amount of those fees; and</Text></Paragraph><Paragraph><Label>(f)</Label><Text>for the conduct in all other particulars of the business and affairs of the Corporation.</Text></Paragraph></Subsection><Subsection><MarginalNote>When by-law has effect</MarginalNote><Label>(2)</Label><Text>No by-law of the Corporation has any effect until it is approved by the Minister.</Text></Subsection><HistoricalNote>1985, c. 8 (4th Supp.), s. 43; 2004, c. 25, s. 4.</HistoricalNote></Section><Heading level="2"><TitleText>General Manager</TitleText></Heading><Section><MarginalNote>General Manager</MarginalNote><Label>44</Label><Subsection><Label>(1)</Label><Text>The Board shall appoint a General Manager of the Corporation.</Text></Subsection><Subsection><MarginalNote>Duties</MarginalNote><Label>(2)</Label><Text>The General Manager of the Corporation has, on behalf of the Board, responsibility for the direction and management of the business and affairs of the Corporation, and authority to act in all matters that are not by the by-laws or by resolution of the Board specifically reserved to be done by the Chairman of the Board or the Board itself.</Text></Subsection></Section><Heading level="2"><TitleText>Members</TitleText></Heading><Section><MarginalNote>Membership eligibility</MarginalNote><Label>45</Label><Subsection><Label>(1)</Label><Text>Only an association may be a member of the Corporation and every association is eligible to be a member.</Text></Subsection><Subsection><MarginalNote>First members</MarginalNote><Label>(2)</Label><Text>The first members of the Corporation are the associations affiliated under the Canadian National Live Stock Records immediately before the coming into force of this Act.</Text></Subsection></Section><Heading level="2"><TitleText>Voting</TitleText></Heading><Section><MarginalNote>Number of votes</MarginalNote><Label>46</Label><Text>Each association that is a member of the Corporation shall, for all purposes, have voting rights as follows:</Text><Paragraph><Label>(a)</Label><Text>where the association has two hundred members or less, one vote;</Text></Paragraph><Paragraph><Label>(b)</Label><Text>where the association has more than two hundred members but not more than five hundred members, two votes;</Text></Paragraph><Paragraph><Label>(c)</Label><Text>where the association has more than five hundred members but not more than one thousand members, three votes;</Text></Paragraph><Paragraph><Label>(d)</Label><Text>where the association has more than one thousand members but not more than one thousand five hundred members, four votes; and</Text></Paragraph><Paragraph><Label>(e)</Label><Text>where the association has more than one thousand five hundred members, five votes.</Text></Paragraph></Section><Section><MarginalNote>Election of directors</MarginalNote><Label>47</Label><Subsection><Label>(1)</Label><Text>The candidates for directors to be elected by the members of the Corporation shall be the persons nominated therefor by the members of the Corporation and the elected directors shall be those nominated persons who receive the largest number of votes.</Text></Subsection><Subsection><MarginalNote>Distribution of votes</MarginalNote><Label>(2)</Label><Text>For the purpose of electing directors, a member of the Corporation with more than one vote may cast its votes in favour of one candidate or distribute them among the candidates in any manner.</Text></Subsection></Section><Heading level="2"><TitleText>Termination of Membership</TitleText></Heading><Section><MarginalNote>Termination of membership</MarginalNote><Label>48</Label><Subsection><Label>(1)</Label><Text>An association shall cease to be a member of the Corporation if</Text><Paragraph><Label>(a)</Label><Text>the association gives the Corporation notice of its intention to cease being a member at least ninety days prior to the effective date thereof or such longer notice as the by-laws of the Corporation may require; and</Text></Paragraph><Paragraph><Label>(b)</Label><Text>the association has no outstanding debt owing to the Corporation.</Text></Paragraph></Subsection><Subsection><MarginalNote>Records to be returned</MarginalNote><Label>(2)</Label><Text>Where an association ceases to be a member of the Corporation, the Corporation shall, on request therefor, provide the association with all of the Corporation’s records relating to that association.</Text></Subsection></Section><Heading level="2"><TitleText>Annual Meeting</TitleText></Heading><Section><MarginalNote>Annual meeting</MarginalNote><Label>49</Label><Text>The members of the Corporation shall meet at least once a year.</Text></Section><Heading level="2"><TitleText>Liability</TitleText></Heading><Section><MarginalNote>Personal liability</MarginalNote><Label>50</Label><Text>No member of the Board, General Manager of the Corporation or officer or employee of the Corporation, or other person acting on behalf of the Corporation, is personally liable for any act done in good faith in the exercise of any of that person’s powers or the performance of that person’s duties and functions or for any default or neglect in good faith in the exercise of any of that person’s powers or the performance of that person’s duties and functions.</Text></Section><Heading level="2"><TitleText>General Stud and Herd Book</TitleText></Heading><Section><MarginalNote>General Stud and Herd Book</MarginalNote><Label>51</Label><Subsection><Label>(1)</Label><Text>The Minister may</Text><Paragraph><Label>(a)</Label><Text>authorize the Corporation to exercise the powers referred to in section 37 in relation to such distinct breeds and evolving breeds as the Minister, applying scientific genetic principles, may designate and for which there is no association;</Text></Paragraph><Paragraph><Label>(b)</Label><Text>authorize the Corporation to establish a General Stud and Herd Book for the keeping of pedigree records of the distinct breeds and evolving breeds referred to in paragraph (a); and</Text></Paragraph><Paragraph><Label>(c)</Label><Text>establish rules of eligibility for registration and identification of animals in the General Stud and Herd Book.</Text></Paragraph></Subsection><Subsection><MarginalNote>Records to be handed over</MarginalNote><Label>(2)</Label><Text>On the incorporation of an association in respect of a distinct breed or evolving breed referred to in subsection (1), the Corporation shall hand over to the association all records that have been kept in relation thereto.</Text></Subsection></Section><Heading level="1"><TitleText>Administration</TitleText></Heading><Section><MarginalNote>Inspections</MarginalNote><Label>52</Label><Subsection><Label>(1)</Label><Text>The Minister may, at any time, undertake such inspections and examinations of the business and affairs of any association, or of the Corporation, as the Minister deems appropriate, including, without restricting the generality of the foregoing, inspections into and examinations of</Text><Paragraph><Label>(a)</Label><Text>the manner in which the registration or identification, as the case may be, of animals is carried out by any association or by the Corporation;</Text></Paragraph><Paragraph><Label>(b)</Label><Text>the manner in which the individual identification of animals is carried out and supervised by any association or by the Corporation; and</Text></Paragraph><Paragraph><Label>(c)</Label><Text>the private breeding records of any member of an association.</Text></Paragraph></Subsection><Subsection><MarginalNote>Right to require information and documents</MarginalNote><Label>(2)</Label><Text>In the course of an inspection or examination pursuant to subsection (1), the Minister may require any person</Text><Paragraph><Label>(a)</Label><Text>to furnish any information that, in the opinion of the Minister, the person may be able to furnish in relation to the matter being inspected or examined; and</Text></Paragraph><Paragraph><Label>(b)</Label><Text>to produce, for examination by the Minister, any document, paper or thing that, in the opinion of the Minister, relates to the matter being inspected or examined and that may be in the possession or under the control of that person.</Text></Paragraph></Subsection><Subsection><MarginalNote>Return of document, etc.</MarginalNote><Label>(3)</Label><Text>Any document, paper or thing produced by any person pursuant to this section shall be returned to that person by the Minister within ten days after a request is made to the Minister by that person, but nothing in this section precludes the Minister from again requiring its production in accordance with this section.</Text></Subsection><Subsection><MarginalNote>Right to make copies</MarginalNote><Label>(4)</Label><Text>The Minister may make copies of any document, paper or thing produced pursuant to this section.</Text></Subsection><Subsection><MarginalNote>Right to enter</MarginalNote><Label>(5)</Label><Text>For the purposes of this section, the Minister may, at any reasonable time, enter any premises occupied by any association or by the Corporation and carry out therein an inspection or examination.</Text></Subsection><Subsection><MarginalNote>Warrant required to enter dwelling-house</MarginalNote><Label>(6)</Label><Text>Where the premises referred to in subsection (5) are a dwelling-house, the Minister or any person acting on the Minister’s behalf may not enter that dwelling-house without the consent of the occupant except under the authority of a warrant issued under subsection (7).</Text></Subsection><Subsection><MarginalNote>Authority to issue warrant</MarginalNote><Label>(7)</Label><Text>Where on <Language xml:lang="la">ex parte</Language> application a justice of the peace is satisfied by information on oath</Text><Paragraph><Label>(a)</Label><Text>that entry to the dwelling-house is necessary for any purpose related to the carrying out of an inspection or examination, and</Text></Paragraph><Paragraph><Label>(b)</Label><Text>that entry to the dwelling-house has been refused or that there are reasonable grounds for believing that entry thereto will be refused,</Text></Paragraph><ContinuedSectionSubsection><Text>the justice may issue a warrant under the justice’s hand authorizing the Minister or a person acting on the Minister’s behalf and named therein to enter that dwelling-house subject to such conditions as may be specified in the warrant.</Text></ContinuedSectionSubsection></Subsection></Section><Section><MarginalNote>Inquiries</MarginalNote><Label>53</Label><Text>The Minister may appoint a person to hold an inquiry into the manner in which any association is or has been conducting its business, and every person so appointed has, for the purposes of the inquiry, all the powers of a commissioner under Part I of the <XRefExternal reference-type="act">Inquiries Act</XRefExternal>.</Text></Section><Section><MarginalNote>Powers of Minister</MarginalNote><Label>54</Label><Text>On the conclusion of an inspection or examination pursuant to section 52 or an inquiry under section 53, the Minister may take, or may, by order, direct any association or the Corporation to take, such action as the Minister considers necessary.</Text></Section><Section><MarginalNote>Directions to associations</MarginalNote><Label>55</Label><Text>On being satisfied that an association has for any period failed to conduct its business and affairs in accordance with the provisions of its by-laws or this Act, or has failed for a period of twelve months to carry on its business and affairs, the Minister may, by order, make such direction to the association as seems proper to the Minister in the interest of the association’s purpose.</Text></Section><Section><MarginalNote>Failure to comply</MarginalNote><Label>56</Label><Text>Where a direction of the Minister under section 54 or 55 contains a time limit and an association fails to carry out the direction within that time limit, the Minister may take over the property and carry on the business and affairs of the association for such time as the Minister considers appropriate.</Text></Section><Heading level="1"><TitleText>Regulations</TitleText></Heading><Section><MarginalNote>Regulations</MarginalNote><Label>57</Label><Text>The Minister may make regulations for carrying out the purposes and provisions of this Act and, without limiting the generality of the foregoing, may make regulations</Text><Paragraph><Label>(a)</Label><Text>prescribing anything that by this Act is to be prescribed; and</Text></Paragraph><Paragraph><Label>(b)</Label><Text>respecting the dissolution of associations under this Act.</Text></Paragraph></Section><Heading level="1"><TitleText>Dissolution</TitleText></Heading><Section><MarginalNote>Minister may order dissolution</MarginalNote><Label>58</Label><Subsection><Label>(1)</Label><Text>The Minister may, by order, declare the corporate powers of any association to be terminated in any of the following circumstances:</Text><Paragraph><Label>(a)</Label><Text>where the association has failed to make by-laws in accordance with section 15 within one year after coming into existence;</Text></Paragraph><Paragraph><Label>(b)</Label><Text>where the Minister is satisfied that the association has failed for any period to conduct its business and affairs in accordance with the provisions of its by-laws or this Act;</Text></Paragraph><Paragraph><Label>(c)</Label><Text>where the Minister is satisfied that the association has failed for a period of twelve months to carry on business;</Text></Paragraph><Paragraph><Label>(d)</Label><Text>where the association has failed to carry out any direction of the Minister under section 54 or 55 in the time, if any, specified in the direction; or</Text></Paragraph><Paragraph><Label>(e)</Label><Text>on petition therefor by the association supported by a resolution to that effect passed by at least two thirds of the members of the association.</Text></Paragraph></Subsection><Subsection><MarginalNote>Dissolution in accordance with regulations</MarginalNote><Label>(2)</Label><Text>Where the Minister declares the corporate powers of an association to be terminated, the affairs of the association shall be wound up and the association shall be dissolved in accordance with regulations made pursuant to paragraph 57(b).</Text></Subsection><Subsection><MarginalNote>Distribution of assets</MarginalNote><Label>(3)</Label><Text>Where an association is dissolved, any property of the association that remains after the payment of the association’s debts and liabilities shall be transferred to such other association with a similar purpose or to such charity as the Minister may specify in writing.</Text></Subsection></Section><Heading level="1"><TitleText>Miscellaneous</TitleText></Heading><Section><MarginalNote>Registration on behalf of an association</MarginalNote><Label>59</Label><Subsection><Label>(1)</Label><Text>An association may, with the consent of the Minister, authorize any other association to register or identify, on the association’s behalf, the animals of any distinct breed or evolving breed in respect of which the association is incorporated.</Text></Subsection><Subsection><MarginalNote>By-laws</MarginalNote><Label>(2)</Label><Text>Where an association is authorized to register or identify animals on behalf of another association, the association shall do so in accordance with the other association’s by-laws relating to registration and identification.</Text></Subsection><Subsection><MarginalNote>Ability to contract</MarginalNote><Label>(3)</Label><Text>Nothing in subsection (1) shall preclude any association from entering into any other contract or arrangement for the normal conduct of its business and affairs.</Text></Subsection></Section><Section><MarginalNote>Notice of meetings and annual report</MarginalNote><Label>60</Label><Text>Every association shall send to the Minister</Text><Paragraph><Label>(a)</Label><Text>at the same time and in the same manner as it sends to its members, notices of meetings setting out proposed amendments to its by-laws; and</Text></Paragraph><Paragraph><Label>(b)</Label><Text>immediately after each annual meeting, a copy of the annual report, including an audited financial statement, together with a list of the directors and officers of the association and, where the association is a member of the Corporation, the name or names of the association’s voting representatives.</Text></Paragraph></Section><Section><MarginalNote>Registration and other rights</MarginalNote><Label>61</Label><Text>Notwithstanding anything in the by-laws of an association, no person shall be denied the right to have registered, to have identified or to transfer the ownership of any animal unless that person</Text><Paragraph><Label>(a)</Label><Text>is, at the time the right is denied, in arrears of any fees owing to the association; or</Text></Paragraph><Paragraph><Label>(b)</Label><Text>has contravened</Text><Subparagraph><Label>(i)</Label><Text>a by-law of the association relating to</Text><Clause><Label>(A)</Label><Text>the eligibility for registration or identification, as the case may be, of animals by the association,</Text></Clause><Clause><Label>(B)</Label><Text>the individual identification of animals, or</Text></Clause><Clause><Label>(C)</Label><Text>the keeping of private breeding records,</Text></Clause></Subparagraph><Subparagraph><Label>(ii)</Label><Text>any provision of this Act or the regulations, or</Text></Subparagraph><Subparagraph><Label>(iii)</Label><Text>any provision of the <XRefExternal reference-type="act">Health of Animals Act</XRefExternal> or the regulations thereunder relating to the identification, within the meaning of that Act, or testing of animals.</Text></Subparagraph></Paragraph><HistoricalNote>R.S., 1985, c. 8 (4th Supp.), s. 61; 1994, c. 38, s. 13.</HistoricalNote></Section><Section><MarginalNote>Indication of Minister’s approval</MarginalNote><Label>62</Label><Subsection><Label>(1)</Label><Text>Where the Minister, on the completion of an inspection or examination pursuant to paragraph 52(1)(a), is satisfied that animals are being registered or identified, as the case may be, by an association in a manner that is acceptable to the Minister, the Minister may authorize the association to show on its certificates that the association’s system of registration or identification, as the case may be, has been approved by the Minister.</Text></Subsection><Subsection><MarginalNote>Form</MarginalNote><Label>(2)</Label><Text>An approval referred to in subsection (1) must be in a form satisfactory to the Minister and the Minister may at any time and for any reason order an association to cease using the approval on its certificates.</Text></Subsection></Section><Heading level="1"><TitleText>Offences</TitleText></Heading><Section><MarginalNote>No person shall keep records</MarginalNote><Label>63</Label><Subsection><Label>(1)</Label><Text>Except as authorized by this Act, where an association is authorized by this Act to register or identify animals of a distinct breed or evolving breed, no person shall keep pedigrees in respect of animals of that distinct breed or evolving breed or issue any document purporting to evidence that a particular animal is of that distinct breed or evolving breed or so closely resembling a certificate of registration, or certificate of identification, as the case may be, that it would likely be mistaken for such a certificate.</Text></Subsection><Subsection><MarginalNote>No person shall issue document</MarginalNote><Label>(2)</Label><Text>No person shall issue in respect of any animal any document of any kind likely to deceive the public into believing that the document is a certificate of registration or certificate of identification in respect of the animal or that the animal is registered or identified under the authority of this Act.</Text></Subsection></Section><Section><MarginalNote>Prohibitions</MarginalNote><Label>64</Label><Text>No person shall</Text><Paragraph><Label>(a)</Label><Text>knowingly sign or present, or cause or procure to be signed or presented, to a recording officer of any association or of the Corporation any declaration or application in relation to the registration, identification or transfer of ownership of any animal, semen or embryo that contains any material false statement or representation;</Text></Paragraph><Paragraph><Label>(b)</Label><Text>knowingly represent that a certificate of registration or certificate of identification applies to an animal other than the one in respect of which it was issued;</Text></Paragraph><Paragraph><Label>(c)</Label><Text>knowingly represent that a semen certificate or embryo certificate applies to any semen or embryo other than the semen or embryo in respect of which it was issued;</Text></Paragraph><Paragraph><Label>(d)</Label><Text>falsify or alter any certificate of registration, certificate of identification, semen certificate or embryo certificate;</Text></Paragraph><Paragraph><Label>(e)</Label><Text>without an express statement that the animal’s registration or identification is from a jurisdiction other than Canada, offer to sell, contract to sell or sell, as registered or identified, or as eligible to be registered or identified, within or outside the meaning of this Act, any animal that is not registered or identified, or eligible to be registered or identified;</Text></Paragraph><Paragraph><Label>(f)</Label><Text>offer to sell, contract to sell or sell, as recorded, or as eligible to be recorded, in the books of any association, or of the Corporation, any semen or embryo that is not recorded or eligible to be recorded in those books;</Text></Paragraph><Paragraph><Label>(g)</Label><Text>knowingly offer to sell, contract to sell or sell any animal in a manner that is likely to create an erroneous impression that the animal is registered or eligible to be registered;</Text></Paragraph><Paragraph><Label>(h)</Label><Text>offer to sell, contract to sell or sell, as a purebred of a breed, any animal that is not registered or eligible to be registered as a purebred by the association authorized to register animals of that breed or by the Corporation;</Text></Paragraph><Paragraph><Label>(i)</Label><Text>without an express statement that the animal’s registration, identification or status as a purebred is from a jurisdiction other than Canada, offer to sell, contract to sell or sell, as registered or identified, or as a purebred, any animal for which there is no individual identification in accordance with the by-laws of the association that has registered or identified the animal; and</Text></Paragraph><Paragraph><Label>(j)</Label><Text>without an express statement that the animal’s registration, identification or status as a purebred is from a jurisdiction other than Canada and that the animal will not be registered or identified in Canada by the person, sell, as registered or identified, or as eligible to be registered or identified, or as a purebred, any animal without providing to the buyer thereof within six months after the sale the animal’s duly transferred certificate of registration or certificate of identification.</Text></Paragraph></Section><Section><MarginalNote>Unlawful use of names</MarginalNote><Label>65</Label><Text>No person shall, without lawful authority, use the name of the Corporation or the name of any association or any name so clearly resembling the name of the Corporation or the name of an association in a manner that is likely to deceive the public.</Text></Section><Section><MarginalNote>Offence and punishment</MarginalNote><Label>66</Label><Subsection><Label>(1)</Label><Text>Any person who contravenes any provision of this Act or the regulations</Text><Paragraph><Label>(a)</Label><Text>is guilty of an offence punishable on summary conviction and liable to a fine not exceeding twenty-five thousand dollars; or</Text></Paragraph><Paragraph><Label>(b)</Label><Text>is guilty of an indictable offence and liable to a fine not exceeding fifty thousand dollars.</Text></Paragraph></Subsection><Subsection><MarginalNote>Value to be considered</MarginalNote><Label>(2)</Label><Text>In determining the fine in relation to an offence under any of sections 63 to 65, the judge making the determination shall take into account the value, or purported value, of the animal, semen or embryo to which the offence relates.</Text></Subsection></Section><Section><MarginalNote>Time for complaint</MarginalNote><Label>67</Label><Text>The provisions of the <XRefExternal reference-type="act">Criminal Code</XRefExternal> prescribing a time limit for making a complaint or laying an information in respect of offences punishable on summary conviction do not apply to proceedings in respect of an offence under this Act.</Text></Section><Heading level="1"><TitleText>Existing Associations</TitleText></Heading><Section><MarginalNote>Application</MarginalNote><Label>68</Label><Subsection><Label>(1)</Label><Text>The provisions of this Act apply to every association to which the <XRefExternal reference-type="act">Livestock Pedigree Act</XRefExternal> applied immediately before the coming into force of this Act.</Text></Subsection><Subsection><MarginalNote>Deemed articles of association</MarginalNote><Label>(2)</Label><Text>The application filed with the Department of Agriculture of every association referred to in subsection (1) is deemed to constitute the association’s articles of incorporation for the purposes of this Act.</Text></Subsection></Section><Section><MarginalNote>Deemed authority</MarginalNote><Label>69</Label><Text>Subject to sections 70 to 73, every association referred to in section 68 is deemed to be authorized to register or identify animals of the distinct breeds referred to in its articles of incorporation.</Text></Section><Section><MarginalNote>Examination of existing associations</MarginalNote><Label>70</Label><Text>Forthwith after the coming into force of this Act the Minister shall examine the articles of incorporation of every association referred to in section 68 in order to determine whether each such association may properly continue in existence by reason of sections 3 to 5.</Text></Section><Section><MarginalNote>Situation of animal not covered by Act</MarginalNote><Label>71</Label><Subsection><Label>(1)</Label><Text>Where, in the course of the examination referred to in section 70, the Minister determines that the animals referred to in an association’s articles of incorporation are not of a distinct breed or of an evolving breed, the Minister shall, by order, direct the association to cease issuing certificates of registration in respect of those animals.</Text></Subsection><Subsection><MarginalNote>Order of dissolution</MarginalNote><Label>(2)</Label><Text>Where the articles of incorporation of an association that is the subject of an order under subsection (1) refer only to the animals referred to in the order, the Minister shall, by order, direct the association to be dissolved in accordance with regulations made pursuant to paragraph 57(b).</Text></Subsection></Section><Section><MarginalNote>Situation of animal not of distinct breed</MarginalNote><Label>72</Label><Subsection><Label>(1)</Label><Text>Where, in the course of the examination referred to in section 70, the Minister determines that the animals referred to in an association’s articles of incorporation are not of a distinct breed but are of an evolving breed, the Minister shall, by order, direct the association to cease issuing certificates of registration in respect of those animals.</Text></Subsection><Subsection><MarginalNote>Notification</MarginalNote><Label>(2)</Label><Text>Where the Minister issues an order under subsection (1), the Minister shall forthwith cause the association that is the subject of the order to be notified by registered mail that the Minister intends to dissolve the association unless the association files, within 60 days after the date of the mailing of the notice, articles of amendment to transform the association into an association incorporated in respect of the evolving breed.</Text></Subsection></Section><Section><MarginalNote>Situation of more than one association</MarginalNote><Label>73</Label><Subsection><Label>(1)</Label><Text>Where, in the course of the examination referred to in section 70, the Minister determines that the articles of incorporation of more than one association refer to the same distinct breed, the Minister, taking into account the purposes of this Act and any other consideration the Minister deems appropriate, shall, by order, designate one of the associations as the association authorized to register the animals of the breed and direct the other association, or associations, as the case may be, to cease issuing certificates of registration in respect of animals of that breed.</Text></Subsection><Subsection><MarginalNote>Order of dissolution</MarginalNote><Label>(2)</Label><Text>Where the articles of incorporation of an association that is the subject of an order under subsection (1) directing it to cease issuing certificates of registration in respect of animals of a distinct breed refer only to that distinct breed, the Minister shall by order direct that the association be dissolved in accordance with regulations made pursuant to paragraph 57(b).</Text></Subsection></Section><Section><MarginalNote>Publication of names</MarginalNote><Label>74</Label><Text>As soon as practical after the examination referred to in section 70 the Minister shall cause to be published in the <XRefExternal reference-type="other">Canada Gazette</XRefExternal> the name of every association referred to in section 68 that, in the opinion of the Minister, may properly continue in existence and the name of each distinct breed and evolving breed in respect of which each such association is authorized to register and identify animals.</Text></Section><Heading level="1"><TitleText>Transitional</TitleText></Heading><Section><MarginalNote>By-laws</MarginalNote><Label>75</Label><Subsection><Label>(1)</Label><Text>The by-laws of an association referred to in section 68 that are in force immediately before the coming into force of this Act remain in force until repealed but the provisions of this Act dealing with the amendment or repeal of by-laws apply thereto.</Text></Subsection><Subsection><MarginalNote>Validity of certificates of registration</MarginalNote><Label>(2)</Label><Text>Nothing in subsection 29(3) affects the validity of any certificate of registration issued by an association referred to in section 68 before the coming into force of this Act.</Text></Subsection><Subsection><MarginalNote>Status of existing purebreds not affected</MarginalNote><Label>(3)</Label><Text>Nothing in subsection 30(2) affects the status of any animal registered as purebred by an association referred to in section 68 before the coming into force of this Act.</Text></Subsection></Section><Heading level="1"><TitleText>Repeal</TitleText></Heading><Section><Label>76</Label><Text>[Repeal]</Text></Section><Heading level="1"><TitleText>Coming into Force</TitleText></Heading><Section><MarginalNote>Coming into force</MarginalNote><Label><FootnoteRef idref="A-11.2_en_1">*</FootnoteRef>77</Label><Text>This Act shall come into force on a day to be fixed by proclamation.</Text><Footnote id="A-11.2_en_1" placement="section" status="editorial" xml:space="default"><Label>*</Label><Text>[Note: Act in force July 1, 1988, <Emphasis style="italic">see</Emphasis> SI/88-124.]</Text></Footnote></Section></Body></Statute>