﻿<?xml version="1.0" encoding="utf-8"?><!DOCTYPE Statute PUBLIC "-//Justice Canada//DTD Statute v2.0.0//EN" "Dtd/Version_2.0.0/Statute/Statute.dtd"><Statute bill-origin="commons" bill-type="govt-public" xml:lang="en" in-force="yes"><Identification><LongTitle>An Act to implement the Agreement on Internal Trade</LongTitle><ShortTitle status="official">Agreement on Internal Trade Implementation Act</ShortTitle><RunningHead>Agreement on Internal Trade Implementation</RunningHead><BillHistory><Stages stage="assented-to"><Date><YYYY>1996</YYYY><MM>6</MM><DD>20</DD></Date></Stages><Stages stage="consolidation"><Date><YYYY>2018</YYYY><MM>08</MM><DD>20</DD></Date></Stages></BillHistory><Chapter><ConsolidatedNumber official="no">A-2.4</ConsolidatedNumber><AnnualStatuteId revised-statute="no"><AnnualStatuteNumber>17</AnnualStatuteNumber><YYYY>1996</YYYY></AnnualStatuteId></Chapter></Identification><Repealed>[Repealed, 2017, c. 33, s. 228]</Repealed><Introduction><Preamble salutation="no"><Provision format-ref="indent-0-0" language-align="no"><MarginalNote>Preamble</MarginalNote><Text>WHEREAS the Government of Canada together with the Governments of Newfoundland, Nova Scotia, Prince Edward Island, New Brunswick, Quebec, Ontario, Manitoba, Saskatchewan, Alberta, British Columbia, the Northwest Territories and the Yukon Territory have entered into an Agreement on Internal Trade;</Text></Provision><Provision format-ref="indent-0-0" language-align="no"><Text>AND WHEREAS the reduction or elimination of barriers to the free movement of persons, goods, services and investments is essential for the promotion of an open, efficient and stable domestic market to enhance the competitiveness of Canadian business and sustainable development;</Text></Provision></Preamble><Enacts><Provision format-ref="indent-0-0" language-align="no"><Text>NOW, THEREFORE, Her Majesty, by and with the advice and consent of the Senate and House of Commons of Canada, enacts as follows:</Text></Provision></Enacts></Introduction><Body><Heading level="1"><TitleText>Short Title</TitleText><Note>[Repealed, 2017, c. 33, s. 228]</Note></Heading><Section><Label>1</Label><Text><Repealed>[Repealed, 2017, c. 33, s. 228]</Repealed></Text></Section><Heading level="1"><TitleText>Interpretation</TitleText><Note>[Repealed, 2017, c. 33, s. 228]</Note></Heading><Section><Label>2</Label><Text><Repealed>[Repealed, 2017, c. 33, s. 228]</Repealed></Text></Section><Heading level="1"><TitleText>Purpose</TitleText><Note>[Repealed, 2017, c. 33, s. 228]</Note></Heading><Section><Label>3</Label><Text><Repealed>[Repealed, 2017, c. 33, s. 228]</Repealed></Text></Section><Heading level="1"><TitleText>Her Majesty</TitleText><Note>[Repealed, 2017, c. 33, s. 228]</Note></Heading><Section><Label>4</Label><Text><Repealed>[Repealed, 2017, c. 33, s. 228]</Repealed></Text></Section><Heading level="1"><TitleText>General</TitleText><Note>[Repealed, 2017, c. 33, s. 228]</Note></Heading><Section><Label>5</Label><Text><Repealed>[Repealed, 2017, c. 33, s. 228]</Repealed></Text></Section><Section><Label>6</Label><Text><Repealed>[Repealed, 2017, c. 33, s. 228]</Repealed></Text></Section><Heading level="1"><TitleText>Implementation of the Agreement Generally</TitleText><Note>[Repealed, 2017, c. 33, s. 228]</Note></Heading><Heading level="2"><TitleText>Approval of Agreement</TitleText><Note>[Repealed, 2017, c. 33, s. 228]</Note></Heading><Section><Label>7</Label><Text><Repealed>[Repealed, 2017, c. 33, s. 228]</Repealed></Text></Section><Heading level="2"><TitleText>Designation of Minister</TitleText><Note>[Repealed, 2017, c. 33, s. 228]</Note></Heading><Section><Label>8</Label><Text><Repealed>[Repealed, 2017, c. 33, s. 228]</Repealed></Text></Section><Heading level="2"><TitleText>Orders Made Under Chapter 17 of Agreement</TitleText><Note>[Repealed, 2017, c. 33, s. 228]</Note></Heading><Section><Label>8.1</Label><Text><Repealed>[Repealed, 2017, c. 33, s. 228]</Repealed></Text></Section><Section><Label>8.2</Label><Text><Repealed>[Repealed, 2017, c. 33, s. 228]</Repealed></Text></Section><Section><Label>8.3</Label><Text><Repealed>[Repealed, 2017, c. 33, s. 228]</Repealed></Text></Section><Heading level="2"><TitleText>Orders of Governor in Council</TitleText><Note>[Repealed, 2017, c. 33, s. 228]</Note></Heading><Section><Label>9</Label><Text><Repealed>[Repealed, 2017, c. 33, s. 228]</Repealed></Text></Section><Heading level="2"><TitleText>Committee on Internal Trade</TitleText><Note>[Repealed, 2017, c. 33, s. 228]</Note></Heading><Section><Label>10</Label><Text><Repealed>[Repealed, 2017, c. 33, s. 228]</Repealed></Text></Section><Section><Label>11</Label><Text><Repealed>[Repealed, 2017, c. 33, s. 228]</Repealed></Text></Section><Heading level="2"><TitleText>Panels and Committees</TitleText><Note>[Repealed, 2017, c. 33, s. 228]</Note></Heading><Section><Label>12</Label><Text><Repealed>[Repealed, 2017, c. 33, s. 228]</Repealed></Text></Section><Section><Label>13</Label><Text><Repealed>[Repealed, 2017, c. 33, s. 228]</Repealed></Text></Section><Heading level="2"><TitleText>Appointments</TitleText><Note>[Repealed, 2017, c. 33, s. 228]</Note></Heading><Section><Label>14</Label><Text><Repealed>[Repealed, 2017, c. 33, s. 228]</Repealed></Text></Section><Section><Label>15</Label><Text><Repealed>[Repealed, 2017, c. 33, s. 228]</Repealed></Text></Section><Heading level="1"><TitleText>Related and Consequential Amendments</TitleText><Note>[Repealed, 2017, c. 33, s. 228]</Note></Heading><Section><Label>16 to 19</Label><Text><Repealed>[Repealed, 2017, c. 33, s. 228]</Repealed></Text></Section><Heading level="1"><TitleText>Coming into Force</TitleText><Note>[Repealed, 2017, c. 33, s. 228]</Note></Heading><Section type="transitional"><Label>20</Label><Text><Repealed>[Repealed, 2017, c. 33, s. 228]</Repealed></Text></Section></Body></Statute>