﻿<?xml version="1.0" encoding="utf-8"?><!DOCTYPE Statute PUBLIC "-//Justice Canada//DTD Statute v2.0.0//EN" "Dtd/Version_2.0.0/Statute/Statute.dtd"><Statute bill-origin="commons" bill-type="govt-public" xml:lang="en" in-force="yes"><Identification><LongTitle>An Act to establish a system of administrative monetary penalties for the enforcement of the Canada Agricultural Products Act, the Farm Debt Mediation Act, the Feeds Act, the Fertilizers Act, the Health of Animals Act, the Meat Inspection Act, the Pest Control Products Act, the Plant Protection Act and the Seeds Act</LongTitle><ShortTitle status="official">Agriculture and Agri-Food Administrative Monetary Penalties Act</ShortTitle><RunningHead>Agriculture and Agri-Food Administrative Monetary Penalties</RunningHead><BillHistory><Stages stage="assented-to"><Date><YYYY>1995</YYYY><MM>12</MM><DD>5</DD></Date></Stages><Stages stage="consolidation"><Date><YYYY>2018</YYYY><MM>08</MM><DD>20</DD></Date></Stages></BillHistory><Chapter><ConsolidatedNumber official="no">A-8.8</ConsolidatedNumber><AnnualStatuteId revised-statute="no"><AnnualStatuteNumber>40</AnnualStatuteNumber><YYYY>1995</YYYY></AnnualStatuteId></Chapter></Identification><Introduction><Enacts><Provision format-ref="indent-0-0" language-align="no"><Text>Her Majesty, by and with the advice and consent of the Senate and House of Commons of Canada, enacts as follows:</Text></Provision></Enacts></Introduction><Body><Heading level="1"><TitleText>Short Title</TitleText></Heading><Section><MarginalNote>Short title</MarginalNote><Label>1</Label><Text>This Act may be cited as the <XRefExternal reference-type="act">Agriculture and Agri-Food Administrative Monetary Penalties Act</XRefExternal>.</Text></Section><Heading level="1"><TitleText>Interpretation</TitleText></Heading><Section><MarginalNote>Definitions</MarginalNote><Label>2</Label><Text>In this Act,</Text><Definition><MarginalNote><DefinedTermEn>agri-food Act</DefinedTermEn></MarginalNote><MarginalNote><DefinedTermFr>loi agroalimentaire</DefinedTermFr></MarginalNote><Text><DefinedTermEn>agri-food Act</DefinedTermEn> means the <XRefExternal reference-type="act">Canada Agricultural Products Act</XRefExternal>, the <XRefExternal reference-type="act">Farm Debt Mediation Act</XRefExternal>, the <XRefExternal reference-type="act">Feeds Act</XRefExternal>, the <XRefExternal reference-type="act">Fertilizers Act</XRefExternal>, the <XRefExternal reference-type="act">Health of Animals Act</XRefExternal>, the <XRefExternal reference-type="act">Meat Inspection Act</XRefExternal>, the <XRefExternal reference-type="act">Pest Control Products Act</XRefExternal>, the <XRefExternal reference-type="act">Plant Protection Act</XRefExternal> or the <XRefExternal reference-type="act">Seeds Act</XRefExternal>;</Text></Definition><Definition><MarginalNote><DefinedTermEn>Minister</DefinedTermEn></MarginalNote><MarginalNote><DefinedTermFr>ministre</DefinedTermFr></MarginalNote><Text><DefinedTermEn>Minister</DefinedTermEn> means the Minister of Agriculture and Agri-Food, except that </Text><Paragraph><Label>(a)</Label><Text>it means the Minister of Health in relation to a violation involving a contravention of</Text><Subparagraph><Label>(i)</Label><Text>the <XRefExternal reference-type="act">Pest Control Products Act</XRefExternal>, or</Text></Subparagraph><Subparagraph><Label>(ii)</Label><Text>a provision relating to food safety of an agri-food Act or of a regulation made under such an Act, and</Text></Subparagraph></Paragraph><Paragraph><Label>(b)</Label><Text>it means the Minister of Public Safety and Emergency Preparedness in relation to a notice of violation issued in respect of the contravention of program legislation referred to in subsection 11(5) of the <XRefExternal reference-type="act">Canadian Food Inspection Agency Act</XRefExternal>;</Text></Paragraph></Definition><Definition><MarginalNote><DefinedTermEn>penalty</DefinedTermEn></MarginalNote><MarginalNote><DefinedTermFr>sanction</DefinedTermFr></MarginalNote><Text><DefinedTermEn>penalty</DefinedTermEn> means an administrative monetary penalty imposed under this Act for a violation;</Text></Definition><Definition><MarginalNote><DefinedTermEn>prescribed</DefinedTermEn></MarginalNote><MarginalNote><DefinitionEnOnly>Version anglaise seulement</DefinitionEnOnly></MarginalNote><Text><DefinedTermEn>prescribed</DefinedTermEn> means prescribed by regulation;</Text></Definition><Definition><MarginalNote><DefinedTermEn>Tribunal</DefinedTermEn></MarginalNote><MarginalNote><DefinedTermFr>Commission</DefinedTermFr></MarginalNote><Text><DefinedTermEn>Tribunal</DefinedTermEn> means the Review Tribunal continued by subsection 4.1(1) of the <XRefExternal reference-type="act">Canada Agricultural Products Act</XRefExternal>.</Text></Definition><HistoricalNote>1995, c. 40, s. 2; 1997, c. 21, s. 30; 2002, c. 28, s. 82; 2005, c. 38, ss. 30, 145; 2015, c. 2, s. 113.</HistoricalNote></Section><Heading level="1"><TitleText>Purpose of Act</TitleText></Heading><Section><MarginalNote>Purpose of Act</MarginalNote><Label>3</Label><Text>The purpose of this Act is to establish, as an alternative to the existing penal system and as a supplement to existing enforcement measures, a fair and efficient administrative monetary penalty system for the enforcement of the agri-food Acts.</Text></Section><Heading level="1"><TitleText>Powers of Minister</TitleText></Heading><Section><MarginalNote>Regulations</MarginalNote><Label>4</Label><Subsection><Label>(1)</Label><Text>The Minister may make regulations</Text><Paragraph><Label>(a)</Label><Text>designating as a violation that may be proceeded with in accordance with this Act</Text><Subparagraph><Label>(i)</Label><Text>the contravention of any specified provision of an agri-food Act or of a regulation made under an agri-food Act,</Text></Subparagraph><Subparagraph><Label>(ii)</Label><Text>the contravention of any specified order, or class of orders, made by the Minister under the <XRefExternal reference-type="act">Plant Protection Act</XRefExternal>, or</Text></Subparagraph><Subparagraph><Label>(iii)</Label><Text>the refusal or neglect to perform any specified duty, or class of duties, imposed by or under the <XRefExternal reference-type="act">Plant Protection Act</XRefExternal>, the <XRefExternal reference-type="act">Health of Animals Act</XRefExternal> or the <XRefExternal reference-type="act">Pest Control Products Act</XRefExternal>;</Text></Subparagraph><ContinuedParagraph><Text>if the contravention, or the failure or neglect to perform the duty, as the case may be, is an offence under an agri-food Act;</Text></ContinuedParagraph></Paragraph><Paragraph><Label>(b)</Label><Text>classifying each violation as a minor violation, a serious violation or a very serious violation;</Text></Paragraph><Paragraph><Label>(b.1)</Label><Text>establishing, in respect of each violation, a short-form description to be used in notices of violation;</Text></Paragraph><Paragraph><Label>(c)</Label><Text>fixing a penalty, or a range of penalties, in respect of each violation;</Text></Paragraph><Paragraph><Label>(d)</Label><Text>respecting the circumstances under which, the criteria by which and the manner in which a penalty may be increased or reduced, including the reduction of a penalty pursuant to a compliance agreement under subsection 10(1);</Text></Paragraph><Paragraph><Label>(e)</Label><Text>respecting the determination of a lesser amount that may be paid in complete satisfaction of a penalty if paid within the prescribed time and manner;</Text></Paragraph><Paragraph><Label>(f)</Label><Text>respecting the circumstances under which reviews under this Act by the Tribunal shall be oral or in writing;</Text></Paragraph><Paragraph><Label>(g)</Label><Text>respecting the service of documents required or authorized to be served under this Act including, without restricting the generality of the foregoing, the manner of serving such documents, the proof of their service and the circumstances under which such documents shall be deemed to have been served;</Text></Paragraph><Paragraph><Label>(h)</Label><Text>prescribing anything that by this Act is to be prescribed; and</Text></Paragraph><Paragraph><Label>(i)</Label><Text>generally, for carrying out the purposes and provisions of this Act.</Text></Paragraph></Subsection><Subsection><MarginalNote>Maximum penalties</MarginalNote><Label>(2)</Label><Text>The maximum penalty for a violation is</Text><Paragraph><Label>(a)</Label><Text>in the case of a violation that is committed by an individual otherwise than in the course of a business and that is not committed to obtain a financial benefit, $2,000; and</Text></Paragraph><Paragraph><Label>(b)</Label><Text>in any other case, $5,000 for a minor violation, $15,000 for a serious violation and $25,000 for a very serious violation.</Text></Paragraph></Subsection><Subsection><MarginalNote>Criteria</MarginalNote><Label>(3)</Label><Text>Without restricting the generality of paragraph (1)(d), in making regulations respecting the criteria for increasing or reducing the amount of the penalty for a violation, the Minister shall include the following in any such criteria:</Text><Paragraph><Label>(a)</Label><Text>the degree of intention or negligence on the part of the person who committed the violation;</Text></Paragraph><Paragraph><Label>(b)</Label><Text>the harm done by the violation; and</Text></Paragraph><Paragraph><Label>(c)</Label><Text>the history of the person who committed the violation of prior violations or convictions under agri-food Acts within the five year period immediately before the violation.</Text></Paragraph></Subsection><HistoricalNote>1995, c. 40, s. 4; 2015, c. 2, s. 114; 2016, c. 9, s. 70.</HistoricalNote></Section><Section><MarginalNote>How act or omission may be proceeded with</MarginalNote><Label>5</Label><Text>Where any act or omission can be proceeded with as a violation or as an offence, the Minister may commence proceedings in respect of that act or omission as a violation or recommend that it be proceeded with as an offence, but proceeding with it as a violation precludes proceeding with it as an offence, and proceeding with it as an offence precludes proceeding with it as a violation.</Text></Section><Section><MarginalNote>Power of Minister — notices of violation</MarginalNote><Label>6</Label><Text>The Minister may designate persons, or classes of persons, who are authorized to issue notices of violation.</Text><HistoricalNote>1995, c. 40, s. 6; 2015, c. 2, s. 115.</HistoricalNote></Section><Heading level="1"><TitleText>Proceedings</TitleText></Heading><Section><MarginalNote>Commission of violation</MarginalNote><Label>7</Label><Subsection><Label>(1)</Label><Text>Every person who</Text><Paragraph><Label>(a)</Label><Text>contravenes any provision of an agri-food Act or of a regulation made under an agri-food Act,</Text></Paragraph><Paragraph><Label>(b)</Label><Text>contravenes any order made by the Minister under the <XRefExternal reference-type="act">Plant Protection Act</XRefExternal>, or</Text></Paragraph><Paragraph><Label>(c)</Label><Text>refuses or neglects to perform any duty imposed by or under the <XRefExternal reference-type="act">Plant Protection Act</XRefExternal>, the <XRefExternal reference-type="act">Health of Animals Act</XRefExternal> or the <XRefExternal reference-type="act">Pest Control Products Act</XRefExternal></Text></Paragraph><ContinuedSectionSubsection><Text>the contravention of which, or the refusal or neglect of which, is designated to be a violation by a regulation made under paragraph 4(1)(a) commits a violation and is liable to a warning or to a penalty in accordance with this Act.</Text></ContinuedSectionSubsection></Subsection><Subsection><MarginalNote>Issuance of notice of violation</MarginalNote><Label>(2)</Label><Text>If a person designated under section 6 has reasonable grounds to believe that a person has committed a violation, the designated person may issue, and shall cause to be served on the person, a notice of violation that names the person, identifies the violation and</Text><Paragraph><Label>(a)</Label><Text>contains a warning that the person has committed a violation; or</Text></Paragraph><Paragraph><Label>(b)</Label><Text>sets out</Text><Subparagraph><Label>(i)</Label><Text>the penalty, established in accordance with the regulations, for the violation that the person is liable to pay,</Text></Subparagraph><Subparagraph><Label>(ii)</Label><Text>particulars concerning the time for paying and the manner of paying the penalty, and</Text></Subparagraph><Subparagraph><Label>(iii)</Label><Text>subject to the regulations, a lesser amount that may be paid in complete satisfaction of the penalty if paid within the time and manner specified in the notice.</Text></Subparagraph></Paragraph></Subsection><Subsection><MarginalNote>Summary of rights</MarginalNote><Label>(3)</Label><Text>A notice of violation must clearly summarize, in plain language, the rights and obligations under this Act of the person on whom it is served, including the right to have the facts of the violation reviewed by the Minister or the Tribunal, and the procedure for requesting such a review.</Text></Subsection><HistoricalNote>1995, c. 40, s. 7; 2015, c. 2, s. 116(E); 2016, c. 9, s. 71(E).</HistoricalNote></Section><Heading level="1"><TitleText>Notices of Violation with Warning</TitleText></Heading><Section><MarginalNote>Notices with warning — request for review</MarginalNote><Label>8</Label><Subsection><Label>(1)</Label><Text>Where a notice of violation contains a warning, the person named in the notice may, in the prescribed time and manner, request a review of the facts of the violation by the Minister or the Tribunal.</Text></Subsection><Subsection><MarginalNote>Deeming</MarginalNote><Label>(2)</Label><Text>Where a person who is served with a notice of violation that contains a warning does not request a review under subsection (1) in the prescribed time and manner, the person is deemed to have committed the violation identified in the notice of violation.</Text></Subsection></Section><Heading level="1"><TitleText>Notices of Violation with Penalty</TitleText></Heading><Section><MarginalNote>Notices with penalty — payment</MarginalNote><Label>9</Label><Subsection><Label>(1)</Label><Text>Where a notice of violation sets out a penalty and the person named in the notice pays, in the prescribed time and manner, the amount of the penalty or, subject to the regulations, the lesser amount set out in the notice that may be paid in lieu of the penalty,</Text><Paragraph><Label>(a)</Label><Text>the person is deemed to have committed the violation in respect of which the amount is paid;</Text></Paragraph><Paragraph><Label>(b)</Label><Text>the Minister shall accept that amount as and in complete satisfaction of the penalty; and</Text></Paragraph><Paragraph><Label>(c)</Label><Text>the proceedings commenced in respect of the violation under section 7 are ended.</Text></Paragraph></Subsection><Subsection><MarginalNote>Alternatives to payment</MarginalNote><Label>(2)</Label><Text>Instead of paying the penalty set out in a notice of violation or, where applicable, the lesser amount that may be paid in lieu of the penalty, the person named in the notice may, in the prescribed time and manner,</Text><Paragraph><Label>(a)</Label><Text>if the penalty is $2,000 or more, request to enter into a compliance agreement with the Minister that ensures the person’s compliance with the agri-food Act or regulation to which the violation relates;</Text></Paragraph><Paragraph><Label>(b)</Label><Text>request a review by the Minister of the facts of the violation; or</Text></Paragraph><Paragraph><Label>(c)</Label><Text>request a review by the Tribunal of the facts of the violation.</Text></Paragraph></Subsection><Subsection><MarginalNote>Deeming</MarginalNote><Label>(3)</Label><Text>Where a person who is served with a notice of violation that sets out a penalty does not pay the penalty in the prescribed time and manner or, where applicable, the lesser amount that may be paid in lieu of the penalty, and does not exercise any right referred to in subsection (2) in the prescribed time and manner, the person is deemed to have committed the violation identified in the notice.</Text></Subsection></Section><Heading level="1"><TitleText>Compliance Agreements</TitleText></Heading><Section><MarginalNote>Compliance agreements</MarginalNote><Label>10</Label><Subsection><Label>(1)</Label><Text>After considering a request under paragraph 9(2)(a), the Minister may enter into a compliance agreement, as described in that paragraph, with the person making the request on such terms and conditions as are satisfactory to the Minister, which terms may</Text><Paragraph><Label>(a)</Label><Text>include a provision for the giving of reasonable security, in a form and in an amount satisfactory to the Minister, as a guarantee that the person will comply with the compliance agreement; and</Text></Paragraph><Paragraph><Label>(b)</Label><Text>provide for the reduction, in whole or in part, of the penalty for the violation.</Text></Paragraph></Subsection><Subsection><MarginalNote>Deeming</MarginalNote><Label>(2)</Label><Text>A person who makes a request under paragraph 9(2)(a) and who enters into a compliance agreement with the Minister shall, on entering into the compliance agreement, be deemed to have committed the violation in respect of which the compliance agreement was entered into.</Text></Subsection><Subsection><MarginalNote>Where compliance agreement complied with</MarginalNote><Label>(3)</Label><Text>Where the Minister is satisfied that a person who has entered into a compliance agreement has complied with the agreement, the Minister shall cause a notice to that effect to be served on the person and, on the service of that notice,</Text><Paragraph><Label>(a)</Label><Text>the proceedings commenced in respect of the violation under section 7 are ended; and</Text></Paragraph><Paragraph><Label>(b)</Label><Text>any security given under the compliance agreement by the person shall be returned to the person.</Text></Paragraph></Subsection><Subsection><MarginalNote>Where compliance agreement not complied with</MarginalNote><Label>(4)</Label><Text>Where the Minister is of the opinion that a person who has entered into a compliance agreement has not complied with the agreement, the Minister shall cause a notice of default to be served on the person to the effect that</Text><Paragraph><Label>(a)</Label><Text>instead of the penalty set out in the notice of violation in respect of which the compliance agreement was entered into, the person is liable to pay twice the amount of that penalty and, for greater certainty, subsection 4(2) does not apply in respect of that amount; or</Text></Paragraph><Paragraph><Label>(b)</Label><Text>the security, if any, given under the compliance agreement by the person shall be forfeited to Her Majesty in right of Canada.</Text></Paragraph></Subsection><Subsection><MarginalNote>Effect of notice of default</MarginalNote><Label>(5)</Label><Text>On the service of a notice under subsection (4), the person served has no right of set-off against any amount spent by the person under the compliance agreement and</Text><Paragraph><Label>(a)</Label><Text>the person served is liable to pay the amount set out in the notice; or</Text></Paragraph><Paragraph><Label>(b)</Label><Text>where the notice of default provides for the forfeiture of the security given under the compliance agreement, that security is forfeited to Her Majesty in right of Canada and the proceedings commenced in respect of the violation under section 7 are ended.</Text></Paragraph></Subsection><Subsection><MarginalNote>Effect of payment</MarginalNote><Label>(6)</Label><Text>Where a person pays the amount set out in a notice of default under subsection (4) in the prescribed time and manner,</Text><Paragraph><Label>(a)</Label><Text>the Minister shall accept the amount as and in complete satisfaction of the amount owing; and</Text></Paragraph><Paragraph><Label>(b)</Label><Text>the proceedings commenced in respect of the violation under section 7 are ended.</Text></Paragraph></Subsection></Section><Section><MarginalNote>Refusal to enter into compliance agreement</MarginalNote><Label>11</Label><Subsection><Label>(1)</Label><Text>Where the Minister refuses to enter into a compliance agreement pursuant to a request under paragraph 9(2)(a), the person who made the request may, in the prescribed time and manner,</Text><Paragraph><Label>(a)</Label><Text>pay the amount of the penalty; or</Text></Paragraph><Paragraph><Label>(b)</Label><Text>request a review by the Tribunal of the facts of the violation.</Text></Paragraph></Subsection><Subsection><MarginalNote>Effect of payment</MarginalNote><Label>(2)</Label><Text>Where a person pays the amount referred to in paragraph (1)(a),</Text><Paragraph><Label>(a)</Label><Text>the person is deemed to have committed the violation in respect of which the payment is made;</Text></Paragraph><Paragraph><Label>(b)</Label><Text>the Minister shall accept the amount as and in complete satisfaction of the penalty; and</Text></Paragraph><Paragraph><Label>(c)</Label><Text>the proceedings commenced in respect of the violation under section 7 are ended.</Text></Paragraph></Subsection><Subsection><MarginalNote>Deeming</MarginalNote><Label>(3)</Label><Text>If a person does not, in the prescribed time and manner, either pay the amount referred to in paragraph (1)(a) or request a review under paragraph (1)(b), the person is deemed to have committed the violation identified in the notice of violation.</Text></Subsection><HistoricalNote>1995, c. 40, s. 11; 2015, c. 2, s. 117(E).</HistoricalNote></Section><Heading level="1"><TitleText>Review by Minister</TitleText></Heading><Section><MarginalNote>Review under section 8</MarginalNote><Label>12</Label><Subsection><Label>(1)</Label><Text>After concluding a review requested under section 8, the Minister shall determine whether or not the person committed the violation, and the Minister shall cause a notice of any decision under this subsection to be served on the person who requested the review.</Text></Subsection><Subsection><MarginalNote>Right to review</MarginalNote><Label>(2)</Label><Text>Where the Minister decides under subsection (1) that a person has committed a violation, the person may, in the prescribed time and manner, request a review of the Minister’s decision by the Tribunal.</Text></Subsection></Section><Section><MarginalNote>Review under paragraph 9(2)(b)</MarginalNote><Label>13</Label><Subsection><Label>(1)</Label><Text>After concluding a review requested under paragraph 9(2)(b), the Minister shall determine whether or not the person requesting the review committed a violation and, where the Minister decides that the person committed a violation but considers that the amount of the penalty for the violation was not established in accordance with the regulations, the Minister shall correct the amount of the penalty for the violation, and the Minister shall cause a notice of any decision under this subsection to be served on the person who requested the review.</Text></Subsection><Subsection><MarginalNote>Payment or right to review</MarginalNote><Label>(2)</Label><Text>Where the Minister decides under subsection (1) that a person has committed a violation, the person may, in the prescribed time and manner,</Text><Paragraph><Label>(a)</Label><Text>pay the amount of the penalty set out in the notice referred to in subsection (1), in which case</Text><Subparagraph><Label>(i)</Label><Text>the Minister shall accept the amount as and in complete satisfaction of the penalty, and</Text></Subparagraph><Subparagraph><Label>(ii)</Label><Text>the proceedings commenced in respect of the violation under section 7 are ended; or</Text></Subparagraph></Paragraph><Paragraph><Label>(b)</Label><Text>request a review of the Minister’s decision by the Tribunal.</Text></Paragraph></Subsection></Section><Heading level="1"><TitleText>Review by Tribunal</TitleText></Heading><Section><MarginalNote>Review by Tribunal</MarginalNote><Label>14</Label><Subsection><Label>(1)</Label><Text>After concluding a review requested under this Act, the Tribunal shall, by order, as the case may be,</Text><Paragraph><Label>(a)</Label><Text>confirm, vary or set aside any decision of the Minister under section 12 or 13, or</Text></Paragraph><Paragraph><Label>(b)</Label><Text>determine whether or not the person requesting the review committed a violation and, where the Tribunal decides that the person committed a violation but considers that the amount of the penalty for the violation, if any, was not established in accordance with the regulations, the Tribunal shall correct the amount of the penalty,</Text></Paragraph><ContinuedSectionSubsection><Text>and the Tribunal shall cause a notice of any order made under this subsection to be served on the person who requested the review, and on the Minister.</Text></ContinuedSectionSubsection></Subsection><Subsection><MarginalNote>Payment</MarginalNote><Label>(2)</Label><Text>Where the Tribunal decides under subsection (1) that a person has committed a violation, the person is liable for the amount of the penalty as set out in the order of the Tribunal and, on the payment of that amount in the time and manner specified in the order,</Text><Paragraph><Label>(a)</Label><Text>the Minister shall accept the amount as and in complete satisfaction of the penalty; and</Text></Paragraph><Paragraph><Label>(b)</Label><Text>the proceedings commenced in respect of the violation under section 7 are ended.</Text></Paragraph></Subsection></Section><Heading level="1"><TitleText>Enforcement</TitleText></Heading><Section><MarginalNote>Debts to Her Majesty</MarginalNote><Label>15</Label><Subsection><Label>(1)</Label><Text>The following amounts constitute debts due to Her Majesty in right of Canada that may be recovered as such in the Federal Court:</Text><Paragraph><Label>(a)</Label><Text>the amount of a penalty, from the time the notice of violation setting out the penalty is served;</Text></Paragraph><Paragraph><Label>(b)</Label><Text>every amount undertaken to be paid pursuant to a compliance agreement entered into with the Minister under subsection 10(1), from the time the compliance agreement is entered into;</Text></Paragraph><Paragraph><Label>(c)</Label><Text>the amount set out in a notice of default referred to in subsection 10(4), from the time the notice is served;</Text></Paragraph><Paragraph><Label>(d)</Label><Text>the amount of a penalty as set out in a decision of the Minister under subsection 13(1), from the time the notice under that subsection is served;</Text></Paragraph><Paragraph><Label>(e)</Label><Text>the amount of a penalty as set out in an order of the Tribunal under subsection 14(1), from the expiration of the time specified in the order for the payment of that amount; and</Text></Paragraph><Paragraph><Label>(f)</Label><Text>the amount of any reasonable expenses incurred pursuant to section 22, from the date they are incurred.</Text></Paragraph></Subsection><Subsection><MarginalNote>Time limit</MarginalNote><Label>(2)</Label><Text>No proceedings to recover a debt referred to in subsection (1) may be commenced later than five years after the debt became payable.</Text></Subsection><Subsection><MarginalNote>Debt final</MarginalNote><Label>(3)</Label><Text>A debt referred to in subsection (1) is final and not subject to review or to be restrained, prohibited, removed, set aside or otherwise dealt with except to the extent and in the manner provided by sections 9 to 14 of this Act and subsection 12(2) of the <XRefExternal reference-type="act">Canada Agricultural Products Act</XRefExternal>.</Text></Subsection><HistoricalNote>1995, c. 40, s. 15; 2015, c. 2, s. 118(F).</HistoricalNote></Section><Section><MarginalNote>Certificate of default</MarginalNote><Label>16</Label><Subsection><Label>(1)</Label><Text>Any debt referred to in subsection 15(1) in respect of which there is a default of payment, or the part of any such debt that has not been paid, may be certified by the Minister.</Text></Subsection><Subsection><MarginalNote>Judgments</MarginalNote><Label>(2)</Label><Text>On production to the Federal Court, a certificate made under subsection (1) shall be registered in that Court and, when registered, has the same force and effect, and all proceedings may be taken on the certificate, as if it were a judgment obtained in that Court for a debt of the amount specified in the certificate and all reasonable costs and charges attendant in the registration of the certificate.</Text></Subsection></Section><Heading level="1"><TitleText>Rules of Law About Violations</TitleText></Heading><Section><MarginalNote>Violations not offences</MarginalNote><Label>17</Label><Text>For greater certainty, a violation is not an offence and, accordingly, section 126 of the <XRefExternal reference-type="act">Criminal Code</XRefExternal> does not apply.</Text></Section><Section><MarginalNote>Certain defences not available</MarginalNote><Label>18</Label><Subsection><Label>(1)</Label><Text>A person named in a notice of violation does not have a defence by reason that the person</Text><Paragraph><Label>(a)</Label><Text>exercised due diligence to prevent the violation; or</Text></Paragraph><Paragraph><Label>(b)</Label><Text>reasonably and honestly believed in the existence of facts that, if true, would exonerate the person.</Text></Paragraph></Subsection><Subsection><MarginalNote>Common law principles</MarginalNote><Label>(2)</Label><Text>Every rule and principle of the common law that renders any circumstance a justification or excuse in relation to a charge for an offence under an agri-food Act applies in respect of a violation to the extent that it is not inconsistent with this Act.</Text></Subsection></Section><Section><MarginalNote>Burden of proof</MarginalNote><Label>19</Label><Text>In every case where the facts of a violation are reviewed by the Minister or by the Tribunal, the Minister must establish, on a balance of probabilities, that the person named in the notice of violation committed the violation identified in the notice.</Text></Section><Section><MarginalNote>Vicarious liability — licence holders, etc.</MarginalNote><Label>20</Label><Subsection><Label>(1)</Label><Text>The holder of a licence, certificate, letter of accreditation, permit, notice or other document issued under an agri-food Act is liable for a violation that is committed in respect of any matter relating to any activity or requirement under that document, whether or not the person who actually committed the violation is identified or proceeded against in accordance with this Act.</Text></Subsection><Subsection><MarginalNote>Vicarious liability — acts of employees and agents</MarginalNote><Label>(2)</Label><Text>A person is liable for a violation that is committed by any employee or agent of the person acting in the course of the employee’s employment or the scope of the agent’s authority, whether or not the employee or agent who actually committed the violation is identified or proceeded against in accordance with this Act.</Text></Subsection></Section><Section><MarginalNote>Continuing violation</MarginalNote><Label>21</Label><Text>A violation that is continued on more than one day constitutes a separate violation in respect of each day during which it is continued.</Text></Section><Section><MarginalNote>Forfeiture</MarginalNote><Label>22</Label><Text>Where</Text><Paragraph><Label>(a)</Label><Text>a person is deemed by this Act to have committed a violation, or</Text></Paragraph><Paragraph><Label>(b)</Label><Text>the Minister, pursuant to a review under this Act, has decided that a person has committed a violation and no request to review the Minister’s decision has been made to the Tribunal in the prescribed time and manner,</Text></Paragraph><ContinuedSectionSubsection><Text>anything seized and detained under an agri-food Act in relation to the violation is, at the election of Her Majesty in right of Canada, immediately forfeited to Her Majesty in right of Canada and may be disposed of, at the expense of the person from whom it was seized, in accordance with the regulations made under the applicable agri-food Act unless the Minister directs otherwise.</Text></ContinuedSectionSubsection></Section><Heading level="1"><TitleText>General Provisions</TitleText></Heading><Section><MarginalNote>Notations removed</MarginalNote><Label>23</Label><Subsection><Label>(1)</Label><Text>Any notation of a violation shall, on application by the person who committed the violation, be removed from any records that may be kept by the Minister respecting that person after the expiration of five years from</Text><Paragraph><Label>(a)</Label><Text>where the notice of violation contained a warning, the date the notice was served, or</Text></Paragraph><Paragraph><Label>(b)</Label><Text>in any other case, the payment of any debt referred to in subsection 15(1),</Text></Paragraph><ContinuedSectionSubsection><Text>unless the removal from the record would not in the opinion of the Minister be in the public interest or another notation of a violation has been recorded by the Minister in respect of that person after that date and has not been removed in accordance with this subsection.</Text></ContinuedSectionSubsection></Subsection><Subsection><MarginalNote>Duty to notify</MarginalNote><Label>(2)</Label><Text>The Minister shall cause a notice of removal to be served on the person in respect of whom a notation is removed pursuant to subsection (1).</Text></Subsection></Section><Section><MarginalNote>Service of documents</MarginalNote><Label>24</Label><Text>Every document required or authorized to be served under this Act shall be served in accordance with the regulations, either personally or in such other manner as may be authorized in the regulations.</Text></Section><Section><MarginalNote>Evidence</MarginalNote><Label>25</Label><Text>In any proceeding for a violation or for a prosecution for an offence, a notice of violation purporting to be issued pursuant to this Act is admissible in evidence without proof of the signature or official character of the person appearing to have signed the notice of violation.</Text></Section><Section><MarginalNote>Limitation period</MarginalNote><Label>26</Label><Text>No proceedings in respect of a violation may be commenced later than</Text><Paragraph><Label>(a)</Label><Text>six months after the day on which the subject matter of the proceedings arises, in the case of a minor violation; or</Text></Paragraph><Paragraph><Label>(b)</Label><Text>two years after the day on which the subject matter of the proceedings arises, in the case of a serious violation or a very serious violation.</Text></Paragraph><HistoricalNote>1995, c. 40, s. 26; 2015, c. 2, s. 119.</HistoricalNote></Section><Heading level="1"><TitleText>Related and Consequential Amendments</TitleText></Heading><Section><Label>27 to 89</Label><Text>[Amendments]</Text></Section><Heading level="1"><TitleText>Coming into Force</TitleText></Heading><Section type="transitional"><MarginalNote>Coming into force</MarginalNote><Label><FootnoteRef idref="A-8.8_en_1">*</FootnoteRef>90</Label><Text>This Act or any of its provisions, or any provision enacted or amended by this Act, comes into force on a day or days to be fixed by order of the Governor in Council.</Text><Footnote id="A-8.8_en_1" placement="section" status="editorial" xml:space="default"><Label>*</Label><Text>[Note: Act in force July 30, 1997, <Emphasis style="italic">see</Emphasis> SI/97-89.]</Text></Footnote></Section></Body><Schedule id="NifProvs"><ScheduleFormHeading type="amending"><TitleText>AMENDMENTS NOT IN FORCE</TitleText></ScheduleFormHeading><BillPiece><Heading level="5" style="nifrp"><TitleText>
                    — 2012, c. 24, s. 69</TitleText></Heading><Section><MarginalNote>Definitions</MarginalNote><Label>69</Label><Text>The following definitions apply in sections <XRefInternal>70</XRefInternal> to <XRefInternal>72</XRefInternal>.</Text><Definition><Text><DefinedTermEn>commencement day</DefinedTermEn> means the day on which section <XRefInternal>102</XRefInternal> comes into force. (<DefinedTermFr>date d’entrée en vigueur</DefinedTermFr>)</Text></Definition><Definition><Text><DefinedTermEn>former Tribunal</DefinedTermEn> means the Review Tribunal continued by subsection 4.1(1) of the <XRefExternal reference-type="act">Canada Agricultural Products Act</XRefExternal> as that subsection read immediately before the coming into force of section <XRefInternal>102</XRefInternal> of this Act. (<DefinedTermFr>ancienne Commission</DefinedTermFr>)</Text></Definition><Definition><Text><DefinedTermEn>new Tribunal</DefinedTermEn> means the Review Tribunal continued by subsection 27(1) of the <XRefExternal reference-type="act">Agriculture and Agri-Food Administrative Monetary Penalties Act</XRefExternal>. (<DefinedTermFr>nouvelle Commission</DefinedTermFr>)</Text></Definition></Section><Heading level="5" style="nifrp"><TitleText>
                    — 2012, c. 24, s. 70</TitleText></Heading><Section><MarginalNote>Chairperson</MarginalNote><Label>70</Label><Text>Subject to subsection 30(1) of the <XRefExternal reference-type="act">Agriculture and Agri-Food Administrative Monetary Penalties Act</XRefExternal>, as enacted by section <XRefInternal>102</XRefInternal>, the person who holds the office of Chairperson of the former Tribunal immediately before the commencement day continues in office as the Chairperson of the new Tribunal for the remainder of the term for which that person was appointed Chairperson.</Text></Section><Heading level="5" style="nifrp"><TitleText>
                    — 2012, c. 24, s. 71</TitleText></Heading><Section><MarginalNote>Other members</MarginalNote><Label>71</Label><Text>Subject to subsection 30(1) of the <XRefExternal reference-type="act">Agriculture and Agri-Food Administrative Monetary Penalties Act</XRefExternal>, as enacted by section <XRefInternal>102</XRefInternal>, each person who holds office as a member of the former Tribunal immediately before the commencement day continues in office as a member of the new Tribunal for the remainder of the term for which the person was appointed.</Text></Section><Heading level="5" style="nifrp"><TitleText>
                    — 2012, c. 24, s. 97</TitleText></Heading><Section type="amending"><MarginalNote><HistoricalNote>1997, c. 21, s. 29</HistoricalNote></MarginalNote><Label>97</Label><Text>The long title of the <XRefExternal reference-type="act">Agriculture and Agri-Food Administrative Monetary Penalties Act</XRefExternal> is replaced by the following:</Text><AmendedText><LongTitle>An Act to establish a system of administrative monetary penalties for the enforcement of the Farm Debt Mediation Act, the Feeds Act, the Fertilizers Act, the Health of Animals Act, the Pest Control Products Act, the Plant Protection Act, the Safe Food for Canadians Act and the Seeds Act</LongTitle></AmendedText></Section><Heading level="5" style="nifrp"><TitleText>
                    — 2012, c. 24, s. 98</TitleText></Heading><Section type="amending"><MarginalNote><HistoricalNote>1997, c. 21, s. 30</HistoricalNote></MarginalNote><Label>98</Label><Text>The definitions <DefinedTermEn>agri-food Act</DefinedTermEn> and <DefinedTermEn>Tribunal</DefinedTermEn> in section 2 of the Act are replaced by the following:</Text><AmendedText><SectionPiece><Definition><Text><DefinedTermEn>agri-food Act</DefinedTermEn> means the <XRefExternal reference-type="act">Farm Debt Mediation Act</XRefExternal>, the <XRefExternal reference-type="act">Feeds Act</XRefExternal>, the <XRefExternal reference-type="act">Fertilizers Act</XRefExternal>, the <XRefExternal reference-type="act">Health of Animals Act</XRefExternal>, the <XRefExternal reference-type="act">Pest Control Products Act</XRefExternal>, the <XRefExternal reference-type="act">Plant Protection Act</XRefExternal>, the <XRefExternal reference-type="act">Safe Food for Canadians Act</XRefExternal> or the <XRefExternal reference-type="act">Seeds Act</XRefExternal>; (<DefinedTermFr>loi agroalimentaire</DefinedTermFr>)</Text></Definition><Definition><Text><DefinedTermEn>Tribunal</DefinedTermEn> means the Review Tribunal continued by subsection 27(1); (<DefinedTermFr>Commission</DefinedTermFr>)</Text></Definition></SectionPiece></AmendedText></Section><Heading level="5" style="nifrp"><TitleText>
                    — 2012, c. 24, s. 99</TitleText></Heading><Section type="amending"><Label>99</Label><Text>Subparagraph 4(1)(a)(iii) of the Act is replaced by the following:</Text><AmendedText><SectionPiece><Subparagraph><Label>(iii)</Label><Text>the refusal or neglect to perform any specified duty, or class of duties, imposed by or under the <XRefExternal reference-type="act">Plant Protection Act</XRefExternal>, the <XRefExternal reference-type="act">Health of Animals Act</XRefExternal> or the <XRefExternal reference-type="act">Safe Food for Canadians Act</XRefExternal>,</Text></Subparagraph></SectionPiece></AmendedText></Section><Heading level="5" style="nifrp"><TitleText>
                    — 2012, c. 24, s. 100</TitleText></Heading><Section type="amending"><Label>100</Label><Text>Paragraph 7(1)(c) of the English version of the Act is replaced by the following:</Text><AmendedText><SectionPiece><Paragraph><Label>(c)</Label><Text>refuses or neglects to perform any duty imposed by or under the <XRefExternal reference-type="act">Plant Protection Act</XRefExternal>, the <XRefExternal reference-type="act">Health of Animals Act</XRefExternal> or the <XRefExternal reference-type="act">Safe Food for Canadians Act</XRefExternal></Text></Paragraph></SectionPiece></AmendedText></Section><Heading level="5" style="nifrp"><TitleText>
                    — 2012, c. 24, s. 101</TitleText></Heading><Section type="amending"><Label>101</Label><Text>Subsection 15(3) of the Act is replaced by the following:</Text><AmendedText><Subsection><MarginalNote>Debt final</MarginalNote><Label>(3)</Label><Text>A debt referred to in subsection (1) is final and not subject to review or to be restrained, prohibited, removed, set aside or otherwise dealt with except to the extent and in the manner provided by sections 9 to 14.</Text></Subsection></AmendedText></Section><Heading level="5" style="nifrp"><TitleText>
                    — 2012, c. 24, s. 102</TitleText></Heading><Section type="amending"><Label>102</Label><Text>The heading before section 27 and sections 27 to 90 of the Act are replaced by the following:</Text><AmendedText><Heading level="1"><TitleText>Review Tribunal</TitleText></Heading><Heading level="2"><TitleText>Composition</TitleText></Heading><Section><MarginalNote>Review Tribunal continued</MarginalNote><Label>27</Label><Subsection><Label>(1)</Label><Text>The Review Tribunal, continued by subsection 4.1(1) of the <XRefExternal reference-type="act">Canada Agricultural Products Act</XRefExternal>, chapter 20 of the 4th Supplement to the Revised Statutes of Canada, 1985, is continued.</Text></Subsection><Subsection><MarginalNote>Composition</MarginalNote><Label>(2)</Label><Text>The Tribunal consists of members to be appointed by the Governor in Council, one of whom is to be appointed as Chairperson.</Text></Subsection></Section><Section><MarginalNote>Qualifications</MarginalNote><Label>28</Label><Text>A person is not eligible to be appointed as a member unless the person is knowledgeable about or has experience related to agriculture or agri-food and the Chairperson and at least one other member must, in addition, be a lawyer of at least ten years’ standing at the bar of any province or a notary of at least ten years’ standing at the Chambre des notaires du Québec.</Text></Section><Section><MarginalNote>Membership</MarginalNote><Label>29</Label><Text>The Chairperson is to be appointed as a full-time member and the other members are to be appointed as either full-time members or part-time members.</Text></Section><Section><MarginalNote>Tenure</MarginalNote><Label>30</Label><Subsection><Label>(1)</Label><Text>Each member is to be appointed for a term of not more than five years and holds office during good behaviour, but may be removed by the Governor in Council for cause.</Text></Subsection><Subsection><MarginalNote>Re-appointment</MarginalNote><Label>(2)</Label><Text>Each member may be re-appointed as a member in the same or another capacity.</Text></Subsection></Section><Section><MarginalNote>No other federal public administration</MarginalNote><Label>31</Label><Text>A member must not hold any other office in the federal public administration.</Text></Section><Section><MarginalNote>Conflict of interest</MarginalNote><Label>32</Label><Text>A member must not accept or hold any office or employment that is inconsistent with the member’s duties or take part in any matter before the Tribunal in which the member has an interest.</Text></Section><Heading level="2"><TitleText>Chairperson</TitleText></Heading><Section><MarginalNote>Duties of Chairperson</MarginalNote><Label>33</Label><Subsection><Label>(1)</Label><Text>The Chairperson is the Tribunal’s chief executive officer and apportions work among its members.</Text></Subsection><Subsection><MarginalNote>Absence or incapacity of Chairperson</MarginalNote><Label>(2)</Label><Text>If the Chairperson is absent or unable to act or the Chairperson’s position becomes vacant, the members must designate a member with the legal qualifications described in section 28 to act as Chairperson pending the appointment of a replacement, but no person may so act for a period exceeding 60 days without the approval of the Governor in Council.</Text></Subsection></Section><Heading level="2"><TitleText>Remuneration and Expenses</TitleText></Heading><Section><MarginalNote>Remuneration</MarginalNote><Label>34</Label><Subsection><Label>(1)</Label><Text>Each full-time member is to be paid the salary that is fixed by the Governor in Council and each part-time member is entitled to be paid the fees or other remuneration that is fixed by the Governor in Council.</Text></Subsection><Subsection><MarginalNote>Travel and living expenses</MarginalNote><Label>(2)</Label><Text>Members are entitled to be paid, in accordance with Treasury Board directives, reasonable travel and living expenses incurred in the performance of their duties and functions while absent from their ordinary place of work, in the case of full-time members, or from their ordinary place of residence, in the case of part-time members.</Text></Subsection></Section><Heading level="2"><TitleText>Staff</TitleText></Heading><Section><MarginalNote>Staff and facilities</MarginalNote><Label>35</Label><Text>The Minister may provide the Tribunal with any officers and employees from within the federal public administration, and any facilities and professional advisers, that are necessary for the proper conduct of its business.</Text></Section><Section><MarginalNote>Contractual assistance</MarginalNote><Label>36</Label><Text>The Tribunal may enter into contracts for the services of persons having technical or specialized knowledge of any matter before the Tribunal.</Text></Section><Heading level="2"><TitleText>Head Office</TitleText></Heading><Section><MarginalNote>Head office</MarginalNote><Label>37</Label><Subsection><Label>(1)</Label><Text>The head office of the Tribunal is to be in the National Capital Region as defined in section 2 of the <XRefExternal reference-type="act">National Capital Act</XRefExternal>.</Text></Subsection><Subsection><MarginalNote>Sittings</MarginalNote><Label>(2)</Label><Text>The Tribunal is to sit at the places in Canada that may be specified by the Governor in Council.</Text></Subsection></Section><Heading level="2"><TitleText>Jurisdiction</TitleText></Heading><Section><MarginalNote>Tribunal</MarginalNote><Label>38</Label><Subsection><Label>(1)</Label><Text>The Tribunal has sole and exclusive jurisdiction to hear and determine all questions of fact or law in relation to any matter over which it is given jurisdiction under this Act or any other Act of Parliament.</Text></Subsection><Subsection><MarginalNote>Review by Federal Court</MarginalNote><Label>(2)</Label><Text>An order of the Tribunal may only be reviewed under the <XRefExternal reference-type="act">Federal Courts Act</XRefExternal>.</Text></Subsection></Section><Section><MarginalNote>Chairperson</MarginalNote><Label>39</Label><Subsection><Label>(1)</Label><Text>The jurisdiction of the Tribunal in relation to the following matters is to be exercised by the Chairperson:</Text><Paragraph><Label>(a)</Label><Text>requests under subsection 8(1) or 12(2) for a review in respect of a notice of violation that contains a warning; and</Text></Paragraph><Paragraph><Label>(b)</Label><Text>requests under paragraph 9(2)(c) or 13(2)(b) for a review in respect of a notice of violation that sets out a penalty of less than $2,000.</Text></Paragraph></Subsection><Subsection><MarginalNote>Other legally qualified members</MarginalNote><Label>(2)</Label><Text>The jurisdiction of the Tribunal in relation to a matter referred to in subsection (1) may be exercised, if the Chairperson so directs, by any member of the Tribunal with the legal qualifications described in section 28.</Text></Subsection></Section><Section><MarginalNote>Reviews</MarginalNote><Label>40</Label><Text>Reviews by the Tribunal are to be heard by a single member.</Text></Section><Heading level="2"><TitleText>Powers</TitleText></Heading><Section><MarginalNote>Court of record</MarginalNote><Label>41</Label><Subsection><Label>(1)</Label><Text>The Tribunal is a court of record with an official seal that must be judicially noticed.</Text></Subsection><Subsection><MarginalNote>Examination of witnesses, etc.</MarginalNote><Label>(2)</Label><Text>In addition to the powers conferred by subsection (1), the Tribunal has, with respect to the appearance, swearing and examination of witnesses, the production and inspection of documents and other things, the enforcement of its orders and other matters necessary or proper for the due exercise of its jurisdiction, all the powers, rights and privileges that are vested in a superior court of record and, without limiting the generality of the foregoing, it may</Text><Paragraph><Label>(a)</Label><Text>issue a summons requiring a person</Text><Subparagraph><Label>(i)</Label><Text>to appear at the time and place stated in the summons to testify to all matters within the person’s knowledge relative to any subject matter before the Tribunal, and</Text></Subparagraph><Subparagraph><Label>(ii)</Label><Text>to bring and produce any document, book or paper in the person’s possession or under the person’s control relative to that subject matter;</Text></Subparagraph></Paragraph><Paragraph><Label>(b)</Label><Text>administer oaths and examine any person on oath; and</Text></Paragraph><Paragraph><Label>(c)</Label><Text>during a hearing, receive any evidence that it considers relevant and trustworthy.</Text></Paragraph></Subsection></Section><Heading level="2"><TitleText>Rules</TitleText></Heading><Section><MarginalNote>Rules</MarginalNote><Label>42</Label><Text>The Tribunal may, with the approval of the Governor in Council, make rules governing</Text><Paragraph><Label>(a)</Label><Text>the practice and procedure in respect of hearings;</Text></Paragraph><Paragraph><Label>(b)</Label><Text>the time and manner in which applications and notices must be made or given; and</Text></Paragraph><Paragraph><Label>(c)</Label><Text>the work of the Tribunal under this or any other Act of Parliament.</Text></Paragraph></Section><Heading level="2"><TitleText>General</TitleText></Heading><Section><MarginalNote>Consultations</MarginalNote><Label>43</Label><Text>The members of the Tribunal may consult with other members of the Tribunal in respect of any matter before it.</Text></Section><Section><MarginalNote>Rules of evidence</MarginalNote><Label>44</Label><Text>The Tribunal is not bound by any legal or technical rules of evidence in conducting any matter that comes before it. It must deal with matters that come before it as informally and expeditiously as the circumstances and considerations of fairness and natural justice permit.</Text></Section><Section><MarginalNote>Privileged evidence not receivable</MarginalNote><Label>45</Label><Text>The Tribunal is not entitled to receive or accept as evidence anything that would be inadmissible in a court by reason of any privilege under the law of evidence.</Text></Section></AmendedText></Section><Heading level="5" style="nifrp"><TitleText>
                    — 2014, c. 20, ss. 480(1), (4)</TitleText></Heading><Section type="amending"><MarginalNote><HistoricalNote>2012, c. 24</HistoricalNote></MarginalNote><Label>480</Label><Subsection type="amending"><Label>(1)</Label><Text>In this section, <DefinedTermEn>other Act</DefinedTermEn> means the <XRefExternal reference-type="act">Safe Food for Canadians Act</XRefExternal>.</Text></Subsection><Subsection type="amending"><Label>(4)</Label><Text>On the first day on which both section <XRefInternal>376</XRefInternal> of this Act and section 102 of the other Act are in force,</Text><Paragraph type="amending"><Label>(a)</Label><Text>subsection 33(1) of the <XRefExternal reference-type="act">Agriculture and Agri-Food Administrative Monetary Penalties Act</XRefExternal> is replaced by the following:</Text><AmendedText include-in-TableOfProvisions="no"><Section><MarginalNote>Duties of Chairperson</MarginalNote><Label>33</Label><Subsection><Label>(1)</Label><Text>The Chairperson apportions work among the Tribunal’s members.</Text></Subsection></Section></AmendedText></Paragraph><Paragraph type="amending"><Label>(b)</Label><Text>the heading before section 35 and sections 35 and 36 of the <XRefExternal reference-type="act">Agriculture and Agri-Food Administrative Monetary Penalties Act</XRefExternal> are repealed.</Text></Paragraph></Subsection></Section><Heading level="5" style="nifrp"><TitleText>
                    — 2016, c. 9, ss. 72(1), (4), (5)</TitleText></Heading><Section type="amending"><MarginalNote><HistoricalNote>2012, c. 24</HistoricalNote></MarginalNote><Label>72</Label><Subsection type="amending"><Label>(1)</Label><Text>In this section, <DefinedTermEn>other Act</DefinedTermEn> means the <XRefExternal reference-type="act">Safe Food for Canadians Act</XRefExternal>.</Text></Subsection><Subsection type="amending"><Label>(4)</Label><Text>On the first day on which both section <XRefInternal>70</XRefInternal> of this Act and section 99 of the other Act are in force, subparagraph 4(1)(a)(iii) of the <XRefExternal reference-type="act">Agriculture and Agri-Food Administrative Monetary Penalties Act</XRefExternal> is replaced by the following:</Text><AmendedText><SectionPiece><Subparagraph><Label>(iii)</Label><Text>the refusal or neglect to perform any specified duty, or class of duties, imposed by or under the <XRefExternal reference-type="act">Plant Protection Act</XRefExternal>, the <XRefExternal reference-type="act">Health of Animals Act</XRefExternal>, the <XRefExternal reference-type="act">Pest Control Products Act</XRefExternal> or the <XRefExternal reference-type="act">Safe Food for Canadians Act</XRefExternal>;</Text></Subparagraph></SectionPiece></AmendedText></Subsection><Subsection type="amending"><Label>(5)</Label><Text>On the first day on which both section <XRefInternal>71</XRefInternal> of this Act and section 100 of the other Act are in force, paragraph 7(1)(c) of the English version of the <XRefExternal reference-type="act">Agriculture and Agri-Food Administrative Monetary Penalties Act</XRefExternal> is replaced by the following:</Text><AmendedText><SectionPiece><Paragraph><Label>(c)</Label><Text>refuses or neglects to perform any duty imposed by or under the <XRefExternal reference-type="act">Plant Protection Act</XRefExternal>, the <XRefExternal reference-type="act">Health of Animals Act</XRefExternal>, the <XRefExternal reference-type="act">Pest Control Products Act</XRefExternal> or the <XRefExternal reference-type="act">Safe Food for Canadians Act</XRefExternal></Text></Paragraph></SectionPiece></AmendedText></Subsection></Section></BillPiece></Schedule></Statute>