﻿<?xml version="1.0" encoding="utf-8"?><!--Arbortext, Inc., 1988-2004, v.4002--><!DOCTYPE Statute PUBLIC "-//Justice Canada//DTD Statute v2.0.0//EN" "Dtd/Version_2.0.0/Statute/Statute.dtd"><Statute bill-origin="commons" bill-type="govt-public" xml:lang="en" in-force="yes"><Identification><BillNumber>C-44</BillNumber><Parliament><Session>1</Session><Number>42</Number><RegnalYear><Year-s>64-65-66</Year-s><Monarch>Elizabeth II</Monarch></RegnalYear><Year-s>2015-2016-2017</Year-s></Parliament><LongTitle>An Act to provide the Minister of Finance with borrowing authority and to provide for a maximum amount of certain borrowings</LongTitle><ShortTitle status="official">Borrowing Authority Act</ShortTitle><RunningHead>Borrowing Authority Act</RunningHead><BillHistory><Stages stage="consolidation"><Date><YYYY>2018</YYYY><MM>08</MM><DD>20</DD></Date></Stages><Stages stage="assented-to"><Date><YYYY>2017</YYYY><MM>6</MM><DD>22</DD></Date></Stages></BillHistory><Chapter><ConsolidatedNumber official="no">B-6.3</ConsolidatedNumber><AnnualStatuteId><AnnualStatuteNumber>20, s. 103</AnnualStatuteNumber><YYYY>2017</YYYY></AnnualStatuteId></Chapter><ReaderNote><Note status="editorial">[Enacted by section 103 of chapter 20 of the Statutes of Canada, 2017, in force November 23, 2017, <Emphasis style="italic">see</Emphasis> SI/2017-73.]</Note></ReaderNote></Identification><Introduction><Enacts><Provision format-ref="indent-0-0" language-align="yes" list-item="no"><Text /></Provision></Enacts></Introduction><Body><Section><MarginalNote>Short title</MarginalNote><Label>1</Label><Text>This Act may be cited as the <XRefExternal reference-type="act">Borrowing Authority Act</XRefExternal>.</Text></Section><Section><MarginalNote>Definitions</MarginalNote><Label>2</Label><Text>The following definitions apply in this Act.</Text><Definition><Text><DefinedTermEn>agent corporation</DefinedTermEn> has the same meaning as in subsection 83(1) of the <XRefExternal reference-type="act">Financial Administration Act</XRefExternal>. (<DefinedTermFr>société mandataire</DefinedTermFr>)</Text></Definition><Definition><Text><DefinedTermEn>Minister</DefinedTermEn> means the Minister of Finance. (<DefinedTermFr>ministre</DefinedTermFr>)</Text></Definition></Section><Section><MarginalNote>Borrowing authority</MarginalNote><Label>3</Label><Text>The Minister, with the authorization of the Governor in Council under subsection 44(1) of the <XRefExternal reference-type="act">Financial Administration Act</XRefExternal> and in accordance with that Act, may borrow money on behalf of Her Majesty in right of Canada, by way of the issue and sale of <DefinitionRef>securities</DefinitionRef>, as defined in section 2 of that Act, or otherwise.</Text></Section><Section><MarginalNote>Maximum amount that may be borrowed</MarginalNote><Label>4</Label><Text>Despite section 3 and any other Act of Parliament, but subject to section 6, the total of the following amounts must not at any time exceed $1,168,000,000,000:</Text><Paragraph><Label>(a)</Label><Text>the total amount of money borrowed by the Minister under section 3, the <XRefExternal reference-type="act">Financial Administration Act</XRefExternal> and the borrowing authority Acts listed in the schedule,</Text></Paragraph><Paragraph><Label>(b)</Label><Text>the total amount of money borrowed by way of the issue and sale of Canada Mortgage Bonds that are guaranteed by the Canada Mortgage and Housing Corporation, and</Text></Paragraph><Paragraph><Label>(c)</Label><Text>the total amount of money borrowed by all agent corporations, by way of the issue and sale of their securities or otherwise, other than</Text><Subparagraph><Label>(i)</Label><Text>amounts that they borrowed from Her Majesty in right of Canada, and</Text></Subparagraph><Subparagraph><Label>(ii)</Label><Text>amounts that they are deemed under any other Act of Parliament to have borrowed.</Text></Subparagraph></Paragraph></Section><Section><MarginalNote>Exception — amounts not counting towards total</MarginalNote><Label>5</Label><Text>The following amounts do not count in the calculation of the amount referred to in paragraph 4(a):</Text><Paragraph><Label>(a)</Label><Text>amounts borrowed by the Minister under an order made under paragraph 46.1(c) of the <XRefExternal reference-type="act">Financial Administration Act</XRefExternal>; and</Text></Paragraph><Paragraph><Label>(b)</Label><Text>amounts borrowed by the Minister under an order made under paragraph 46.1(a) of that Act for the payment of any amount in respect of a debt that was originally incurred under an order made under paragraph 46.1(c) of that Act.</Text></Paragraph></Section><Section><MarginalNote>Exception — maximum amount may be exceeded</MarginalNote><Label>6</Label><Text>The Minister may borrow an amount under an order made under paragraph 46.1(a) or (b) of the <XRefExternal reference-type="act">Financial Administration Act</XRefExternal> even if that borrowing causes the maximum amount referred to in section 4 of this Act to be exceeded.</Text></Section><Section><MarginalNote>Minister’s responsibility</MarginalNote><Label>7</Label><Text>In the exercise of the Minister’s powers and duties under subsection 14(1) of the <XRefExternal reference-type="act">National Housing Act</XRefExternal> in respect of guarantees of Canada Mortgage Bonds by the Canada Mortgage and Housing Corporation, and of his or her powers and duties under subsections 127(2) and (3) of the <XRefExternal reference-type="act">Financial Administration Act</XRefExternal> in respect of agent corporations, the Minister must ensure that the maximum amount referred to in section 4 of this Act is not exceeded.</Text></Section><Section><MarginalNote>Report to Parliament</MarginalNote><Label>8</Label><Subsection><Label>(1)</Label><Text>The Minister must cause to be tabled in each House of Parliament within three years after the day on which this section comes into force — or, if the House is not sitting on the last day of that three-year period, during the next 30 days that it is sitting — a report indicating</Text><Paragraph><Label>(a)</Label><Text>the total amount of borrowed money referred to in each of paragraphs 4(a) to (c);</Text></Paragraph><Paragraph><Label>(b)</Label><Text>the total amount of money borrowed under orders made under each of paragraphs 46.1(a) to (c) of the <XRefExternal reference-type="act">Financial Administration Act</XRefExternal>; and</Text></Paragraph><Paragraph><Label>(c)</Label><Text>the Minister’s assessment of whether the maximum amount referred to in section 4 of this Act should be increased or decreased.</Text></Paragraph></Subsection><Subsection><MarginalNote>Subsequent triennial reports</MarginalNote><Label>(2)</Label><Text>The Minister must cause to be tabled in each House of Parliament, on or before the May 31 that follows the end of the third fiscal year after the fiscal year during which a report was previously tabled under this section — or, if the House is not sitting on that May 31, during the next 30 days that it is sitting — a report indicating the matters set out in paragraphs (1)(a) to (c).</Text></Subsection></Section></Body><Schedule><ScheduleFormHeading><Label>SCHEDULE</Label><OriginatingRef>(Paragraph 4(a))</OriginatingRef><TitleText>Borrowing Authority Acts</TitleText></ScheduleFormHeading><List first-line-indent="0" language-align="yes" subsequent-line-indent="2.5"><Item><Label>1</Label><Text><XRefExternal reference-type="act">Borrowing Authority Act, 1986-87</XRefExternal>, S.C. 1986, c. 19</Text></Item><Item><Label>2</Label><Text><XRefExternal reference-type="act">Borrowing Authority Act, 1986-87 (No. 2)</XRefExternal>, S.C. 1987, c. 5, Part I</Text></Item><Item><Label>3</Label><Text><XRefExternal reference-type="act">Borrowing Authority Act, 1987-88</XRefExternal>, S.C. 1987, c. 5, Part II</Text></Item><Item><Label>4</Label><Text><XRefExternal reference-type="act">Borrowing Authority Act, 1988-89</XRefExternal>, S.C. 1988, c. 7</Text></Item><Item><Label>5</Label><Text><XRefExternal reference-type="act">Borrowing Authority Act, 1989-90</XRefExternal>, S.C. 1989, c. 4</Text></Item><Item><Label>6</Label><Text><XRefExternal reference-type="act">Borrowing Authority Act, 1990-91</XRefExternal>, S.C. 1990, c. 19</Text></Item><Item><Label>7</Label><Text><XRefExternal reference-type="act">Borrowing Authority Act, 1991-92</XRefExternal>, S.C. 1991, c. 23</Text></Item><Item><Label>8</Label><Text><XRefExternal reference-type="act">Borrowing Authority Act, 1992-93</XRefExternal>, S.C. 1992, c. 12</Text></Item><Item><Label>9</Label><Text><XRefExternal reference-type="act">Borrowing Authority Act, 1992-93 (No. 2)</XRefExternal>, S.C. 1993, c. 4</Text></Item><Item><Label>10</Label><Text><XRefExternal reference-type="act">Borrowing Authority Act, 1993-94</XRefExternal>, S.C. 1993, c. 20</Text></Item><Item><Label>11</Label><Text><XRefExternal reference-type="act">Borrowing Authority Act, 1994-95</XRefExternal>, S.C. 1994, c. 4</Text></Item><Item><Label>12</Label><Text><XRefExternal reference-type="act">Borrowing Authority Act, 1995-96</XRefExternal>, S.C. 1995, c. 8</Text></Item><Item><Label>13</Label><Text><XRefExternal reference-type="act">Borrowing Authority Act, 1996-97</XRefExternal>, S.C. 1996, c. 3</Text></Item></List></Schedule></Statute>