﻿<?xml version="1.0" encoding="utf-8"?><!DOCTYPE Statute PUBLIC "-//Justice Canada//DTD Statute v2.0.0//EN" "Dtd/Version_2.0.0/Statute/Statute.dtd"><Statute bill-origin="commons" bill-type="govt-public" xml:lang="en" in-force="yes"><Identification><LongTitle>An Act to authorize the Construction and Maintenance of a Bridge and Tunnel across the St. Lawrence River at the Boucherville Islands, in the Province of Quebec</LongTitle><ShortTitle status="official">Boucherville Islands Bridge and Tunnel Act</ShortTitle><RunningHead>Boucherville Islands Bridge and Tunnel</RunningHead><BillHistory><Stages stage="assented-to"><Date><YYYY>1963</YYYY><MM>July</MM><DD>31</DD></Date></Stages><Stages stage="consolidation"><Date><YYYY>2018</YYYY><MM>08</MM><DD>20</DD></Date></Stages></BillHistory><Chapter><ConsolidatedNumber official="no">B-6.4</ConsolidatedNumber><AnnualStatuteId revised-statute="no"><AnnualStatuteNumber>6</AnnualStatuteNumber><YYYY>1963</YYYY></AnnualStatuteId></Chapter></Identification><Introduction><Enacts><Provision format-ref="indent-0-0" language-align="no"><Text>Her Majesty, by and with the advice and consent of the Senate and House of Commons of Canada, enacts as follows:—</Text></Provision></Enacts></Introduction><Body><Heading level="1"><TitleText>Short Title</TitleText></Heading><Section><MarginalNote>Short title</MarginalNote><Label>1</Label><Text>This Act may be cited as the <XRefExternal reference-type="act">Boucherville Islands Bridge and Tunnel Act</XRefExternal>.</Text></Section><Section><MarginalNote>Construction of bridge authorized</MarginalNote><Label>2</Label><Text>Subject to this Act, the Province of Quebec (hereinafter referred to as "the Province") is hereby authorized to construct and maintain a bridge, approaches and other works ancillary thereto, for the use and passage of persons, vehicles and goods, across and over the St. Lawrence River from a point at or near the City of Jacques Cartier, Quebec, to a point on Charron Island, one of the Boucherville Islands, Quebec.</Text></Section><Section><MarginalNote>Construction of tunnel authorized</MarginalNote><Label>3</Label><Text>Subject to this Act, the Province is hereby authorized to construct and maintain a tunnel, approaches and other works ancillary thereto, for the use and passage of persons, vehicles and goods, across and under the St. Lawrence River from a point at or near the City of Montreal, Quebec to a point on Charron Island, one of the Boucherville Islands, Quebec.</Text></Section><Section><MarginalNote>Plans and drawings to be submitted</MarginalNote><Label>4</Label><Subsection><Label>(1)</Label><Text>The bridge and tunnel described in sections 2 and 3 respectively and the works ancillary thereto shall be constructed and maintained in accordance with and subject to such regulations for the safeguarding of navigation of the St. Lawrence River as the Governor in Council may prescribe, and, for that purpose, the Province shall, prior to the commencement of construction of the bridge, tunnel or ancillary works, submit to the Governor in Council for examination and approval plans and drawings thereof and a map of their proposed locations, indicating accurately all relevant soundings and showing the bed of the stream and the location of all other bridges in the area, and furnish to the Governor in Council such other information as is required for a full and satisfactory understanding of the project.</Text></Subsection><Subsection><MarginalNote>Approval of plans and drawings prior to commencement</MarginalNote><Label>(2)</Label><Text>Construction of the bridge, tunnel or works ancillary thereto shall not be commenced until such time as the plans and drawings referred to in subsection (1) and the location of the bridge, tunnel and ancillary works have been approved by the Governor in Council, and no material change in such plans or drawings, or in the location of the bridge, tunnel or ancillary works shall be made after the commencement of construction thereof except with the prior approval of the Governor in Council.</Text></Subsection></Section><Section><MarginalNote>Regulations</MarginalNote><Label>5</Label><Subsection><Label>(1)</Label><Text>The Governor in Council may, in addition to any regulations authorized by section 4, make such regulations in relation to the bridge and tunnel described in sections 2 and 3 and the works ancillary thereto, as he deems necessary for navigation purposes.</Text></Subsection><Subsection><MarginalNote>Compliance</MarginalNote><Label>(2)</Label><Text>All persons affected by any regulation made under the authority of this Act shall comply therewith.</Text></Subsection></Section></Body></Statute>