﻿<?xml version="1.0" encoding="utf-8"?><!--Arbortext, Inc., 1988-2004, v.4002--><!DOCTYPE Statute PUBLIC "-//Justice Canada//DTD Statute v2.0.0//EN" "Dtd/Version_2.0.0/Statute/Statute.dtd"><Statute bill-origin="commons" bill-type="govt-public" xml:lang="en" in-force="yes"><Identification><BillNumber>C-45</BillNumber><Parliament><Session>1</Session><Number>41</Number><RegnalYear><Year-s>60-61</Year-s><Monarch>Elizabeth II</Monarch></RegnalYear><Year-s>2011-2012</Year-s></Parliament><LongTitle>An Act respecting a bridge spanning the Detroit River between Windsor and Detroit and other works</LongTitle><ShortTitle status="official">Bridge To Strengthen Trade Act</ShortTitle><RunningHead>Bridge To Strengthen Trade</RunningHead><BillHistory><Stages stage="consolidation"><Date><YYYY>2018</YYYY><MM>08</MM><DD>20</DD></Date></Stages><Stages stage="assented-to"><Date><YYYY>2012</YYYY><MM>12</MM><DD>14</DD></Date></Stages></BillHistory><Chapter><ConsolidatedNumber official="no">B-8.05</ConsolidatedNumber><AnnualStatuteId><AnnualStatuteNumber>31, s. 179</AnnualStatuteNumber><YYYY>2012</YYYY></AnnualStatuteId></Chapter><ReaderNote><Note status="editorial" xml:space="default">[Enacted by section 179 of chapter 31 of the Statutes of Canada, 2012, in force on assent December 14, 2012.]</Note></ReaderNote></Identification><Introduction><Enacts><Provision format-ref="indent-0-0" language-align="yes" list-item="no"><Text /></Provision></Enacts></Introduction><Body><Heading level="1"><TitleText>Short Title</TitleText></Heading><Section><MarginalNote>Short title</MarginalNote><Label>1</Label><Text>This Act may be cited as the <XRefExternal reference-type="act">Bridge To Strengthen Trade Act</XRefExternal>.</Text></Section><Heading level="1"><TitleText>Interpretation</TitleText></Heading><Section><MarginalNote>Definitions</MarginalNote><Label>2</Label><Text>The following definitions apply in this Act.</Text><Definition><MarginalNote><DefinedTermEn>bridge</DefinedTermEn></MarginalNote><MarginalNote><DefinedTermFr>pont</DefinedTermFr></MarginalNote><Text><DefinedTermEn>bridge</DefinedTermEn> means a bridge that spans the Detroit River and connects Windsor, Ontario to Detroit, Michigan and whose piers, in Ontario, are located within the boundaries of the territory described in the schedule, as well as the approaches to the bridge.</Text></Definition><Definition><MarginalNote><DefinedTermEn>construction</DefinedTermEn></MarginalNote><MarginalNote><DefinedTermFr>construction</DefinedTermFr></MarginalNote><Text><DefinedTermEn>construction</DefinedTermEn> in relation to the bridge, the parkway or a related work, includes any work or activity related to its construction.</Text></Definition><Definition><MarginalNote><DefinedTermEn>Minister</DefinedTermEn></MarginalNote><MarginalNote><DefinedTermFr>ministre</DefinedTermFr></MarginalNote><Text><DefinedTermEn>Minister</DefinedTermEn> means the Minister of Transport.</Text></Definition><Definition><MarginalNote><DefinedTermEn>operation</DefinedTermEn></MarginalNote><MarginalNote><DefinedTermFr>exploitation</DefinedTermFr></MarginalNote><Text><DefinedTermEn>operation</DefinedTermEn> in relation to the bridge or a related work, includes its maintenance and repair.</Text></Definition><Definition><MarginalNote><DefinedTermEn>parkway</DefinedTermEn></MarginalNote><MarginalNote><DefinedTermFr>promenade</DefinedTermFr></MarginalNote><Text><DefinedTermEn>parkway</DefinedTermEn> means a road connecting Highway 401 with any work referred to in paragraph (a) or (b) of the definition <DefinedTermEn>related work</DefinedTermEn> that is located within the boundaries of the territory described in the schedule and any works ancillary to that road.</Text></Definition><Definition><MarginalNote><DefinedTermEn>person</DefinedTermEn></MarginalNote><MarginalNote><DefinedTermFr>personne</DefinedTermFr></MarginalNote><Text><DefinedTermEn>person</DefinedTermEn> means an individual, corporation, partnership, trust, joint venture or unincorporated association or organization.</Text></Definition><Definition><MarginalNote><DefinedTermEn>related work</DefinedTermEn></MarginalNote><MarginalNote><DefinedTermFr>ouvrage connexe</DefinedTermFr></MarginalNote><Text><DefinedTermEn>related work</DefinedTermEn> means any of the following works:</Text><Paragraph><Label>(a)</Label><Text>any border services facility related to the bridge that is located in Michigan or within the boundaries of the territory described in the schedule;</Text></Paragraph><Paragraph><Label>(b)</Label><Text>any work useful to the operation of the bridge or any border services facility referred to in paragraph (a), including toll booths, duty-free shops and parking lots, that is located in Michigan or within the boundaries of the territory described in the schedule;</Text></Paragraph><Paragraph><Label>(c)</Label><Text>any road or interchange connecting Interstate 75 with any work referred to in paragraph (a) or (b) that is located in Michigan;</Text></Paragraph><Paragraph><Label>(d)</Label><Text>any work that is accessory to the bridge or to any work referred to in paragraphs (a) to (c); and</Text></Paragraph><Paragraph><Label>(e)</Label><Text>any other work specified in the regulations.</Text></Paragraph></Definition></Section><Heading level="1"><TitleText>Construction of the Bridge, Parkway and Related Works</TitleText></Heading><Section><MarginalNote>Exemption from certain Acts and regulations</MarginalNote><Label>3</Label><Text>The <XRefExternal reference-type="act">Fisheries Act</XRefExternal>, the <XRefExternal reference-type="act">Navigation Protection Act</XRefExternal>, the <XRefExternal reference-type="act">Species at Risk Act</XRefExternal>, section 6 of the <XRefExternal reference-type="act">International Bridges and Tunnels Act</XRefExternal> and the <XRefExternal reference-type="regulation">Port Authorities Operations Regulations</XRefExternal> do not apply to the construction of the bridge, parkway or any related work.</Text><HistoricalNote>2012, c. 31, ss. 179 "3", 183.</HistoricalNote></Section><Section><MarginalNote>Exemption from <XRefExternal reference-type="act">Canadian Environmental Assessment Act, 2012</XRefExternal></MarginalNote><Label>4</Label><Subsection><Label>(1)</Label><Text>Subject to subsection (2), the <XRefExternal reference-type="act">Canadian Environmental Assessment Act, 2012</XRefExternal> does not apply to the bridge, parkway or any related work.</Text></Subsection><Subsection><MarginalNote>Expansion, decommissioning, abandonment</MarginalNote><Label>(2)</Label><Text>The expansion, decommissioning or abandonment of the bridge, parkway or any related work is a project as defined in section 66 of the <XRefExternal reference-type="act">Canadian Environmental Assessment Act, 2012</XRefExternal> and is subject to sections 67 to 72 of that Act.</Text></Subsection></Section><Section><MarginalNote>Responsible authority</MarginalNote><Label>5</Label><Subsection><Label>(1)</Label><Text>A responsible authority is exempt from any obligation accrued or accruing under subsections 20(2) and 38(1) of the <XRefExternal reference-type="act">Canadian Environmental Assessment Act</XRefExternal>, chapter 37 of the Statutes of Canada, 1992, in relation to the bridge, parkway or any related work.</Text></Subsection><Subsection><MarginalNote>Windsor Port Authority</MarginalNote><Label>(2)</Label><Text>The Windsor Port Authority is exempt from any obligation accrued or accruing under subsection 15(2) of the <XRefExternal reference-type="act">Canada Port Authority Environmental Assessment Regulations</XRefExternal> in relation to the bridge, parkway or any related work.</Text></Subsection></Section><Section><MarginalNote>Other exemptions</MarginalNote><Label>6</Label><Subsection><Label>(1)</Label><Text>The Governor in Council may, by order, exempt any person, on any condition that the Governor in Council considers to be in the public interest, from any requirement under any federal Act to obtain a permit, licence, approval or other authorization in relation to the construction of the bridge, parkway or any related work.</Text></Subsection><Subsection><MarginalNote>Exemption from <XRefExternal reference-type="act">Statutory Instruments Act</XRefExternal></MarginalNote><Label>(2)</Label><Text>The <XRefExternal reference-type="act">Statutory Instruments Act</XRefExternal> does not apply to the order. However, the order must be published in the <XRefExternal reference-type="other">Canada Gazette</XRefExternal>.</Text></Subsection><Subsection><MarginalNote>Authorizations deemed issued</MarginalNote><Label>(3)</Label><Text>After completion of the construction of the bridge, parkway or the related work, as the case may be, any authorization that would have been required in relation to its construction but for an exemption granted under subsection (1), is deemed to have been issued for the purpose of the application of the federal Act for which the exemption was granted.</Text></Subsection></Section><Section><MarginalNote>Construction of bridge</MarginalNote><Label>7</Label><Subsection><Label>(1)</Label><Text>Before a person who proposes the construction of the bridge begins its construction, they must file with the Minister a plan that includes all measures to be taken to mitigate the bridge’s impact on navigation, the plans for its design and construction, a description of its proposed site and the plans for its management and operation.</Text></Subsection><Subsection><MarginalNote>Obligation to consult</MarginalNote><Label>(2)</Label><Text>The person must consult with the Minister before filing the plan.</Text></Subsection></Section><Section><MarginalNote>Harm to fish</MarginalNote><Label>8</Label><Subsection><Label>(1)</Label><Text>Before a person who proposes to carry on any work, undertaking or activity, for the purpose of the construction of the bridge, parkway or any related work and for which an authorization referred to in paragraphs 35(2)(b) or (c) of the <XRefExternal reference-type="act">Fisheries Act</XRefExternal> would have been required but for section 3, begins to carry on the work, undertaking or activity, they must file with the Minister a plan that includes all measures to be taken to mitigate the harm to fish that are part of a commercial, recreational or Aboriginal fishery, or to fish that support such a fishery resulting from the carrying on of the work, undertaking or activity.</Text></Subsection><Subsection><MarginalNote>Obligation to consult</MarginalNote><Label>(2)</Label><Text>The person must consult with the Minister of Fisheries and Oceans before filing the plan.</Text></Subsection><Subsection><MarginalNote>Authorizations under <XRefExternal reference-type="act">Fisheries Act</XRefExternal></MarginalNote><Label>(3)</Label><Text>Any authorization referred to in paragraph 35(2)(b) or (c) of the <XRefExternal reference-type="act">Fisheries Act</XRefExternal> that was issued before the coming into force of this section in relation to the carrying on of such a work, undertaking or activity is deemed to be a plan that has been filed in accordance with subsections (1) and (2).</Text></Subsection><Subsection><MarginalNote>Transitional provision</MarginalNote><Label>(4)</Label><Text>If a plan was filed with respect to a work, undertaking or activity under subsection (1) as it read before the coming into force of this subsection, then, as of that coming into force, that subsection (1) continues to apply with respect to that work, undertaking or activity.</Text></Subsection><HistoricalNote>2012, c. 31, ss. 179 "8", 184.</HistoricalNote></Section><Section><MarginalNote>Impact on listed wildlife species, etc.</MarginalNote><Label>9</Label><Subsection><Label>(1)</Label><Text>Before a person who proposes to engage in an activity affecting a listed wildlife species, any part of its critical habitat or the residences of its individuals, for the purpose of the construction of the bridge, parkway or any related work and for which an authorization under subsection 73(1) of the <XRefExternal reference-type="act">Species at Risk Act</XRefExternal> would have been required but for section 3, begins to engage in the activity, they must file with the Minister a plan that includes all measures to be taken to mitigate the impact of the activity on the species, its critical habitat or the residences of its individuals.</Text></Subsection><Subsection><MarginalNote>Obligation to consult</MarginalNote><Label>(2)</Label><Text>The person must consult with the Minister of the Environment before filing the plan.</Text></Subsection><Subsection><MarginalNote>Authorizations under <XRefExternal reference-type="act">Species at Risk Act</XRefExternal></MarginalNote><Label>(3)</Label><Text>Any authorization referred to in subsection 73(1) of the <XRefExternal reference-type="act">Species at Risk Act</XRefExternal> that was granted before the coming into force of this section in relation to the activity is deemed to be a plan that has been filed in accordance with subsections (1) and (2).</Text></Subsection></Section><Section><MarginalNote>Adverse environmental effects</MarginalNote><Label>10</Label><Text>Before a person who proposes the construction in Canada of the bridge or of any work referred to in paragraph (a) or (b) of the definition <DefinedTermEn>related work</DefinedTermEn> in section 2 begins its construction, they must file with the Minister a plan that includes all measures to be taken to mitigate any adverse environmental effects caused by the construction and sets out a process for consulting the public with respect to the construction.</Text></Section><Section><MarginalNote><XRefExternal reference-type="regulation">Port Authorities Operations Regulations</XRefExternal></MarginalNote><Label>11</Label><Subsection><Label>(1)</Label><Text>Before a person who proposes to do anything in the Port of Windsor — in order to construct the bridge — that will have or is likely to have any result that is listed in section 5 of the <XRefExternal reference-type="regulation">Port Authorities Operations Regulations</XRefExternal> begins to do any such thing, they must file with the Minister a plan that includes all measures to be taken to mitigate or prevent the result.</Text></Subsection><Subsection><MarginalNote>Obligation to consult</MarginalNote><Label>(2)</Label><Text>The person must consult with the Windsor Port Authority before filing the plan.</Text></Subsection></Section><Section><MarginalNote>Plan amendment</MarginalNote><Label>12</Label><Subsection><Label>(1)</Label><Text>Any person who files a plan under any of sections 7 to 11 may amend that plan.</Text></Subsection><Subsection><MarginalNote>Application of sections 7 to 11 to amended plan</MarginalNote><Label>(2)</Label><Text>The requirements regarding the content of a plan filed under any of sections 7 to 11, as well as any obligation to consult with respect to that plan, also apply to the corresponding amended plan.</Text></Subsection><Subsection><MarginalNote>Filing of amended plan</MarginalNote><Label>(3)</Label><Text>The person must file the amended plan with the Minister. Once filed, the amended plan replaces the plan previously filed.</Text></Subsection></Section><Section><MarginalNote>Implementation of and compliance with plans</MarginalNote><Label>13</Label><Text>Any person who files a plan must ensure that it is implemented and complied with.</Text></Section><Heading level="1"><TitleText>Operation of the Bridge and Related Works</TitleText></Heading><Section><MarginalNote>Designation of initial operator</MarginalNote><Label>14</Label><Subsection><Label>(1)</Label><Text>The Minister may designate, in writing, a person as the initial operator of the bridge and any related work.</Text></Subsection><Subsection><MarginalNote>Exemption from <XRefExternal reference-type="act">International Bridges and Tunnels Act</XRefExternal></MarginalNote><Label>(2)</Label><Text>Paragraph 23(1)(b) of the <XRefExternal reference-type="act">International Bridges and Tunnels Act</XRefExternal> does not apply to the initial operator.</Text></Subsection><Subsection><MarginalNote>Exemption from <XRefExternal reference-type="act">Statutory Instruments Act</XRefExternal></MarginalNote><Label>(3)</Label><Text>The <XRefExternal reference-type="act">Statutory Instruments Act</XRefExternal> does not apply to the designation.</Text></Subsection></Section><Heading level="1"><TitleText>General Provisions</TitleText></Heading><Section><MarginalNote>Authorization — persons</MarginalNote><Label>15</Label><Subsection><Label>(1)</Label><Text>Any person may, with the approval of the Governor in Council, do anything referred to in any of paragraphs 90(1)(a) to (e) of the <XRefExternal reference-type="act">Financial Administration Act</XRefExternal> for any purpose relating to the construction or operation of the bridge or any related work.</Text></Subsection><Subsection><MarginalNote>Authorization — parent Crown corporation</MarginalNote><Label>(2)</Label><Text>Any parent Crown corporation as defined in subsection 83(1) of the <XRefExternal reference-type="act">Financial Administration Act</XRefExternal> may, with the approval of the Governor in Council, sell or otherwise dispose of all or substantially all of the corporation’s assets for any purpose relating to the construction or operation of the bridge or any related work.</Text></Subsection></Section><Section><MarginalNote>Definition of <DefinedTermEn>corporation</DefinedTermEn></MarginalNote><Label>16</Label><Text>For the purposes of sections 17 to 21, <DefinedTermEn>corporation</DefinedTermEn> means a corporation established under section 29 of the <XRefExternal reference-type="act">International Bridges and Tunnels Act</XRefExternal> for any purpose relating to the construction or operation of the bridge or any related work.</Text></Section><Section><MarginalNote>Authorization to construct and operate</MarginalNote><Label>17</Label><Subsection><Label>(1)</Label><Text>Subject to its letters patent, a corporation is authorized to construct and operate the bridge or any related work.</Text></Subsection><Subsection><MarginalNote>Authorization by corporation</MarginalNote><Label>(2)</Label><Text>The corporation may authorize another person to construct or operate the bridge or related work.</Text></Subsection></Section><Section><MarginalNote>Deeming — establishment of corporation</MarginalNote><Label>18</Label><Subsection><Label>(1)</Label><Text>A corporation that was established before the coming into force of section <XRefInternal>180</XRefInternal> of the <XRefExternal reference-type="act">Jobs and Growth Act, 2012</XRefExternal> is deemed to have been established under section 29 of the <XRefExternal reference-type="act">International Bridges and Tunnels Act</XRefExternal> as amended by that section <XRefInternal>180</XRefInternal> and its establishment is deemed to have been authorized for the purpose of paragraph 90(1)(a) of the <XRefExternal reference-type="act">Financial Administration Act</XRefExternal>.</Text></Subsection><Subsection><MarginalNote>Deeming — action taken by corporation</MarginalNote><Label>(2)</Label><Text>Any action taken by the corporation between the date of its establishment and the date of the coming into force of this section is deemed to have been taken as if sections 16, 17 and 19 to 21 were in force at the time that the action was taken.</Text></Subsection></Section><Section><MarginalNote>Not agent of Her Majesty</MarginalNote><Label>19</Label><Text>A corporation is not an agent of Her Majesty in right of Canada.</Text></Section><Section><MarginalNote>Public agency</MarginalNote><Label>20</Label><Text>A corporation is deemed to be a public agency for the purposes of the <XRefExternal reference-type="act">Urban Cooperation Act of 1967</XRefExternal>, MCL 124.501 to 124.512, an Act of the state of Michigan.</Text></Section><Section><MarginalNote>Public body corporate and compact entity</MarginalNote><Label>21</Label><Text>A corporation may enter into an agreement with the government of the state of Michigan or of any political subdivision of that state or with any of their agencies or agents to establish an entity that is both a public body corporate and a compact entity under the laws of the United States.</Text></Section><Section><MarginalNote>Agreements</MarginalNote><Label>22</Label><Subsection><Label>(1)</Label><Text>The Minister may enter into an agreement for any purpose relating to the construction or operation of the bridge, parkway or any related work with any person or with the government of the United States or of any political subdivision of the United States or any of their agencies or agents.</Text></Subsection><Subsection><MarginalNote>Contents of agreement</MarginalNote><Label>(2)</Label><Text>The agreement may include undertakings to provide financial assistance by Canada, including the granting of guarantees.</Text></Subsection><Subsection><MarginalNote>Authority to carry out agreement</MarginalNote><Label>(3)</Label><Text>The Minister may take any measures that he or she considers appropriate to carry out the agreement or to protect the interests or enforce the rights of Her Majesty in right of Canada under the agreement, including accepting and holding on behalf of Her Majesty any security granted under the agreement or releasing or realizing on that security.</Text></Subsection></Section><Heading level="1"><TitleText>Information Gathering</TitleText></Heading><Section><MarginalNote>Production of documents</MarginalNote><Label>23</Label><Subsection><Label>(1)</Label><Text>The Minister may, for the purpose of verifying compliance with this Act, by registered letter or by a demand served personally, require any person to produce at a place specified in the letter or in the demand any document that the Minister believes is relevant for that purpose that is in the person’s possession, or to which the person may reasonably be expected to have access, within any reasonable time and in any reasonable manner that is specified in the letter or demand.</Text></Subsection><Subsection><MarginalNote>Compliance</MarginalNote><Label>(2)</Label><Text>A person who is required to produce any document under subsection (1) must do so as required.</Text></Subsection></Section><Heading level="1"><TitleText>Offences</TitleText></Heading><Section><MarginalNote>Offence</MarginalNote><Label>24</Label><Text>A person who contravenes any of sections <XRefInternal>7</XRefInternal> to <XRefInternal>11</XRefInternal> and <XRefInternal>13</XRefInternal> and subsection <XRefInternal>23</XRefInternal>(2) is guilty of an offence punishable on summary conviction and liable</Text><Paragraph><Label>(a)</Label><Text>in the case of an individual, to a fine of not more than $25,000; and</Text></Paragraph><Paragraph><Label>(b)</Label><Text>in any other case, to a fine of not more than $500,000.</Text></Paragraph></Section><Section><MarginalNote>Offence committed by employee or agent or mandatary of accused</MarginalNote><Label>25</Label><Text>In a prosecution for an offence under this Act, it is sufficient proof of the offence to establish that it was committed by an employee or agent or mandatary of the accused, whether or not the employee, agent or mandatary is identified or has been prosecuted for the offence, unless the accused establishes that the offence was committed without the knowledge or consent of the accused and that the accused exercised due diligence to prevent its commission.</Text></Section><Section><MarginalNote>Due diligence defence</MarginalNote><Label>26</Label><Text>Subject to section <XRefInternal>25</XRefInternal>, a person is not to be found guilty of an offence under this Act if they establish that they exercised due diligence to prevent its commission.</Text></Section><Section><MarginalNote>Limitation period</MarginalNote><Label>27</Label><Text>Proceedings in respect of an offence under this Act may be instituted within two years after the day on which the subject matter of the proceedings arose.</Text></Section><Heading level="1"><TitleText>Regulatory Powers</TitleText></Heading><Section><MarginalNote>Regulations</MarginalNote><Label>28</Label><Subsection><Label>(1)</Label><Text>The Minister may, by regulation,</Text><Paragraph><Label>(a)</Label><Text>specify that a work is a related work for the purpose of the definition <DefinedTermEn>related work</DefinedTermEn> in section <XRefInternal>2</XRefInternal>; and</Text></Paragraph><Paragraph><Label>(b)</Label><Text>amend the schedule to change the boundaries of the territory described in the schedule.</Text></Paragraph></Subsection><Subsection><MarginalNote>Coming into effect</MarginalNote><Label>(2)</Label><Text>A regulation has effect from the day on which it is made.</Text></Subsection></Section></Body><Schedule bilingual="no" spanlanguages="no"><ScheduleFormHeading><Label>SCHEDULE</Label><OriginatingRef>(Section 2 and paragraph 28(1)(b))</OriginatingRef></ScheduleFormHeading><Provision format-ref="indent-0-0" language-align="yes" list-item="no"><Text>A territory in the City of Windsor, County of Essex, Province of Ontario, confined within the boundaries described as follows:</Text><Provision format-ref="indent-0-0" language-align="yes" list-item="no"><Text>Commencing at the intersection of the north limit of Broadway Street and the west limit of Ojibway Parkway, being the northwest corner of Part 5 on Plan 12R-3890 deposited in the Land Registry Office for the Land Titles Division of Essex;</Text></Provision><Provision format-ref="indent-0-0" language-align="yes" list-item="no"><Text>Thence in a westerly direction along the north limit of Broadway Street as described in PIN 01267-0538 LT, PIN 01267-0539 LT, PIN 01268-0232 LT and PIN 01269-0257 LT, recorded in the Land Registry Office for the Land Titles Division of Essex, to a point in the east limit of Sandwich Street, being the northeast corner of Part 6 on Plan 12R-23977 deposited in the Land Registry Office for the Land Titles Division of Essex;</Text></Provision><Provision format-ref="indent-0-0" language-align="yes" list-item="no"><Text>Thence continuing in a westerly direction along the southerly limits of Parts 7, 4, 3, 2 and 1 on Plan 12R-23977 deposited in the Land Registry Office for the Land Titles Division of Essex to the east limit of the Windsor Port Authority property as described in PIN 01590-0011 LT recorded in the Land Registry Office for the Land Titles Division of Essex;</Text></Provision><Provision format-ref="indent-0-0" language-align="yes" list-item="no"><Text>Thence in a northerly direction along the east limit of the Windsor Port Authority property as described in PIN 01590-0011 LT recorded in the Land Registry Office for the Land Titles Division of Essex and being the east limit of part of Part 1 and Part 2 on Plan 12R-6460 deposited in the Land Registry Office for the Land Titles Division of Essex;</Text></Provision><Provision format-ref="indent-0-0" language-align="yes" list-item="no"><Text>Thence continuing in a northerly direction along the east limit of the Windsor Port Authority property, which follows the west limit of Part 4 on Plan 12R-19751 deposited in the Land Registry Office for the Land Titles Division of Essex to the production westerly of the south limit of McKee Street, being the northwest corner of Part 4 on Plan 12R-19751 deposited in the Land Registry Office for the Land Titles Division of Essex;</Text></Provision><Provision format-ref="indent-0-0" language-align="yes" list-item="no"><Text>Thence continuing in a northerly direction to a point, being the southwest corner of the property described in PIN 01553-0362 LT recorded in the Land Registry Office for the Land Titles Division of Essex and being the westerly production of the north limit of McKee Street;</Text></Provision><Provision format-ref="indent-0-0" language-align="yes" list-item="no"><Text>Thence continuing in a northerly direction along the east limit of the Windsor Port Authority property, which follows the west limit of the property described in PIN 01553-0362 LT recorded in the Land Registry Office for the Land Titles Division of Essex to the northwest corner of the property described in PIN 01553-0362 LT recorded in the Land Registry Office for the Land Titles Division of Essex;</Text></Provision><Provision format-ref="indent-0-0" language-align="yes" list-item="no"><Text>Thence in an easterly direction along an arbitrary line to the northwest corner of Prospect Avenue as described in PIN 01553-0342 LT recorded in the Land Registry Office for the Land Titles Division of Essex;</Text></Provision><Provision format-ref="indent-0-0" language-align="yes" list-item="no"><Text>Thence continuing in an easterly direction along the north limit of Prospect Avenue to the northeast corner of Prospect Avenue as described in PIN 01553-0342 LT recorded in the Land Registry Office for the Land Titles Division of Essex;</Text></Provision><Provision format-ref="indent-0-0" language-align="yes" list-item="no"><Text>Thence continuing in an easterly direction along the easterly production of the north limit of Prospect Avenue to the east limit of Sandwich Street to a point which is the northeast corner of the property described in PIN 01553-0378 LT recorded in the Land Registry Office for the Land Titles Division of Essex;</Text></Provision><Provision format-ref="indent-0-0" language-align="yes" list-item="no"><Text>Thence in a southerly direction along the east limit of Sandwich Street as described in PIN 01553-0378 LT recorded in the Land Registry Office for the Land Titles Division of Essex to a point in the southerly limit of Ojibway Parkway, being the northwest corner of Part 1 on Plan 12R-15499 deposited in the Land Registry Office for the Land Titles Division of Essex;</Text></Provision><Provision format-ref="indent-0-0" language-align="yes" list-item="no"><Text>Thence in a southeasterly and southerly direction along the southwesterly and westerly limit of Ojibway Parkway as described in PIN 01258-0314 LT, PIN 01258-0321 LT, PIN 01258-0295 LT and PIN 01267-0427 LT recorded in the Land Registry Office for the Land Titles Division of Essex to the point of commencement.</Text></Provision></Provision></Schedule></Statute>