﻿<?xml version="1.0" encoding="utf-8"?><!DOCTYPE Statute PUBLIC "-//Justice Canada//DTD Statute v2.0.0//EN" "Dtd/Version_2.0.0/Statute/Statute.dtd"><Statute bill-origin="commons" bill-type="govt-public" xml:lang="en" in-force="yes"><Identification><LongTitle>An Act respecting the Buffalo and Fort Erie Public Bridge Company</LongTitle><ShortTitle status="unofficial">Buffalo and Fort Erie Public Bridge Company Act</ShortTitle><RunningHead>Buffalo and Fort Erie Public Bridge Company</RunningHead><BillHistory><Stages stage="assented-to"><Date><YYYY>1934</YYYY><MM>March</MM><DD>28</DD></Date></Stages><Stages stage="consolidation"><Date><YYYY>2018</YYYY><MM>08</MM><DD>20</DD></Date></Stages></BillHistory><Chapter><ConsolidatedNumber official="no">B-9.86</ConsolidatedNumber><AnnualStatuteId revised-statute="no"><AnnualStatuteNumber>63</AnnualStatuteNumber><YYYY>1934</YYYY></AnnualStatuteId></Chapter></Identification><Introduction><Preamble salutation="no"><Provision format-ref="indent-0-0" language-align="yes"><MarginalNote>1923, c. 74 Preamble</MarginalNote><Text>WHEREAS by chapter seventy-four of the statutes of Canada, 1923, and by chapter three hundred and seventy-nine of the laws of the state of New York, 1922, two companies were incorporated under the name of Buffalo and Fort Erie Public Bridge Company, with authority to construct, maintain and operate a bridge across the Niagara River between the city of Buffalo, in the state of New York, and the village (now the town) of Fort Erie, in the province of Ontario, and by agreement dated thirteenth day of June, 1925, the said two companies were amalgamated and consolidated so as to form one and a new single company under the same name in accordance with, and subject to, the provisions of the said Acts of incorporation; and whereas for the purpose of the reorganization and refinancing of the said bridge undertaking upon a basis which will permit of a considerable reduction of fixed charges and consequent reduction of tolls now charged, by an Act of the Legislature of the state of New York, being chapter eight hundred and twenty-four of the laws of the said state for 1933, (hereinafter called “Act of Incorporation”, and a copy of which is, for the information only of Parliament, attached as a Schedule hereto), a Board, known as the Buffalo and Fort Erie Public Bridge Authority, was created a body corporate and politic, constituting a public benefit corporation, with power to acquire, hold and manage the property and assets of the Buffalo and Fort Erie Public Bridge Company; and whereas by the Act of Incorporation it is provided that the said Board shall consist of nine members, six of whom are required to be citizens of the United States and residents of the state of New York, to be appointed and removed by the Governor of the said state, and three of whom are required to be residents of the Dominion of Canada, to be appointed and removed as may be determined by the Government of the Dominion of Canada; and whereas the Buffalo and Fort Erie Public Bridge Company has by its petition requested that authority be granted to it to convey all its property and assets within the Dominion of Canada to the Buffalo and Fort Erie Public Bridge Authority:</Text></Provision></Preamble><Enacts><Provision language-align="yes" format-ref="indent-0-0"><Text>Therefore His Majesty, by and with the advice and consent of the Senate and House of Commons of Canada, enacts as follows:</Text></Provision></Enacts></Introduction><Body><Section><MarginalNote>Company may acquire and manage property and assets</MarginalNote><Label>1</Label><Subsection><Label>(1)</Label><Text>Subject to the provisions of this Act, the Buffalo and Fort Erie Public Bridge Authority, created by the Act of Incorporation (hereinafter called “the Bridge Authority”), is hereby authorized and empowered to acquire, hold and manage the property and assets within Canada of the Buffalo and Fort Erie Public Bridge Company.</Text></Subsection><Subsection><MarginalNote>Transfer</MarginalNote><Label>(2)</Label><Text>Subject to the provisions of section eleven of this Act the Buffalo and Fort Erie Public Bridge Company is hereby authorized and empowered to transfer and convey to the Bridge Authority all of its property and assets within Canada.</Text></Subsection></Section><Section><MarginalNote>Members not employees of His Majesty</MarginalNote><Label>2</Label><Text>Nothing in this Act shall be deemed to have effect to give the members, officers or employees of the Bridge Authority the status of officers or employees of His Majesty.</Text></Section><Section><MarginalNote>Appointment of Canadian members</MarginalNote><Label>3</Label><Subsection><Label>(1)</Label><Text>The Governor in Council may appoint, to hold office during pleasure, five persons, being Canadian citizens resident in Canada, to be the members of the Bridge Authority that under the provisions of the Act of Incorporation are to be appointed by Canada.</Text></Subsection><Subsection><MarginalNote>Deputies</MarginalNote><Label>(2)</Label><Text>A member of the Bridge Authority appointed under subsection (1) may, with the approval of the Minister of Transport, appoint a deputy in writing to attend any meeting of the Bridge Authority and to act and vote in the member’s place.</Text></Subsection><HistoricalNote>1934, c. 63, s. 3; 1957-58, c. 10, s. 1; 1995, c. 14, s. 1.</HistoricalNote></Section><Section><MarginalNote>Attorney to be appointed</MarginalNote><Label>4</Label><Subsection><Label>(1)</Label><Text>The Bridge Authority shall, within sixty days from the passing of this Act, by resolution appoint a person resident in the county of Welland, in the province of Ontario, its attorney to receive service of process in all suits and proceedings instituted in Canada against the Bridge Authority.</Text></Subsection><Subsection><MarginalNote>Certified copy</MarginalNote><Label>(2)</Label><Text>The Bridge Authority shall cause a certified copy of such resolution to be filed forthwith after the adoption thereof, in the office of the Secretary of State of Canada.</Text></Subsection></Section><Section><MarginalNote>Powers of Bridge Authority</MarginalNote><Label>5</Label><Text>The Bridge Authority is hereby authorized and empowered, subject to the provisions of this Act, to exercise its powers and,</Text><Paragraph><MarginalNote>R.S., c. 170</MarginalNote><Label>(a)</Label><Text>To maintain and operate the property acquired or held by it, and subject to the provisions of the <XRefExternal reference-type="act">Railway Act</XRefExternal>, charge tolls in respect thereof;</Text></Paragraph><Paragraph><Label>(b)</Label><Text>To sue and be sued;</Text></Paragraph><Paragraph><Label>(c)</Label><Text>subject to the terms, conditions and restrictions set forth in its Act of Incorporation, to issue, sell or exchange from time to time its negotiable bonds in the aggregate principal amount not exceeding at any one time one hundred million dollars or such greater amount as the Governor in Council, on the recommendation of the Minister of Transport and with the concurrence of the Minister of Finance, may fix;</Text></Paragraph><Paragraph><Label>(d)</Label><Text>To secure such negotiable bonds by mortgage, charge or pledge of property and assets acquired and held by it, including the tolls and revenues arising therefrom; and</Text></Paragraph><Paragraph><Label>(e)</Label><Text>To apply the proceeds of any such bonds in the manner and for the purposes provided by its Act of Incorporation.</Text></Paragraph><HistoricalNote>1934, c. 63, s. 5; 1970-71-72, c. 5, s. 1; 1995, c. 14, s. 2.</HistoricalNote></Section><Section><MarginalNote>Bonds</MarginalNote><Label>6</Label><Text>The bonds and other obligations of the Bridge Authority shall not be a debt of the Dominion of Canada, nor shall the Dominion of Canada be liable thereon.</Text></Section><Section><MarginalNote>Default</MarginalNote><Label>7</Label><Text>In the event of default being made under any bonds issued by the Bridge Authority, the Trustee for the bondholders shall, with respect to the property and assets within Canada constituting the security, or a part thereof, for the said bonds, have in addition to such remedies as may otherwise be available to him, all remedies available to a mortgagee under the laws of the province of Ontario.</Text></Section><Section><MarginalNote>Notice to the Attorney General</MarginalNote><Label>8</Label><Subsection><Label>(1)</Label><Text>The remedies of the bondholders and the trustee provided in the Act of Incorporation of the Bridge Authority or under this Act, are subject to the limitation that, before taking any proceeding to enforce such remedies, or any of them, the Trustee shall first give notice in writing to the Attorney General of Canada; and if when such notice is given to the said Attorney General, Parliament shall be in session, the Trustee shall not declare the principal of the bonds due before Parliament prorogues, provided, however, that Parliament has been in session for at least four weeks after notification shall have been given to the Attorney General as aforesaid.</Text></Subsection><Subsection><MarginalNote>When principal of bonds to be declared due</MarginalNote><Label>(2)</Label><Text>If Parliament be not then in session, or has not been in session for at least four weeks after notification shall have been given to the Attorney General as aforesaid, the Trustee shall not declare the principal of the bonds due until the next regular session of Parliament is ended by prorogation.</Text></Subsection><Subsection><MarginalNote>Default remedied</MarginalNote><Label>(3)</Label><Text>If at any session of Parliament referred to in subsections one and two of this section, Parliament shall take any action as a result of which past due principal and interest, with interest on past due interest, together with fees, counsel fees and expenses of the trustee and of the receiver, if any, as fixed by the Court of competent jurisdiction shall be paid within sixty days after prorogation, default in the payment thereof shall thereby be remedied.</Text></Subsection></Section><Section><MarginalNote>Minister of Transport</MarginalNote><Label>9</Label><Text>Except as otherwise provided in this Act, the Minister of Transport, or a person designated by that Minister, is the authority or agency that under any provision of the Act of Incorporation is to be designated by Canada.</Text><HistoricalNote>1934, c. 63, s. 9; 1957-58, c. 10, s. 2; 1995, c. 14, s. 3.</HistoricalNote></Section><Section><MarginalNote>Termination of rights, powers, etc.</MarginalNote><Label>10</Label><Text>On the later of the following days, namely,</Text><Paragraph><Label>(a)</Label><Text>the 1st day of July, 2020, or</Text></Paragraph><Paragraph><Label>(b)</Label><Text>the day that any bonds issued by the Bridge Authority prior to the 1st day of July, 2020, are paid in full or are otherwise discharged,</Text></Paragraph><ContinuedSectionSubsection><Text>the rights, powers and jurisdiction of the Bridge Authority under this Act are terminated, and the property acquired or held by it within Canada becomes the property of Her Majesty in right of Canada, to be held, administered or disposed of as the Governor in Council may direct.</Text></ContinuedSectionSubsection><HistoricalNote>1934, c. 63, s. 10; 1957-58, c. 10, s. 2; 1970-71-72, c. 5, s. 2.</HistoricalNote></Section><Section><MarginalNote>Bridge Authority to be subject to assessment and taxation</MarginalNote><Label>11</Label><Text>Nothing herein contained shall in any way affect, prejudice, limit, or alter any right or interest in respect of provincial or municipal assessment and taxation, or deprive the province of Ontario or any municipality thereof of the right to assess and tax the real property within Canada of the Buffalo and Fort Erie Public Bridge Company, or of the Bridge Authority and the said real property acquired, held or managed by the Bridge Authority, and the Bridge Authority itself, shall be subject to assessment and taxation.</Text></Section><Section><MarginalNote>Jurisdiction and control of Niagara Parks Commission</MarginalNote><Label>12</Label><Text>Notwithstanding anything in this Act contained, the jurisdiction and control of the Niagara Parks Commission in respect to the matters placed under its jurisdiction and control by virtue of chapter eighty-one of the Revised Statutes of Ontario, 1927, shall continue the same as if this Act had not been passed.</Text></Section><Section><MarginalNote>Money paid to Canada</MarginalNote><Label>13</Label><Text>Any money payable to the Government of Canada under the Act of Incorporation shall be paid to the Minister of Transport and shall form part of the Consolidated Revenue Fund.</Text><HistoricalNote>1957-58, c. 10, s. 3; 1995, c. 14, s. 4.</HistoricalNote></Section><Section><MarginalNote>Reference to “Act of Incorporation”</MarginalNote><Label>14</Label><Text>A reference in this Act to the Act of Incorporation shall be construed as a reference to the Act of Incorporation as amended from time to time.</Text><HistoricalNote>1957-58, c. 10, s. 3.</HistoricalNote></Section></Body><Schedule bilingual="no" spanlanguages="no"><ScheduleFormHeading><Label>SCHEDULE</Label><TitleText>Laws of New York. — By Authority</TitleText><TitleText>Chapter 824</TitleText></ScheduleFormHeading><Provision format-ref="indent-0-1" language-align="yes"><Text>An Act creating Buffalo and Fort Erie Public Bridge Authority providing for its appointment and defining its jurisdiction, powers and duties; authorizing it to issue and sell or exchange its bonds and authorizing their use for certain purposes; authorizing it to acquire all the assets and property of the Buffalo and Fort Erie Public Bridge Company; authorizing it to maintain and operate such property and assets and to charge tolls for the use thereof and to acquire other assets; authorizing it to exercise authority, powers and duties not inconsistent herewith, granted by the Dominion of Canada, and generally to define its purposes and to provide for the exercise of its powers</Text></Provision><Provision format-ref="indent-0-1" language-align="yes"><Text>Became a law August 31, 1933, with the approval of the Governor. Passed, on message of necessity, three-fifths being present</Text></Provision><Provision format-ref="indent-0-0" language-align="yes"><Text><Emphasis style="italic">The People of the State of New York, represented in Senate and Assembly, do enact as follows:</Emphasis></Text><Provision format-ref="indent-0-0" language-align="yes"><Label>Section 1</Label><Text>Buffalo and Fort Erie Public Bridge Authority. A board to be known as Buffalo and Fort Erie Public Bridge Authority is hereby created which shall be a body corporate and politic, constituting a public benefit corporation, to consist of nine members.</Text></Provision><Provision format-ref="indent-0-0" language-align="yes"><Label>§ 2</Label><Text>The board shall constitute the municipal corporate instrumentality of the state of New York, for the purpose of carrying out the provisions of this Act. The Board is hereby authorized and empowered to act for and become the agency or instrumentality, corporate or otherwise, of the Dominion of Canada, with like duties and authority, or with such duties, powers, authority and purposes as may be determined by the Dominion of Canada with reference to the lands, bridges, terminals, approaches and properties within the Dominion of Canada connected with or usable with the property and assets authorized to be acquired and conveyed to the board hereunder and now constituting the property and assets of the Buffalo and Fort Erie Public Bridge Company.</Text></Provision><Provision format-ref="indent-0-0" language-align="yes"><Label>§ 3</Label><Text>Six members of the board, who shall be citizens of the United States and residents of the state of New York, shall be appointed and may be removed by the governor; three members of the board, who shall be residents of the Dominion of Canada, shall be appointed, and may be removed, in such manner and at such time and may hold office for such period as may be determined by the Dominion of Canada. Of the members first appointed by the governor, two shall be designated by him to serve for two years from the date of their appointments; two shall be designated by him to serve for four years from such date and two shall be designated by him to serve for six years from such date. Thereafter each member appointed by the governor shall serve for a term of six years from the date of his appointment.</Text></Provision><Provision format-ref="indent-0-0" language-align="yes"><Label>§ 4</Label><Text>Vacancies in the board caused by the death, disqualification, resignation or removal of a member appointed by the governor shall be filled by appointment by the governor. If a vacancy shall occur by reason of the death, disqualification, resignation or removal of a member who is a resident of the Dominion of Canada, the person appointed to fill such vacancy must be a resident of the Dominion of Canada and such appointment shall be made in the manner and by such authority as the Dominion of Canada may require.</Text></Provision><Provision format-ref="indent-0-0" language-align="yes"><Label>§ 5</Label><Text>The members of the board shall serve without compensation, but the board shall have authority to compensate its members for expenses and disbursements from funds collected by it in the operation of properties acquired by it.</Text></Provision><Provision format-ref="indent-0-0" language-align="yes"><Label>§ 6</Label><Text>The board shall appoint annually a chairman, a vice-chairman or vice-chairmen, a secretary, an assistant secretary, a treasurer, and an assistant treasurer, and may delegate to them such powers and duties as it may deem proper.</Text></Provision><Provision format-ref="indent-0-0" language-align="yes"><Label>§ 7</Label><Text>The Board may adopt such by-laws, rules and regulations for the calling and conduct of its meetings and the management of its affairs as it may deem necessary or proper, not inconsistent with the provisions of this Act. A majority of the board shall constitute a quorum for the transaction of any business and the concurrence of a majority of the members of the board shall be necessary to the validity of any action by the board.</Text></Provision><Provision format-ref="indent-0-0" language-align="yes"><Label>§ 8</Label><Text>The Board may appoint agents and employees with such powers and duties as it may determine, and shall fix their compensation and pay the same out of any funds collected by it in the operation of properties acquired by it.</Text></Provision><Provision format-ref="indent-0-0" language-align="yes"><Label>§ 9</Label><Text>The Buffalo and Fort Erie Public Bridge Authority shall have power:</Text><Provision format-ref="indent-0-0" language-align="no"><Label>1</Label><Text>To sue and be sued.</Text></Provision><Provision format-ref="indent-0-0" language-align="no"><Label>2</Label><Text>To have a seal and alter the same at pleasure.</Text></Provision><Provision format-ref="indent-0-0" language-align="no"><Label>3</Label><Text>To acquire, hold and dispose of real and personal property for its corporate purposes.</Text></Provision><Provision format-ref="indent-0-0" language-align="no"><Label>4</Label><Text>To make contracts and to execute all instruments necessary or convenient.</Text></Provision><Provision format-ref="indent-0-0" language-align="no"><Label>5</Label><Text>To maintain, reconstruct, repair and replace and operate any properties acquired by it, and pay for the same out of any funds collected by it in the operation of properties acquired by it.</Text></Provision><Provision format-ref="indent-0-0" language-align="no"><Label>6</Label><Text>To do any other act or thing necessary or proper to carry out, accomplish or effectuate the purposes of this act.</Text></Provision></Provision><Provision format-ref="indent-0-0" language-align="yes"><Label>§ 10</Label><Text>The board is authorized to lease and permit to be maintained under such lease, over or along the property acquired by it, telephone, telegraph or electric wires, cables, gas mains, water mains and other mechanical equipment, not inconsistent with the use of the property for vehicular and pedestrian traffic, on such terms and at such consideration as it shall determine, provided, however, that no lease shall be made for a period extending beyond the term of the existence of the board.</Text></Provision><Provision format-ref="indent-0-0" language-align="yes"><Label>§ 11</Label><Text>The board is hereby authorized to acquire title to all of the assets and property of the Buffalo and Fort Erie Public Bridge Company and to pay therefor a sum not exceeding the aggregate of</Text><Provision format-ref="indent-1-1" language-align="no"><Label>(a)</Label><Text>The amount necessary to redeem bonds of such company issued and now outstanding;</Text></Provision><Provision format-ref="indent-1-1" language-align="no"><Label>(b)</Label><Text>The amount necessary, not exceeding fifty thousand dollars and accrued dividends, to retire the capital stock of such company;</Text></Provision><Provision format-ref="indent-1-1" language-align="no"><Label>(c)</Label><Text>The amount necessary to pay other indebtedness which such company is obligated to pay.</Text></Provision></Provision><Provision format-ref="indent-0-0" language-align="yes"><Text>The Buffalo and Fort Erie Public Bridge Company is hereby authorized to transfer and convey to the board all of its assets and property.</Text></Provision><Provision format-ref="indent-0-0" language-align="yes"><Label>§ 12</Label><Text>The board is hereby authorized to accept deeds, bills of sale and other transfers deemed necessary or proper to transfer and convey to the board all of the assets and property of the Buffalo and Fort Erie Public Bridge Company and to hold the same under the provisions of this act, until such time as all of the bonds issued by the board hereunder shall have been paid in full or shall have otherwise been discharged.</Text></Provision><Provision format-ref="indent-0-0" language-align="yes"><Label>§ 13</Label><Text>When all of the bonds issued by the board hereunder shall have been paid in full or shall have otherwise been discharged, the powers, jurisdiction and duties of the board shall cease and the property and assets acquired and held by it within the state of New York shall thereafter be under such jurisdiction, authority or agency as the legislature may designate, and the assets and property acquired or held by it within the Dominion of Canada shall be under such jurisdiction, authority or agency as the Dominion of Canada may designate.</Text></Provision><Provision format-ref="indent-0-0" language-align="yes"><Label>§ 14</Label><Text>The Buffalo and Fort Erie Public Bridge Authority shall have power and is hereby authorized from time to time to issue its negotiable bonds in the aggregate principal amount of not exceeding at any one time four million dollars.</Text></Provision><Provision format-ref="indent-0-0" language-align="yes"><Label>2</Label><Text>The bonds and the indenture, if any, under which they are issued, shall be authorized by resolution of the board and shall bear such date or dates, mature at such time or times, not exceeding fifty years from their respective dates, except that no bonds shall mature before January first, nineteen hundred thirty-seven, bear interest at such rate or rates not exceeding five per centum per annum, payable semi-annually, be in such denominations, be in such form, either coupon or registered, carry such registration privileges, be executed in such manner, be payable in such medium of payment, at such place or places and be subject to such terms of redemption, not exceeding a premium of one and one-half per centum as such resolution or resolutions may provide. The bonds may be sold at public or private sale for such price or prices as the board shall determine, but at no greater discount than five per centum of the face amount thereof.</Text></Provision><Provision format-ref="indent-0-0" language-align="yes"><Label>3</Label><Text>The bonds may be issued for any corporate purpose of the Buffalo and Fort Erie Public Bridge Authority and/or may be exchanged for outstanding bonds or other indebtedness of the Buffalo and Fort Erie Public Bridge Company on such terms as may be agreed upon by the board and the holders and owners of such bonds and other indebtedness, except that the exchange price thereof shall not be greater in par value of bonds of the board than the redemption price of the bonds of such company under existing indentures and the face amount of such other indebtedness.</Text></Provision><Provision format-ref="indent-0-0" language-align="yes"><Label>4</Label><Text>Any resolution or resolutions authorizing any bonds or any indenture authorizing the issuance of bonds may contain provisions which shall be a part of the contract with the holders of the bonds or part of the indenture as to</Text><Provision format-ref="indent-1-1" language-align="no"><Label>(a)</Label><Text>pledging the tolls and revenues of the properties to secure the payment of the bonds;</Text></Provision><Provision format-ref="indent-1-1" language-align="no"><Label>(b)</Label><Text>the rates of tolls to be charged and the amount to be raised in each year by tolls and the use and disposition of the tolls and other revenue;</Text></Provision><Provision format-ref="indent-1-1" language-align="no"><Label>(c)</Label><Text>the setting aside of reserves or sinking funds and the regulation or disposition thereof, provided that no requirement shall be made by which bonds are retired in excess of ten per centum of the total outstanding bonds in any one year;</Text></Provision><Provision format-ref="indent-1-1" language-align="no"><Label>(d)</Label><Text>limitations on the right of the board to restrict and regulate the use of the project;</Text></Provision><Provision format-ref="indent-1-1" language-align="no"><Label>(e)</Label><Text>limitations on the purpose to which the proceeds of the sale of any issue of bonds then or thereafter to be issued may be applied;</Text></Provision><Provision format-ref="indent-1-1" language-align="no"><Label>(f)</Label><Text>limitations on the issuance of additional bonds;</Text></Provision><Provision format-ref="indent-1-1" language-align="no"><Label>(g)</Label><Text>procedure, if any, by which the terms of any contract with bondholders may be amended or abrogated, the amount of bonds the holders of which must consent thereto and the manner in which such consent may be given;</Text></Provision><Provision format-ref="indent-1-1" language-align="no"><Label>(h)</Label><Text>the manner of redemption of such bonds, and</Text></Provision><Provision format-ref="indent-1-1" language-align="no"><Label>(i)</Label><Text>insurance to be carried on the property acquired by the board.</Text></Provision></Provision><Provision format-ref="indent-0-0" language-align="yes"><Label>5</Label><Text>The bonds, if the board so determines, may be issued under an indenture between the board and a trustee for bondholders in such form and containing such terms and conditions not inconsistent with this act, as the board may determine.</Text></Provision><Provision format-ref="indent-0-0" language-align="yes"><Label>§ 15</Label><Text>Before any such bonds shall be issued or sold or exchanged, and before any such conveyance shall be made or property acquired, all proper and requisite authority for the issuance of such bonds shall be obtained from the Dominion of Canada. The Dominion of Canada may attach such conditions not inconsistent with this act with respect to the transfer of the properties, rights and franchises of the corporation situated within the Dominion of Canada as it may deem necessary.</Text></Provision><Provision format-ref="indent-0-0" language-align="yes"><Label>§ 16</Label><Text>Subject to any contract with the holders of any bonds, the board shall have power at any time or from time to time to issue new bonds in place of those then outstanding having like or different terms and secured by like or different provisions. Such bonds may be exchanged for outstanding bonds or may be sold and the proceeds applied to the payment of the outstanding bonds.</Text></Provision><Provision format-ref="indent-0-0" language-align="yes"><Label>§ 17</Label><Text>Neither the members of the board nor any person executing such bonds shall be liable personally on the bonds or be subject to any personal liability or accountability by reason of the issuance thereof.</Text></Provision><Provision format-ref="indent-0-0" language-align="yes"><Label>§ 18</Label><Text>The board shall have power, out of any funds available therefor, to purchase any bonds issued by it at a price not more than the principal amount thereof and the accrued interest.</Text></Provision><Provision format-ref="indent-0-0" language-align="yes"><Label>§ 19</Label><Text>The bonds shall be a first lien on the real estate and bridge property of the Buffalo and Fort Erie Public Bridge Authority, including structures and approaches and lands and easements used therewith, except as to first mortgage bonds now outstanding against such real estate and property, and as to debenture bonds now outstanding.</Text></Provision><Provision format-ref="indent-0-0" language-align="yes"><Label>§ 20</Label><Text>In the event that the board shall default in the payment of principal or of interest on any of the bonds after the same shall become due, whether at maturity or upon call for redemption, and such default shall continue for a period of thirty days or in the event that the board shall fail or refuse to comply with the provisions of this act or shall default in any agreement made with the holders of the bonds, the trustee appointed in the indenture under which such bonds are issued, or if there be no indenture, then a trustee appointed by twenty-five per centum in face amount of bonds then outstanding, may and upon written request of the holders of twenty-five per centum in principal amount of the bonds then outstanding, shall in his or its own name:</Text><Provision format-ref="indent-1-1" language-align="no"><Label>(a)</Label><Text>By mandamus or other suit, action or proceeding in law or in equity, enforce all rights of the bondholders including the right to require the board to collect tolls and rentals adequate to carry out any agreement as to or pledge of such tolls and rentals and to require the board to carry out any other agreements with the bondholders and to perform its and their duties under this act;</Text></Provision><Provision format-ref="indent-1-1" language-align="no"><Label>(b)</Label><Text>Bring suit upon the bonds;</Text></Provision><Provision format-ref="indent-1-1" language-align="no"><Label>(c)</Label><Text>By action or suit in equity, require the board to act as if it were the trustee of an express trust for the bondholders;</Text></Provision><Provision format-ref="indent-1-1" language-align="no"><Label>(d)</Label><Text>By action or suit in equity, enjoin any acts or things which may be unlawful or in violation of the rights of the bondholders;</Text></Provision><Provision format-ref="indent-1-1" language-align="no"><Label>(e)</Label><Text>Declare all bonds due and payable and if all defaults shall be made good, then with the consent of the holders of twenty-five per centum of the principal amount of the bonds then outstanding, to annul such declaration and its consequences;</Text></Provision><Provision format-ref="indent-1-1" language-align="no"><Label>(f)</Label><Text>To enforce any remedy by foreclosure or suit and the supreme court is hereby given jurisdiction of any suit, action or proceeding by the trustee on behalf of the bondholders, the venue of which shall be laid in the county of Erie and state of New York.</Text></Provision></Provision><Provision format-ref="indent-0-0" language-align="yes"><Text>Any such trustee on default in the payment of principal and interest, whether or not all bonds have been declared due and payable, shall be entitled as of right to the appointment of a receiver who may enter and take possession of the assets and property or any part or parts thereof and operate and maintain the same and collect and receive all tolls, rentals and other revenues thereafter arising therefrom in the same manner as the board itself might do and shall deposit all such moneys in a separate account and apply the same in such manner as the court shall direct. In any suit, action or proceeding by the trustee the fees, counsel fees and expenses of the trustee and of the receiver, if any, shall constitute taxable disbursements and all costs and disbursements allowed by the court shall be a first charge on any tolls, rentals and other revenues derived from such assets. Such trustee shall, in addition to the foregoing, have and possess all of the powers necessary or appropriate for the exercise of any functions specifically set forth herein or incident to the general representation of the bondholders in the enforcement and protection of their rights.</Text></Provision><Provision format-ref="indent-0-0" language-align="yes"><Text>The foregoing remedies of the bondholders and of the trustee, however, are subject to the limitations that before declaring the principal of all bonds due and payable, the trustee shall first give notice in writing to the board and to the attorney-general of the state of New York, and if, when such notice is given to the attorney-general, the legislature shall be in session, the trustee shall not declare the principal of the bonds due before the legislature adjourns sine die or if the legislature be not then in session, the trustee shall not declare the principal of the bonds due until such an adjournment of the next regular session. If at such session the legislature shall take any action as a result of which past due principal and interest, with interest on past due interest, together with fees, counsel fees and expenses of the trustee and of the receiver, if any, as fixed by the court, shall be paid within sixty days of adjournment, default in the payment thereof shall thereby be remedied.</Text></Provision><Provision format-ref="indent-0-0" language-align="yes"><Label>§ 21</Label><Text>The bonds and other obligations of the Buffalo and Fort Erie Public Bridge Authority shall not be a debt of the state of New York nor of the Dominion of Canada and neither the state of New York nor the Dominion of Canada shall be liable thereon nor shall they be payable out of any funds other than those of the Buffalo and Fort Erie Public Bridge Authority.</Text></Provision><Provision format-ref="indent-0-0" language-align="yes"><Label>§ 22</Label><Text>The bonds are hereby made securities in which all public officers and bodies of this state and all municipalities and municipal subdivisions may properly and legally invest funds in their control or accept as security for deposits and all insurance companies and associations, all savings banks and savings institutions, including savings and loan associations, administrators, guardians, executors, trustees and other fiduciaries of the state may properly and legally invest funds in their control.</Text></Provision><Provision format-ref="indent-0-0" language-align="yes"><Label>§ 23</Label><Text>Bonds and property to be tax exempt. The properties of the Buffalo and Fort Erie Public Bridge Authority shall be exempt from all taxes and assessments by the state or any municipality or municipal subdivision thereof and the bonds shall be exempt from taxation except for transfer, estate and inheritance taxes.</Text></Provision><Provision format-ref="indent-0-0" language-align="yes"><Label>§ 24</Label><Text>The board, subject to the authority vested in the secretary of war of the United States and the authority of the Dominion of Canada, shall have power and be required to fix the rate of tolls for the use of the bridge, approaches, connections and appurtenances; provided, however, that the toll charges for pedestrian and vehicular traffic shall be discretionary and adjusted from time to time, but at a rate consistent with any contract with the holders of its bonds, and shall not be higher than, in the judgment of the board, is necessary to provide for the payment of interest, operating expenses, maintenance and insurance, repairs, replacements and proper working funds and to mature from two and one-half per centum to not more than ten per centum of the total outstanding bonds in any one year, except that no provision shall be made for the redemption of bonds issued by the board before January first, nineteen hundred thirty-seven.</Text></Provision><Provision format-ref="indent-0-0" language-align="yes"><Label>§ 25</Label><Text>Within thirty days after the execution and delivery of the deeds of conveyance authorized by this act, the board shall execute and file with the comptroller of the state of New York and with such authority as the Dominion of Canada may designate, a detailed verified statement of the assets and liabilities of the corporation. The board annually in the month of February or oftener when required shall file with the comptroller of the state of New York and with such authorities of the Dominion of Canada as may be designated by the Dominion of Canada, an itemized detailed verified report of all receipts and disbursements of the corporation subsequent to the execution and delivery of the deeds of conveyance as authorized by this act.</Text></Provision><Provision format-ref="indent-0-0" language-align="yes"><Label>§ 26</Label><Text>All moneys received by the Buffalo and Fort Erie Public Bridge Authority shall be paid to the treasurer thereof or other officer or officers designated by the board for the purpose. The treasurer and each other officer of the board receiving moneys of the Buffalo and Fort Erie Public Bridge Authority shall execute in duplicate an undertaking in such amount or amounts and with such sureties as may be approved by the comptroller of the state of New York, and by such authority as may be designated for the purpose by the Dominion of Canada, conditioned for the safekeeping and lawful application of all moneys which may come to his hands, and shall file one copy in the office of the state department of audit and control and one copy in such office or department as may be designated by the Dominion of Canada. Such bond may be increased or reduced from time to time in the discretion of the comptroller and of such authority designated by the Dominion of Canada. The state treasurer and his legally authorized representatives and the state comptroller and his legally authorized representatives and such authority as may be designated by the Dominion of Canada are hereby authorized and empowered from time to time to examine the accounts and books of the board, including its receipts, disbursements, contracts, leases, sinking funds, investments and any other matters relating to its financial standing.</Text></Provision><Provision format-ref="indent-0-0" language-align="yes"><Label>§ 27</Label><Text>The following terms, whenever used, or referred to in this act, shall have to following meaning unless a different meaning clearly appears from the context:</Text><Provision format-ref="indent-0-0" language-align="no"><Label>1</Label><Text>The term <DefinedTermEn>Buffalo and Fort Erie Public Bridge Authority</DefinedTermEn> shall mean the corporation created by section one of this act.</Text></Provision><Provision format-ref="indent-0-0" language-align="no"><Label>2</Label><Text>The term <DefinedTermEn>board</DefinedTermEn> shall mean the members of the Buffalo and Fort Erie Public Bridge Authority.</Text></Provision><Provision format-ref="indent-0-0" language-align="no"><Label>3</Label><Text>The term <DefinedTermEn>bridge</DefinedTermEn> shall mean terminals, approaches buildings, rights, easements and privileges.</Text></Provision><Provision format-ref="indent-0-0" language-align="no"><Label>4</Label><Text>The term <DefinedTermEn>bonds</DefinedTermEn> shall mean bonds issued by the Buffalo and Fort Erie Bridge Authority pursuant to this act, except where reference is made to the bonds of Buffalo and Fort Erie Public Bridge Company.</Text></Provision><Provision format-ref="indent-0-0" language-align="no"><Label>5</Label><Text>The term <DefinedTermEn>Buffalo and Fort Erie Public Bridge Company</DefinedTermEn> and the term <DefinedTermEn>Company</DefinedTermEn> as used herein shall mean the Buffalo and Fort Erie Public Bridge Company which is a consolidation of a corporation organized under chapter three hundred and seventy-nine of the laws of nineteen hundred and twenty-two and a corporation authorized under thirteen and fourteen, George V, chapter seventy-four of the Parliament of the Dominion of Canada.</Text></Provision></Provision><Provision format-ref="indent-0-0" language-align="yes"><Label>§ 28</Label><Text>If any section, clause or provision of this Act shall be unconstitutional or be ineffective, in whole or in part, to the extent that it is not unconstitutional, it shall be valid and effective and no other section, clause or provision shall on account thereof be deemed invalid or ineffective.</Text></Provision><Provision format-ref="indent-0-0" language-align="yes"><Label>§ 29</Label><Text>Insofar as the provisions of this act are inconsistent with the provisions of any other act, general or special, the provisions of this act shall be controlling.</Text></Provision><Provision format-ref="indent-0-0" language-align="yes"><Label>§ 30</Label><Text>This act shall take effect immediately.</Text></Provision></Provision></Schedule></Statute>