﻿<?xml version="1.0" encoding="utf-8"?><!--Arbortext, Inc., 1988-2004, v.4002--><!DOCTYPE Statute PUBLIC "-//Justice Canada//DTD Statute v2.0.0//EN" "Dtd/Version_2.0.0/Statute/Statute.dtd"><Statute bill-origin="commons" bill-type="govt-public" xml:lang="en" in-force="yes"><Identification><BillNumber>C-28</BillNumber><Parliament><Session>2</Session><Number>39</Number><RegnalYear><Year-s>56</Year-s><Monarch>Elizabeth II</Monarch></RegnalYear><Year-s>2007</Year-s></Parliament><LongTitle>An Act to implement certain provisions of the budget tabled in Parliament on March 19, 2007 and to implement certain provisions of the economic statement tabled in Parliament on October 30, 2007</LongTitle><ShortTitle status="official">Budget and Economic Statement Implementation Act, 2007</ShortTitle><RunningHead>Budget and Economic Statement Implementation, 2007</RunningHead><BillHistory><Stages stage="consolidation"><Date><YYYY>2018</YYYY><MM>08</MM><DD>20</DD></Date></Stages><Stages stage="assented-to"><Date><YYYY>2007</YYYY><MM>12</MM><DD>14</DD></Date></Stages></BillHistory><Chapter><ConsolidatedNumber official="no">B-9.6</ConsolidatedNumber><AnnualStatuteId><AnnualStatuteNumber>35</AnnualStatuteNumber><YYYY>2007</YYYY></AnnualStatuteId></Chapter><BillRefNumber date-time="2007-11-16">90438</BillRefNumber></Identification><Introduction><Enacts><Provision format-ref="indent-0-0" language-align="yes" list-item="no"><Text>Her Majesty, by and with the advice and consent of the Senate and House of Commons of Canada, enacts as follows:</Text></Provision></Enacts></Introduction><Body><Heading level="1"><TitleText>Short Title</TitleText></Heading><Section><MarginalNote>Short title</MarginalNote><Label>1</Label><Text>This Act may be cited as the <XRefExternal reference-type="act">Budget and Economic Statement Implementation Act, 2007</XRefExternal>.</Text></Section><Heading level="1"><Label>PART 1</Label><TitleText>Amendments in Respect of the Goods and Services Tax/Harmonized Sales Tax</TitleText></Heading><Heading level="2"><TitleText>Excise Tax Act</TitleText></Heading><Section><Label>2</Label><Text>[Amendment]</Text></Section><Section><Label>3</Label><Text>[Amendment]</Text></Section><Section><Label>4</Label><Text>[Amendments]</Text></Section><Section><Label>5</Label><Text>[Amendment]</Text></Section><Section><Label>6</Label><Text>[Amendments]</Text></Section><Section><Label>7</Label><Text>[Amendment]</Text></Section><Heading level="1"><Label>PART 2</Label><TitleText>Amendment Relating to Excise Tax on Renewable Fuels</TitleText></Heading><Heading level="2"><TitleText>Excise Tax Act</TitleText></Heading><Section><Label>8</Label><Text>[Amendment]</Text></Section><Heading level="1"><Label>PART 3</Label><TitleText>Amendments Relating to Income Tax</TitleText></Heading><Heading level="2"><TitleText>Income Tax Act</TitleText></Heading><Section><Label>9</Label><Text>[Amendments]</Text></Section><Section><Label>10</Label><Text>[Amendments]</Text></Section><Section><Label>11</Label><Text>[Amendment]</Text></Section><Section><Label>12</Label><Text>[Amendment]</Text></Section><Section><Label>13</Label><Text>[Amendment]</Text></Section><Section><Label>14</Label><Text>[Amendments]</Text></Section><Section><Label>15</Label><Text>[Amendment]</Text></Section><Section><Label>16</Label><Text>[Amendments]</Text></Section><Section><Label>17</Label><Text>[Amendment]</Text></Section><Section><Label>18</Label><Text>[Amendment]</Text></Section><Section><Label>19</Label><Text>[Amendment]</Text></Section><Section><Label>20</Label><Text>[Amendments]</Text></Section><Section><Label>21</Label><Text>[Amendment]</Text></Section><Section><Label>22</Label><Text>[Amendment]</Text></Section><Section><Label>23</Label><Text>[Amendment]</Text></Section><Section><Label>24</Label><Text>[Amendment]</Text></Section><Section><Label>25</Label><Text>[Amendment]</Text></Section><Section><Label>26</Label><Text>[Amendments]</Text></Section><Section><Label>27</Label><Text>[Amendment]</Text></Section><Section><Label>28</Label><Text>[Amendment]</Text></Section><Section><Label>29</Label><Text>[Amendment]</Text></Section><Section><Label>30</Label><Text>[Amendments]</Text></Section><Section><Label>31</Label><Text>[Amendments]</Text></Section><Section><Label>32</Label><Text>[Amendment]</Text></Section><Section><Label>33</Label><Text>[Amendment]</Text></Section><Section><Label>34</Label><Text>[Amendment]</Text></Section><Section><Label>35</Label><Text>[Amendment]</Text></Section><Section><Label>36</Label><Text>[Amendments]</Text></Section><Section><Label>37</Label><Text>[Amendments]</Text></Section><Section><Label>38</Label><Text>[Amendments]</Text></Section><Section><Label>39</Label><Text>[Amendments]</Text></Section><Section><Label>40</Label><Text>[Amendment]</Text></Section><Section><Label>41</Label><Text>[Amendment]</Text></Section><Section><Label>42</Label><Text>[Amendment]</Text></Section><Section><Label>43</Label><Text>[Amendments]</Text></Section><Section><Label>44</Label><Text>[Amendment]</Text></Section><Section><Label>45</Label><Text>[Amendments]</Text></Section><Section><Label>46</Label><Text>[Amendments]</Text></Section><Section><Label>47</Label><Text>[Amendment]</Text></Section><Section><Label>48</Label><Text>[Amendments]</Text></Section><Section><Label>49</Label><Text>[Amendments]</Text></Section><Section><Label>50</Label><Text>[Amendment]</Text></Section><Section><Label>51</Label><Text>[Amendments]</Text></Section><Section><Label>52</Label><Text>[Amendment]</Text></Section><Section><Label>53</Label><Text>[Amendment]</Text></Section><Section><Label>54</Label><Text>[Amendments]</Text></Section><Section><Label>55</Label><Text>[Amendment]</Text></Section><Section><Label>56</Label><Text>[Amendment]</Text></Section><Section><Label>57</Label><Text>[Amendments]</Text></Section><Section><Label>58</Label><Text>[Amendment]</Text></Section><Section><Label>59</Label><Text>[Amendments]</Text></Section><Section><Label>60</Label><Text>[Amendments]</Text></Section><Section><Label>61</Label><Text>[Amendments]</Text></Section><Section><Label>62</Label><Text>[Amendment]</Text></Section><Section><Label>63</Label><Text>[Amendment]</Text></Section><Section><Label>64</Label><Text>[Amendments]</Text></Section><Section><Label>65</Label><Text>[Amendments]</Text></Section><Section><Label>66</Label><Text>[Amendments]</Text></Section><Section><Label>67</Label><Text>[Amendment]</Text></Section><Section><Label>68</Label><Text>[Amendments]</Text></Section><Heading level="2"><TitleText>Income Tax Application Rules</TitleText></Heading><Section><Label>69</Label><Text>[Amendment]</Text></Section><Heading level="2"><TitleText>Income Tax Conventions Interpretation Act</TitleText></Heading><Section><Label>70</Label><Text>[Amendment]</Text></Section><Heading level="2"><TitleText>Income Tax Regulations</TitleText></Heading><Section><Label>71</Label><Text>[Amendment]</Text></Section><Section><Label>72</Label><Text>[Amendment]</Text></Section><Section><Label>73</Label><Text>[Amendment]</Text></Section><Section><Label>74</Label><Text>[Amendments]</Text></Section><Section><Label>75</Label><Text>[Amendment]</Text></Section><Section><Label>76</Label><Text>[Amendment]</Text></Section><Section><Label>77</Label><Text>[Amendment]</Text></Section><Section><Label>78</Label><Text>[Amendments]</Text></Section><Section><Label>79</Label><Text>[Amendments]</Text></Section><Section><Label>80</Label><Text>[Amendment]</Text></Section><Section><Label>81</Label><Text>[Amendments]</Text></Section><Section><Label>82</Label><Text>[Amendments]</Text></Section><Section><Label>83</Label><Text>[Amendments]</Text></Section><Section><Label>84</Label><Text>[Amendment]</Text></Section><Section><Label>85</Label><Text>[Amendment]</Text></Section><Section><Label>86</Label><Text>[Amendments]</Text></Section><Section><Label>87</Label><Text>[Amendments]</Text></Section><Section><Label>88</Label><Text>[Amendment]</Text></Section><Section><Label>89</Label><Text>[Amendments]</Text></Section><Heading level="2"><TitleText>Canada Pension Plan Regulations</TitleText></Heading><Section><Label>90</Label><Text>[Amendment]</Text></Section><Heading level="2"><TitleText>Insurable Earnings and Collection of Premiums Regulations</TitleText></Heading><Section><Label>91</Label><Text>[Amendment]</Text></Section><Heading level="2"><TitleText>Coordinating Amendments</TitleText></Heading><Section><Label>92</Label><Text>[Amendment]</Text></Section><Section><Label>93</Label><Text>[Amendments]</Text></Section><Section><Label>94</Label><Text>[Amendments]</Text></Section><Section><Label>95</Label><Text>[Amendment]</Text></Section><Section><Label>96</Label><Text>[Amendment]</Text></Section><Section><Label>97</Label><Text>[Amendments]</Text></Section><Section><Label>98</Label><Text>[Amendments]</Text></Section><Section><Label>99</Label><Text>[Amendments]</Text></Section><Section><Label>100</Label><Text>[Amendments]</Text></Section><Heading level="1"><Label>PART 4</Label><TitleText>Disability Savings</TitleText></Heading><Heading level="2"><TitleText>Amendments Relating to Income Tax</TitleText></Heading><Heading level="3"><TitleText>Income Tax Act</TitleText></Heading><Section><Label>101</Label><Text>[Amendment]</Text></Section><Section><Label>102</Label><Text>[Amendment]</Text></Section><Section><Label>103</Label><Text>[Amendment]</Text></Section><Section><Label>104</Label><Text>[Amendment]</Text></Section><Section><Label>105</Label><Text>[Amendment]</Text></Section><Section><Label>106</Label><Text>[Amendment]</Text></Section><Section><Label>107</Label><Text>[Amendment]</Text></Section><Section><Label>108</Label><Text>[Amendment]</Text></Section><Section><Label>109</Label><Text>[Amendment]</Text></Section><Section><Label>110</Label><Text>[Amendment]</Text></Section><Section><Label>111</Label><Text>[Amendment]</Text></Section><Section><Label>112</Label><Text>[Amendment]</Text></Section><Section><Label>113</Label><Text>[Amendment]</Text></Section><Section><Label>114</Label><Text>[Amendment]</Text></Section><Section><Label>115</Label><Text>[Amendment]</Text></Section><Section><Label>116</Label><Text>[Amendment]</Text></Section><Section><Label>117</Label><Text>[Amendment]</Text></Section><Section><Label>118</Label><Text>[Amendment]</Text></Section><Section><Label>119</Label><Text>[Amendment]</Text></Section><Section><Label>120</Label><Text>[Amendment]</Text></Section><Section><Label>121</Label><Text>[Amendment]</Text></Section><Section><Label>122</Label><Text>[Amendment]</Text></Section><Section><Label>123</Label><Text>[Amendments]</Text></Section><Section><Label>124</Label><Text>[Amendment]</Text></Section><Heading level="3"><TitleText>Income Tax Regulations</TitleText></Heading><Section><Label>125</Label><Text>[Amendment]</Text></Section><Section><Label>126</Label><Text>[Amendments]</Text></Section><Section><Label>127</Label><Text>[Amendments]</Text></Section><Heading level="3"><TitleText>Consequential Amendments</TitleText></Heading><Heading level="4"><TitleText>Employment Insurance Act</TitleText></Heading><Section><Label>128</Label><Text>[Amendment]</Text></Section><Heading level="4"><TitleText>Old Age Security Act</TitleText></Heading><Section><Label>129</Label><Text>[Amendment]</Text></Section><Heading level="3"><TitleText>Coordinating Amendments</TitleText></Heading><Section><Label>130</Label><Text>[Amendment]</Text></Section><Section><Label>131</Label><Text>[Amendments]</Text></Section><Section><Label>132</Label><Text>[Amendments]</Text></Section><Section><Label>133</Label><Text>[Amendments]</Text></Section><Section><Label>134</Label><Text>[Amendment]</Text></Section><Heading level="3"><TitleText>Application</TitleText></Heading><Section type="transitional"><Label>135</Label><Text>Sections <XRefInternal>101</XRefInternal> to <XRefInternal>129</XRefInternal> apply to the 2008 and subsequent taxation years, except that section <XRefInternal>101</XRefInternal> also applies to the 2007 taxation year.</Text></Section><Heading level="2"><TitleText><XRefExternal reference-type="act">Canada Disability Savings Act</XRefExternal></TitleText></Heading><Heading level="3"><TitleText>Enactment of Act</TitleText></Heading><Section type="amending"><MarginalNote>Enactment of Act</MarginalNote><Label>136</Label><Text>The <XRefExternal reference-type="act">Canada Disability Savings Act</XRefExternal> is enacted as follows:</Text><Note status="editorial">[See <XRefExternal reference-type="act">Canada Disability Savings Act</XRefExternal>]</Note></Section><Heading level="3"><TitleText>Consequential Amendment to the <XRefExternal reference-type="act">Children’s Special Allowances Act</XRefExternal></TitleText></Heading><Section><Label>137</Label><Text>[Amendment]</Text></Section><Heading level="3"><TitleText>Coming into Force</TitleText></Heading><Section type="transitional"><MarginalNote>Order in council</MarginalNote><Label><FootnoteRef idref="fn_Ind24D9_hq_3784">*</FootnoteRef>138</Label><Text>The provisions of the <XRefExternal reference-type="act">Canada Disability Savings Act</XRefExternal>, as enacted by section 136, and section 137 come into force on a day or days to be fixed by order of the Governor in Council.</Text><Footnote id="fn_Ind24D9_hq_3784" placement="section" status="editorial"><Label>*</Label><Text>[Note: Sections 136 and 137 in force December 1, 2008, <Emphasis style="italic">see</Emphasis> SI/2008-63.]</Text></Footnote></Section><Heading level="1"><Label>PART 5</Label><TitleText>Incentive for Provinces to Eliminate Taxes on Capital</TitleText></Heading><Heading level="2"><TitleText>Federal-Provincial Fiscal Arrangements Act</TitleText></Heading><Section><Label>139</Label><Text>[Amendment]</Text></Section><Heading level="1"><Label>PART 6</Label><TitleText>Bank for International Settlements (Immunity) Act</TitleText></Heading><Section type="amending"><MarginalNote>Enactment of Act</MarginalNote><Label>140</Label><Text>The <XRefExternal reference-type="act">Bank for International Settlements (Immunity) Act</XRefExternal> is enacted as follows:</Text><Note status="editorial">[See <XRefExternal reference-type="act">Bank for International Settlements (Immunity) Act</XRefExternal>]</Note></Section><Heading level="1"><Label>PART 7</Label><TitleText>Phased Retirement — Amendments Other than Those Concerning Income Tax</TitleText></Heading><Heading level="2"><TitleText>Pension Benefits Standards Act, 1985</TitleText></Heading><Section><Label>141</Label><Text>[Amendment]</Text></Section><Section><Label>142</Label><Text>[Amendment]</Text></Section><Heading level="2"><TitleText>Coming into Force</TitleText></Heading><Section type="transitional"><MarginalNote>Order in council</MarginalNote><Label><FootnoteRef idref="fn_Ind258B_hq_3786">*</FootnoteRef>143</Label><Text>This Part comes into force on a day to be fixed by order of the Governor in Council.</Text><Footnote id="fn_Ind258B_hq_3786" placement="section" status="editorial"><Label>*</Label><Text>[Note: Part 7 in force March 31, 2009, <Emphasis style="italic">see</Emphasis> SI/2009-25.]</Text></Footnote></Section><Heading level="1"><Label>PART 8</Label><TitleText>Advance Market Commitment</TitleText></Heading><Section type="transitional"><MarginalNote>Payments</MarginalNote><Label>144</Label><Subsection type="transitional"><Label>(1)</Label><Text>In respect of fiscal years beginning on or after April 1, 2008 and for the purpose of Canada’s contribution to the Advance Market Commitment, payments not exceeding in the aggregate the Canadian dollar equivalent of US$200 million — less the C$115 million that was paid under the authority of paragraph (b) of Order in Council P.C. 2007-368, which order was dated March 22, 2007 and made under section 3 of <XRefExternal reference-type="act">An Act to authorize the Minister of Finance to make certain payments</XRefExternal>, being chapter 36 of the Statutes of Canada, 2005 — may, on the requisition of the Minister for International Development, be made out of the Consolidated Revenue Fund to international organizations in order to increase the availability of a vaccine for pneumococcal disease.</Text></Subsection><Subsection type="transitional"><MarginalNote>Agreements</MarginalNote><Label>(2)</Label><Text>The Minister for International Development may, subject to any terms or conditions that are established by the Governor in Council on the recommendation of the Minister for International Development and the Minister of Finance, enter into agreements with international organizations for the purpose of the contribution referred to in subsection (1).</Text></Subsection><Subsection type="transitional"><MarginalNote>Exchange rate</MarginalNote><Label>(3)</Label><Text>The rate of exchange that is to be used in order to determine the Canadian dollar equivalent of a payment that is made under subsection (1) is the rate that is determined, by the entity providing foreign banking services to the Receiver General, on the day on which the payment is made.</Text></Subsection><HistoricalNote>2007, c. 35, s. 144; 2013, c. 33, s. 196.</HistoricalNote></Section><Heading level="1"><Label>PART 9</Label><TitleText>Oil and Gas Operations in Canada</TitleText></Heading><Heading level="2"><TitleText>Canada Oil and Gas Operations Act</TitleText></Heading><Section><Label>145</Label><Text>[Amendment]</Text></Section><Section><Label>146</Label><Text>[Amendment]</Text></Section><Section><Label>147</Label><Text>[Amendment]</Text></Section><Section><Label>148</Label><Text>[Amendment]</Text></Section><Section><Label>149</Label><Text>[Amendment]</Text></Section><Section><Label>150</Label><Text>[Amendment]</Text></Section><Heading level="2"><TitleText>Consequential Amendments</TitleText></Heading><Heading level="3"><TitleText>Canada Petroleum Resources Act</TitleText></Heading><Section><Label>151</Label><Text>[Amendment]</Text></Section><Heading level="3"><TitleText>National Energy Board Act</TitleText></Heading><Section><Label>152</Label><Text>[Amendment]</Text></Section><Section><Label>153</Label><Text>[Amendment]</Text></Section><Heading level="1"><Label>PART 10</Label><TitleText>Amendments to the Farm Income Protection Act</TitleText></Heading><Section><Label>154</Label><Text>[Amendments]</Text></Section><Section><Label>155</Label><Text>[Amendment]</Text></Section><Section><Label>156</Label><Text>[Amendment]</Text></Section><Section><Label>157</Label><Text>[Amendment]</Text></Section><Section><Label>158</Label><Text>[Amendment]</Text></Section><Section><Label>159</Label><Text>[Amendment]</Text></Section><Section><Label>160</Label><Text>[Amendment]</Text></Section><Heading level="1"><Label>PART 11</Label><TitleText>Federal-Provincial Fiscal Arrangements</TitleText></Heading><Heading level="2"><TitleText>Amendments to the Federal-Provincial Fiscal Arrangements Act</TitleText></Heading><Section><Label>161</Label><Text>[Amendment]</Text></Section><Section><Label>162</Label><Text>[Amendment]</Text></Section><Section><Label>163</Label><Text>[Amendment]</Text></Section><Section><Label>164</Label><Text>[Amendments]</Text></Section><Section><Label>165</Label><Text>[Amendment]</Text></Section><Section><Label>166</Label><Text>[Amendment]</Text></Section><Section><Label>167</Label><Text>[Amendment]</Text></Section><Section><Label>168</Label><Text>[Amendment]</Text></Section><Heading level="2"><TitleText>Amendments to the Budget Implementation Act, 2007</TitleText></Heading><Section><Label>169</Label><Text>[Amendment]</Text></Section><Section><Label>170</Label><Text>[Amendment]</Text></Section><Section><Label>171</Label><Text>[Amendment]</Text></Section><Heading level="2"><TitleText>Consequential Amendment to the <XRefExternal reference-type="act">Canada-Newfoundland Atlantic Accord Implementation Act</XRefExternal></TitleText></Heading><Section><Label>172</Label><Text>[Amendment]</Text></Section><Heading level="2"><TitleText>Transitional Provisions</TitleText></Heading><Section type="transitional"><MarginalNote>Calculation re fiscal year 2008-2009</MarginalNote><Label>173</Label><Text>If section <XRefInternal>165</XRefInternal> of this Act comes into force after a calculation has already been made under section 3.91 of the <XRefExternal reference-type="act">Federal-Provincial Fiscal Arrangements Act</XRefExternal> of the fiscal equalization payment that may be paid to a province under section 3.6 of that Act for the fiscal year beginning on April 1, 2008, the Minister of Finance may, under section 3.91 of that Act, as enacted by section <XRefInternal>165</XRefInternal> of this Act, recalculate the fiscal equalization payment that may be paid to the province under section 3.6 of the <XRefExternal reference-type="act">Federal-Provincial Fiscal Arrangements Act</XRefExternal> for that fiscal year.</Text></Section><Section><Label>174</Label><Text><Repealed>[Repealed, 2015, c. 4, s. 116]</Repealed></Text></Section><Heading level="2"><TitleText>Coming into Force</TitleText></Heading><Section type="transitional"><MarginalNote>Newfoundland and Labrador</MarginalNote><Label><FootnoteRef idref="fn_Ind26CA_hq_3787">*</FootnoteRef>175</Label><Subsection type="transitional"><Label>(1)</Label><Text>Section <XRefInternal>172</XRefInternal> comes into force, or is deemed to have come into force, on April 1 of the first fiscal year in respect of which Newfoundland and Labrador makes the election under subsection 3.7(3) of the <XRefExternal reference-type="act">Federal-Provincial Fiscal Arrangements Act</XRefExternal>.</Text></Subsection><Subsection type="transitional"><MarginalNote>Notice</MarginalNote><Label>(2)</Label><Text>The Minister of Finance shall publish in the <XRefExternal reference-type="other">Canada Gazette</XRefExternal> the date on which section <XRefInternal>172</XRefInternal> comes into force.</Text><Footnote id="fn_Ind26CA_hq_3787" placement="section" status="editorial"><Label>*</Label><Text>[Note: Section 172 in force April 1, 2010, <Emphasis style="italic">see</Emphasis> <XRefExternal reference-type="other">Canada Gazette</XRefExternal> Part I, Volume 146, page 26.]</Text></Footnote></Subsection></Section><Heading level="1"><Label>PART 12</Label><TitleText>Amendments to the Canada Education Savings Act</TitleText></Heading><Section><Label>176</Label><Text>[Amendment]</Text></Section><Section><Label>177</Label><Text>[Amendment]</Text></Section><Heading level="1"><Label>PART 13</Label><TitleText>Private-Public Partnerships</TitleText></Heading><Section type="transitional"><MarginalNote>Payments</MarginalNote><Label>178</Label><Text>There may be paid out of the Consolidated Revenue Fund, on the requisition of the Minister of Finance, a sum not exceeding five million dollars, to an entity designated by the Minister of Finance, to facilitate public-private partnership projects in respect of that entity’s operating and capital expenditures for each of fiscal years 2007-2008 and 2008-2009.</Text></Section><Heading level="1"><Label>PART 14</Label><TitleText>Tax Amendments to Implement the 2007 Economic Statement</TitleText></Heading><Heading level="2"><TitleText>Amendments Relating to Income Tax</TitleText></Heading><Heading level="3"><TitleText>Income Tax Act</TitleText></Heading><Section><Label>179</Label><Text>[Amendment]</Text></Section><Section><Label>180</Label><Text>[Amendments]</Text></Section><Section><Label>181</Label><Text>[Amendment]</Text></Section><Section><Label>182</Label><Text>[Amendment]</Text></Section><Heading level="2"><TitleText>Amendments to Implement the GST/HST Rate Reduction</TitleText></Heading><Heading level="3"><TitleText>Excise Tax Act</TitleText></Heading><Section><Label>183</Label><Text>[Amendments]</Text></Section><Section><Label>184</Label><Text>[Amendment]</Text></Section><Section><Label>185</Label><Text>[Amendment]</Text></Section><Section><Label>186</Label><Text>[Amendment]</Text></Section><Section><Label>187</Label><Text>[Amendment]</Text></Section><Section><Label>188</Label><Text>[Amendments]</Text></Section><Section><Label>189</Label><Text>[Amendments]</Text></Section><Section><Label>190</Label><Text>[Amendments]</Text></Section><Section><Label>191</Label><Text>[Amendment]</Text></Section><Section><Label>192</Label><Text>[Amendments]</Text></Section><Section><Label>193</Label><Text>[Amendment]</Text></Section><Section><Label>194</Label><Text>[Amendment]</Text></Section><Section><Label>195</Label><Text>[Amendment]</Text></Section><Heading level="2"><TitleText>Related Amendments as a Result of the GST/HST Rate Reduction</TitleText></Heading><Heading level="3"><TitleText>Air Travellers Security Charge Act</TitleText></Heading><Section><Label>196</Label><Text>[Amendments]</Text></Section><Heading level="3"><TitleText>Excise Act, 2001</TitleText></Heading><Heading level="4"><TitleText>Amendments to the Act</TitleText></Heading><Section><Label>197</Label><Text>[Amendment]</Text></Section><Section><Label>198</Label><Text>[Amendment]</Text></Section><Section><Label>199</Label><Text>[Amendment]</Text></Section><Section><Label>200</Label><Text>[Amendment]</Text></Section><Section><Label>201</Label><Text>[Amendment]</Text></Section><Section><Label>202</Label><Text>[Amendments]</Text></Section><Section><Label>203</Label><Text>[Amendment]</Text></Section><Section><Label>204</Label><Text>[Amendment]</Text></Section><Section><Label>205</Label><Text>[Amendment]</Text></Section><Section><Label>206</Label><Text>[Amendment]</Text></Section><Section><Label>207</Label><Text>[Amendment]</Text></Section><Section><Label>208</Label><Text>[Amendments]</Text></Section><Heading level="4"><TitleText>Application</TitleText></Heading><Section type="transitional"><Label>209</Label><Text>For the purposes of applying the provisions of the <XRefExternal reference-type="act">Customs Act</XRefExternal> that provide for the payment of, or the liability to pay, interest in respect of any amount, the amount shall be determined and interest shall be computed on it as though sections <XRefInternal>204</XRefInternal> to <XRefInternal>208</XRefInternal> had come into force on January 1, 2008.</Text></Section></Body></Statute>