﻿<?xml version="1.0" encoding="utf-8"?><!--Arbortext, Inc., 1988-2004, v.4002--><!DOCTYPE Statute PUBLIC "-//Justice Canada//DTD Statute v2.0.0//EN" "Dtd/Version_2.0.0/Statute/Statute.dtd"><Statute bill-origin="commons" bill-type="govt-public" xml:lang="en"><Identification><LongTitle>Canada-Belgium Income Tax Convention Act, 1976</LongTitle><ShortTitle status="official">Canada-Belgium Income Tax Convention Act, 1976</ShortTitle><RunningHead>Canada-Belgium Income Tax Convention, 1976</RunningHead><BillHistory><Stages stage="assented-to"><Date><YYYY>1976</YYYY><MM>6</MM><DD>29</DD></Date></Stages><Stages stage="consolidation"><Date><YYYY>2018</YYYY><MM>08</MM><DD>20</DD></Date></Stages></BillHistory><Chapter><ConsolidatedNumber official="no">C-1.3</ConsolidatedNumber><AnnualStatuteId revised-statute="no"><AnnualStatuteNumber>104, Part II</AnnualStatuteNumber><YYYY>1974-75-76</YYYY></AnnualStatuteId></Chapter><ReaderNote><Note status="editorial">[Enacted as Part II of chapter 104 of the Statutes of Canada, 1974-75-76, in force on assent June 29, 1976.]</Note></ReaderNote></Identification><Body><Heading level="1"><Label>PART II</Label><TitleText>Canada-Belgium Income Tax Convention</TitleText></Heading><Section><MarginalNote>Short title of Part II</MarginalNote><Label>4</Label><Text>This Part may be cited as the <XRefExternal reference-type="act">Canada-Belgium Income Tax Convention Act, 1976</XRefExternal>.</Text></Section><Section><MarginalNote>Convention approved</MarginalNote><Label>5</Label><Subsection><Label>(1)</Label><Text>The Convention entered into between the Government of Canada and the Government of Belgium, set out in Schedule II, is approved and declared to have the force of law in Canada during such period as, by its terms, the Convention is in force.</Text></Subsection><Subsection><MarginalNote>Inconsistent laws</MarginalNote><Label>(2)</Label><Text>In the event of any inconsistency between the provisions of this Part, or the Convention, and the provisions of any other law, the provisions of this Part and the Convention prevail to the extent of the inconsistency.</Text></Subsection><Subsection><MarginalNote>Regulations</MarginalNote><Label>(3)</Label><Text>The Minister of National Revenue may make such regulations as are necessary for the purpose of carrying out the Convention or for giving effect to any of the provisions thereof.</Text></Subsection></Section><Section><MarginalNote>Promulgation of dates</MarginalNote><Label><FootnoteRef idref="fn_C-1.3_EN_hq_16172">*</FootnoteRef>6</Label><Text>Notice of the day the Convention comes into force and of the day it ceases to be effective shall be given by proclamation of the Governor in Council published in the <XRefExternal reference-type="other">Canada Gazette</XRefExternal>.</Text><Footnote id="fn_C-1.3_EN_hq_16172" placement="section" status="editorial"><Label>*</Label><Text>[Note: Convention, set out in Schedule II to the Act as amended by subsection 8(1) of the <XRefExternal reference-type="act">Tax Conventions Implementation Act, 2002</XRefExternal>, in force October 6, 2004, <Emphasis style="italic">see</Emphasis> SI/2005-86.]</Text></Footnote></Section></Body><Schedule><ScheduleFormHeading><Label>SCHEDULE II</Label><OriginatingRef>(Section 5)</OriginatingRef><TitleText>Convention Between the Government of Canada and the Government of the Kingdom of Belgium for the Avoidance of Double Taxation and the Prevention of Fiscal Evasion with Respect to Taxes on Income and on Capital</TitleText></ScheduleFormHeading><DocumentInternal><Provision first-line-indent="0" language-align="yes" subsequent-line-indent="2"><Text>The Government of Canada and the Government of the Kingdom of Belgium, desiring to conclude a Convention for the avoidance of double taxation and the prevention of fiscal evasion with respect to taxes on income and on capital, have agreed as follows:</Text></Provision><Group><GroupHeading format-ref="group1-part"><TitleText>I. Scope of the Convention</TitleText></GroupHeading><Group><GroupHeading format-ref="group2-division"><Label>Article 1</Label><TitleText>Persons Covered</TitleText></GroupHeading><Provision format-ref="indent-0-0" language-align="yes"><Text>This Convention shall apply to persons who are residents of one or both of the Contracting States.</Text></Provision></Group><Group><GroupHeading format-ref="group2-division"><Label>Article 2</Label><TitleText>Taxes Covered</TitleText></GroupHeading><Provision format-ref="indent-0-0" language-align="yes"><Label>1</Label><Text>This Convention shall apply to taxes on income and on capital imposed on behalf of each Contracting State, irrespective of the manner in which they are levied.</Text></Provision><Provision format-ref="indent-0-0" language-align="yes"><Label>2</Label><Text>There shall be regarded as taxes on income and on capital all taxes imposed on total income, on total capital, or on elements of income or of capital, including taxes on gains from the alienation of movable or immovable property, as well as taxes on capital appreciation.</Text></Provision><Provision format-ref="indent-0-0" language-align="yes"><Label>3</Label><Text>The existing taxes to which the Convention shall apply are in particular:</Text><Provision format-ref="indent-1-1"><Label>(a)</Label><Text>in the case of Belgium:</Text><Provision format-ref="indent-2-2"><Label>(i)</Label><Text>the individual income tax;</Text></Provision><Provision format-ref="indent-2-2"><Label>(ii)</Label><Text>the corporate income tax;</Text></Provision><Provision format-ref="indent-2-2"><Label>(iii)</Label><Text>the income tax on legal entities;</Text></Provision><Provision format-ref="indent-2-2"><Label>(iv)</Label><Text>the income tax on non-residents;</Text></Provision><Provision format-ref="indent-2-2"><Label>(v)</Label><Text>the supplementary crisis contribution;</Text></Provision><Provision format-ref="indent-1-1"><Text>including the prepayments, the surcharges on these taxes and prepayments, and the supplements to the individual income tax, (hereinafter referred to as “Belgian tax”);</Text></Provision></Provision><Provision format-ref="indent-1-1"><Label>(b)</Label><Text>in the case of Canada: the taxes imposed by the Government of Canada under the <XRefExternal reference-type="act">Income Tax Act</XRefExternal>, (hereinafter referred to as “Canadian tax”).</Text></Provision></Provision><Provision format-ref="indent-0-0" language-align="yes"><Label>4</Label><Text>The Convention shall apply also to any identical or substantially similar taxes, which are imposed after the date of signature of the Convention in addition to, or in place of, the existing taxes. The competent authorities of the Contracting States shall notify each other of any significant changes, which have been made in their respective taxation laws.</Text></Provision></Group></Group><Group><GroupHeading format-ref="group1-part"><TitleText>II. Definitions</TitleText></GroupHeading><Group><GroupHeading format-ref="group2-division"><Label>Article 3</Label><TitleText>General Definitions</TitleText></GroupHeading><Provision format-ref="indent-0-0" language-align="yes"><Label>1</Label><Text>For the purposes of this Convention, unless the context otherwise requires:</Text><Provision format-ref="indent-1-2"><Label>(a)</Label><Provision format-ref="indent-1-2"><Label>(i)</Label><Text>the term <DefinedTermEn>Belgium</DefinedTermEn> used in a geographical sense means the national territory, including the territorial sea, and any other area in the sea or in the air within which Belgium, in accordance with international law, exercises sovereign rights or its jurisdiction;</Text></Provision><Provision format-ref="indent-2-2"><Label>(ii)</Label><Text>the term <DefinedTermEn>Canada</DefinedTermEn> used in a geographical sense means the territory of Canada, including:</Text><Provision format-ref="indent-3-3"><Label>(A)</Label><Text>any area beyond the territorial seas of Canada which, under the laws of Canada and in accordance with international law, is an area within which Canada may exercise rights with respect to the seabed and subsoil and their natural resources;</Text></Provision><Provision format-ref="indent-3-3"><Label>(B)</Label><Text>the waters and airspace above every area referred to in clause (A) in respect of any activity carried on in connection with the exploration for or the exploitation of the natural resources referred to therein;</Text></Provision></Provision></Provision><Provision format-ref="indent-1-1"><Label>(b)</Label><Text>the terms <DefinedTermEn>a Contracting State</DefinedTermEn> and <DefinedTermEn>the other Contracting State</DefinedTermEn> mean Canada or Belgium as the context requires;</Text></Provision><Provision format-ref="indent-1-1"><Label>(c)</Label><Text>the term <DefinedTermEn>person</DefinedTermEn> includes an individual, a company, a partnership and any other body of persons, including, in the case of Canada, an estate and a trust;</Text></Provision><Provision format-ref="indent-1-1"><Label>(d)</Label><Text>the term <DefinedTermEn>company</DefinedTermEn> means any body corporate or any other entity which is treated as a body corporate for tax purposes;</Text></Provision><Provision format-ref="indent-1-1"><Label>(e)</Label><Text>the terms <DefinedTermEn>enterprise of a Contracting State</DefinedTermEn> and <DefinedTermEn>enterprise of the other Contracting State</DefinedTermEn> mean respectively an enterprise carried on by a resident of a Contracting State and an enterprise carried on by a resident of the other Contracting State;</Text></Provision><Provision format-ref="indent-1-1"><Label>(f)</Label><Text>the term <DefinedTermEn>competent authority</DefinedTermEn> means:</Text><Provision format-ref="indent-2-2"><Label>(i)</Label><Text>in the case of Belgium: the Minister of Finance or the Minister’s authorized representative;</Text></Provision><Provision format-ref="indent-2-2"><Label>(ii)</Label><Text>in the case of Canada: the Minister of National Revenue or the Minister’s authorized representative, and,</Text></Provision></Provision><Provision format-ref="indent-1-1"><Label>(g)</Label><Text>the term <DefinedTermEn>national</DefinedTermEn> means:</Text><Provision format-ref="indent-2-2"><Label>(i)</Label><Text>any individual possessing the nationality of a Contracting State;</Text></Provision><Provision format-ref="indent-2-2"><Label>(ii)</Label><Text>any legal person, partnership and association deriving its status as such from the law in force in a Contracting State;</Text></Provision></Provision><Provision format-ref="indent-1-1"><Label>(h)</Label><Text>the term <DefinedTermEn>international traffic</DefinedTermEn> means any voyage of a ship or aircraft operated by an enterprise of a Contracting State to transport passengers or goods except where the principal purpose of the voyage is to transport passengers or goods exclusively between places in the other Contracting State.</Text></Provision></Provision><Provision format-ref="indent-0-0" language-align="yes"><Label>2</Label><Text>As regards the application of the Convention by a Contracting State at any time, any term not defined therein shall, unless the context otherwise requires, have the meaning which it has at that time under the law of that State concerning the taxes to which the Convention applies, any meaning under that law prevailing over a meaning given to the term under other laws of that State.</Text></Provision></Group><Group><GroupHeading format-ref="group2-division"><Label>Article 4</Label><TitleText>Resident</TitleText></GroupHeading><Provision format-ref="indent-0-0" language-align="yes"><Label>1</Label><Text>For the purposes of this Convention, the term <DefinedTermEn>resident of a Contracting State</DefinedTermEn> means:</Text><Provision format-ref="indent-1-1"><Label>(a)</Label><Text>any person who, under the laws of that State, is liable to tax therein by reason of the person’s domicile, residence, place of management or any other criterion of a similar nature;</Text></Provision><Provision format-ref="indent-1-1"><Label>(b)</Label><Text>that State, a political subdivision or a local authority thereof or any legal entity owned by that State, subdivision or authority.</Text></Provision><Provision format-ref="indent-0-0"><Text>This term does not include any person who is liable to tax in that State in respect only of income from sources in that State or capital situated therein.</Text></Provision></Provision><Provision format-ref="indent-0-0" language-align="yes"><Label>2</Label><Text>Where by reason of the provisions of paragraph 1 an individual is a resident of both Contracting States, then the individual’s status shall be determined as follows:</Text><Provision format-ref="indent-1-1"><Label>(a)</Label><Text>the individual shall be deemed to be a resident only of the State in which the individual has a permanent home available; if the individual has a permanent home available in both States, the individual shall be deemed to be a resident only of the State with which the individual’s personal and economic relations are closer (centre of vital interests);</Text></Provision><Provision format-ref="indent-1-1"><Label>(b)</Label><Text>if the State in which the individual’s centre of vital interests is situated cannot be determined, or if there is not a permanent home available to the individual in either State, the individual shall be deemed to be a resident only of the State in which the individual has an habitual abode;</Text></Provision><Provision format-ref="indent-1-1"><Label>(c)</Label><Text>if the individual has an habitual abode in both States or in neither of them, the individual shall be deemed to be a resident only of the State of which the individual is a national;</Text></Provision><Provision format-ref="indent-1-1"><Label>(d)</Label><Text>if the individual is a national of both States or of neither of them, the competent authorities of the Contracting States shall settle the question by mutual agreement.</Text></Provision></Provision><Provision format-ref="indent-0-0" language-align="yes"><Label>3</Label><Text>Where by reason of the provisions of paragraph 1 a person other than an individual is a resident of both Contracting States, the competent authorities of the Contracting States shall by mutual agreement endeavour to settle the question having regard to its place of effective management, the place where it is incorporated or otherwise constituted and any other relevant factors. In the absence of such agreement, such person shall be deemed not to be a resident of either Contracting State for the purposes of Articles 6 to 22 inclusive.</Text></Provision></Group><Group><GroupHeading format-ref="group2-division"><Label>Article 5</Label><TitleText>Permanent Establishment</TitleText></GroupHeading><Provision format-ref="indent-0-0" language-align="yes"><Label>1</Label><Text>For the purposes of this Convention, the term <DefinedTermEn>permanent establishment</DefinedTermEn> means a fixed place of business through which the business of an enterprise is wholly or partly carried on.</Text></Provision><Provision format-ref="indent-0-0" language-align="yes"><Label>2</Label><Text>The term <DefinedTermEn>permanent establishment</DefinedTermEn> includes especially:</Text><Provision format-ref="indent-1-1"><Label>(a)</Label><Text>a place of management;</Text></Provision><Provision format-ref="indent-1-1"><Label>(b)</Label><Text>a branch;</Text></Provision><Provision format-ref="indent-1-1"><Label>(c)</Label><Text>an office;</Text></Provision><Provision format-ref="indent-1-1"><Label>(d)</Label><Text>a factory;</Text></Provision><Provision format-ref="indent-1-1"><Label>(e)</Label><Text>a workshop; and</Text></Provision><Provision format-ref="indent-1-1"><Label>(f)</Label><Text>a mine, an oil or gas well, a quarry or any other place of extraction of natural resources.</Text></Provision></Provision><Provision format-ref="indent-0-0" language-align="yes"><Label>3</Label><Text>A building site or construction or installation project constitutes a permanent establishment only if it lasts for more than twelve months.</Text></Provision><Provision format-ref="indent-0-0" language-align="yes"><Label>4</Label><Text>The use of an installation or drilling rig or ship in a Contracting State to explore for or exploit natural resources constitutes a permanent establishment only if such use is for more than three months in any twelve month period.</Text></Provision><Provision format-ref="indent-0-0" language-align="yes"><Label>5</Label><Text>Notwithstanding the preceding provisions of this Article, the term <DefinedTermEn>permanent establishment</DefinedTermEn> shall be deemed not to include:</Text><Provision format-ref="indent-1-1"><Label>(a)</Label><Text>the use of facilities solely for the purpose of storage, display or delivery of goods or merchandise belonging to the enterprise;</Text></Provision><Provision format-ref="indent-1-1"><Label>(b)</Label><Text>the maintenance of a stock of goods or merchandise belonging to the enterprise solely for the purpose of storage, display or delivery;</Text></Provision><Provision format-ref="indent-1-1"><Label>(c)</Label><Text>the maintenance of a stock of goods or merchandise belonging to the enterprise solely for the purpose of processing by another enterprise;</Text></Provision><Provision format-ref="indent-1-1"><Label>(d)</Label><Text>the maintenance of a fixed place of business solely for the purpose of purchasing goods or merchandise, or of collecting information, for the enterprise;</Text></Provision><Provision format-ref="indent-1-1"><Label>(e)</Label><Text>the maintenance of a fixed place of business solely for the purpose of carrying on, for the enterprise, any other activity of a preparatory or auxiliary character;</Text></Provision><Provision format-ref="indent-1-1"><Label>(f)</Label><Text>the maintenance of a fixed place of business solely for any combination of activities mentioned in subparagraphs (a) to (e) provided that the overall activity of the fixed place of business resulting from this combination is of a preparatory or auxiliary character.</Text></Provision></Provision><Provision format-ref="indent-0-0" language-align="yes"><Label>6</Label><Text>Notwithstanding the provisions of paragraphs 1 and 2, where a person — other than an agent of an independent status to whom paragraph 7 applies — is acting on behalf of an enterprise and has, and habitually exercises, in a Contracting State an authority to conclude contracts in the name of the enterprise, that enterprise shall be deemed to have a permanent establishment in that State in respect of any activities which that person undertakes for the enterprise, unless the activities of such person are limited to those mentioned in paragraph 5 which, if exercised through a fixed place of business, would not make this fixed place of business a permanent establishment under the provisions of that paragraph.</Text></Provision><Provision format-ref="indent-0-0" language-align="yes"><Label>7</Label><Text>An enterprise shall not be deemed to have a permanent establishment in a Contracting State merely because it carries on business in that State through a broker, general commission agent or any other agent of an independent status, provided that such persons are acting in the ordinary course of their business.</Text></Provision><Provision format-ref="indent-0-0" language-align="yes"><Label>8</Label><Text>Notwithstanding the provisions of paragraphs 6 and 7, an insurance enterprise of a Contracting State shall, except with regard to reinsurance, be deemed to have a permanent establishment in the other State if it collects premiums in that other State, or insure risks situated therein, through a representative referred to in paragraph 6 or through an agent of an independent status who has, and habitually exercises, an authority to conclude contracts in the name of the enterprise.</Text></Provision><Provision format-ref="indent-0-0" language-align="yes"><Label>9</Label><Text>The fact that a company which is a resident of a Contracting State controls or is controlled by a company which is a resident of the other Contracting State, or which carries on business in that other State (whether through a permanent establishment or otherwise), shall not of itself constitute either company a permanent establishment of the other.</Text></Provision></Group></Group><Group><GroupHeading format-ref="group1-part"><TitleText>III. Taxation of Income</TitleText></GroupHeading><Group><GroupHeading format-ref="group2-division"><Label>Article 6</Label><TitleText>Income From Immovable Property</TitleText></GroupHeading><Provision format-ref="indent-0-0" language-align="yes"><Label>1</Label><Text>Income derived by a resident of a Contracting State from immovable property (including income from agriculture or forestry) situated in the other Contracting State may be taxed in that other State.</Text></Provision><Provision format-ref="indent-0-0" language-align="yes"><Label>2</Label><Text>The term <DefinedTermEn>immovable property</DefinedTermEn> shall have the meaning, which it has under the law of the Contracting State in which the property in question is situated. The term shall in any case include property accessory to immovable property, livestock and equipment used in agriculture and forestry, rights to which the provisions of general law respecting landed property apply, usufruct of immovable property and rights to variable or fixed payments as consideration for the working of, or the right to work, mineral deposits, sources and other natural resources; ships, boats and aircraft shall not be regarded as immovable property.</Text></Provision><Provision format-ref="indent-0-0" language-align="yes"><Label>3</Label><Text>The provisions of paragraph 1 shall apply to income derived from the direct use, letting, or use in any other form of immovable property and to income from the alienation of such property.</Text></Provision><Provision format-ref="indent-0-0" language-align="yes"><Label>4</Label><Text>The provisions of paragraphs 1 and 3 shall also apply to the income from immovable property of an enterprise and to income from immovable property used for the performance of independent personal services.</Text></Provision></Group><Group><GroupHeading format-ref="group2-division"><Label>Article 7</Label><TitleText>Business Profits</TitleText></GroupHeading><Provision format-ref="indent-0-0" language-align="yes"><Label>1</Label><Text>The profits of an enterprise of a Contracting State shall be taxable only in that State unless the enterprise carries on business in the other Contracting State through a permanent establishment situated therein. If the enterprise carries on or has carried on business as aforesaid, the profits of the enterprise may be taxed in the other State but only so much of them as is attributable to that permanent establishment.</Text></Provision><Provision format-ref="indent-0-0" language-align="yes"><Label>2</Label><Text>Subject to the provisions of paragraph 3, where an enterprise of a Contracting State carries on business in the other Contracting State through a permanent establishment situated therein, there shall in each Contracting State be attributed to that permanent establishment the profits which it might be expected to make if it were a distinct and separate enterprise engaged in the same or similar activities under the same or similar conditions and dealing wholly independently with the enterprise of which it is a permanent establishment and with all other associated persons.</Text></Provision><Provision format-ref="indent-0-0" language-align="yes"><Label>3</Label><Text>In determining the profits of a permanent establishment, there shall be allowed those deductible expenses which are incurred for the purposes of the permanent establishment, including executive and general administrative expenses so incurred, whether in the State in which the permanent establishment is situated or elsewhere.</Text></Provision><Provision format-ref="indent-0-0" language-align="yes"><Label>4</Label><Text>In the absence of appropriate accounting or other data permitting the determination of the amount of the profits of an enterprise of a Contracting State which is attributable to its permanent establishment situated in the other State, the tax may, in particular, be charged in that other State in accordance with its domestic legislation, having regard to the normal profits of similar enterprises engaged in the same or similar activities under the same or similar conditions.</Text></Provision><Provision format-ref="indent-0-0" language-align="yes"><Label>5</Label><Text>No profits shall be attributed to a permanent establishment by reason of the mere purchase by that permanent establishment of goods or merchandise for the enterprise.</Text></Provision><Provision format-ref="indent-0-0" language-align="yes"><Label>6</Label><Text>For the purposes of the preceding paragraphs, the profits to be attributed to the permanent establishment shall be determined by the same method year by year unless there is good and sufficient reason to the contrary.</Text></Provision><Provision format-ref="indent-0-0" language-align="yes"><Label>7</Label><Text>Where profits include items of income which are dealt with separately in other Articles of this Convention, then the provisions of those Articles shall not be affected by the provisions of this Article.</Text></Provision></Group><Group><GroupHeading format-ref="group2-division"><Label>Article 8</Label><TitleText>Shipping and Air Transport</TitleText></GroupHeading><Provision format-ref="indent-0-0" language-align="yes"><Label>1</Label><Text>Profits derived by an enterprise of a Contracting State from the operation of ships or aircraft in international traffic shall be taxable only in that State.</Text></Provision><Provision format-ref="indent-0-0" language-align="yes"><Label>2</Label><Text>Notwithstanding the provisions of Article 7, profits which are not covered by paragraph 1 and which are derived from the operation of ships used to transport passengers or goods exclusively between places in a Contracting State may be taxed in that State.</Text></Provision><Provision format-ref="indent-0-0" language-align="yes"><Label>3</Label><Text>The provisions of paragraphs 1 and 2 shall also apply to profits from the participation in a pool, a joint business or an international operating agency.</Text></Provision><Provision format-ref="indent-0-0" language-align="yes"><Label>4</Label><Text>In this Article,</Text><Provision format-ref="indent-1-1"><Label>(a)</Label><Text>the term <DefinedTermEn>profits</DefinedTermEn> includes interest on funds directly connected with the operation of ships or aircraft in international traffic, provided that such interest is incidental to the operation;</Text></Provision><Provision format-ref="indent-1-1"><Label>(b)</Label><Text>the term <DefinedTermEn>operation of ships or aircraft in international traffic</DefinedTermEn> includes:</Text><Provision format-ref="indent-2-2"><Label>(i)</Label><Text>the charter or rental of ships or aircraft, or</Text></Provision><Provision format-ref="indent-2-2"><Label>(ii)</Label><Text>the rental of containers and related equipment,</Text></Provision><Provision format-ref="indent-1-1"><Text>by an enterprise of a Contracting State, provided that such charter or rental is incidental to the operation by that enterprise of ships or aircraft in international traffic.</Text></Provision></Provision></Provision></Group><Group><GroupHeading format-ref="group2-division"><Label>Article 9</Label><TitleText>Associated Enterprises</TitleText></GroupHeading><Provision format-ref="indent-0-0" language-align="yes"><Label>1</Label><Text>Where</Text><Provision format-ref="indent-1-1"><Label>(a)</Label><Text>an enterprise of a Contracting State participates directly or indirectly in the management, control or capital of an enterprise of the other Contracting State, or</Text></Provision><Provision format-ref="indent-1-1"><Label>(b)</Label><Text>the same persons participate directly or indirectly in the management, control or capital of an enterprise of a Contracting State and an enterprise of the other Contracting State,</Text></Provision><Provision format-ref="indent-0-0"><Text>and in either case conditions are made or imposed between the two enterprises in their commercial or financial relations which differ from those which would be made between independent enterprises, then any income or profits which would, but for those conditions, have accrued to one of the enterprises, but, by reason of those conditions, have not so accrued, may be included in the income or profits of that enterprise and taxed accordingly.</Text></Provision></Provision><Provision format-ref="indent-0-0" language-align="yes"><Label>2</Label><Text>Where a Contracting State includes in the income or profits of an enterprise of that State — and taxes accordingly — income or profits on which an enterprise of the other Contracting State has been charged to tax in that other State and the income or profits so included are income or profits which would have accrued to the enterprise of the first-mentioned State if the conditions made between the two enterprises had been those which would have been made between independent enterprises, then that other State shall make such an adjustment as it considers appropriate to the amount of tax charged therein on that income or those profits. In determining such adjustment, due regard shall be had to the other provisions of this Convention.</Text></Provision><Provision format-ref="indent-0-0" language-align="yes"><Label>3</Label><Text>A Contracting State shall not change the income or profits of an enterprise in the circumstances referred to in paragraph 1 after the expiry of the time limits provided in its national laws and, in any case, after six years from the end of the year in which the income or profits which would be subject to such change would have accrued to an enterprise of that State.</Text></Provision><Provision format-ref="indent-0-0" language-align="yes"><Label>4</Label><Text>The provisions of paragraphs 2 and 3 shall not apply in the case of fraud or wilful default.</Text></Provision></Group><Group><GroupHeading format-ref="group2-division"><Label>Article 10</Label><TitleText>Dividends</TitleText></GroupHeading><Provision format-ref="indent-0-0" language-align="yes"><Label>1</Label><Text>Dividends paid by a company which is a resident of a Contracting State to a resident of the other Contracting State may be taxed in that other State.</Text></Provision><Provision format-ref="indent-0-0" language-align="yes"><Label>2</Label><Text>However, such dividends may also be taxed in the Contracting State of which the company paying the dividends is a resident and according to the laws of that State, but if the beneficial owner of the dividends is a resident of the other Contracting State the tax so charged shall not exceed:</Text><Provision format-ref="indent-1-1"><Label>(a)</Label><Text>5 per cent of the gross amount of the dividends if the beneficial owner is a company which owns directly at least 10 per cent of the voting stock of the company paying the dividends;</Text></Provision><Provision format-ref="indent-1-1"><Label>(b)</Label><Text>15 per cent of the gross amount of the dividends in all other cases.</Text></Provision><Provision format-ref="indent-0-0"><Text>This paragraph shall not affect the taxation of the company in respect of the profits out of which the dividends are paid.</Text></Provision></Provision><Provision format-ref="indent-0-0" language-align="yes"><Label>3</Label><Text>The term <DefinedTermEn>dividends</DefinedTermEn> as used in this Article means income from shares, “<Language xml:lang="fr"><Emphasis style="italic">jouissance</Emphasis></Language>” shares or “<Language xml:lang="fr"><Emphasis style="italic">jouissance</Emphasis></Language>” rights, mining shares, founders’ shares or other rights, not being debt-claims, participating in profits, as well as income — even paid in the form of interest — which is subjected to the same taxation treatment as income from shares by the laws of the State of which the company making the payment is a resident.</Text></Provision><Provision format-ref="indent-0-0" language-align="yes"><Label>4</Label><Text>The provisions of paragraphs 1 and 2 shall not apply if the beneficial owner of the dividends, being a resident of a Contracting State, carries on business in the other Contracting State of which the company paying the dividends is a resident, through a permanent establishment situated therein, or performs in that other State independent personal services from a fixed base situated therein, and the holding in respect of which the dividends are paid is effectively connected with such permanent establishment or fixed base. In such case the provisions of Article 7 or Article 14, as the case may be, shall apply.</Text></Provision><Provision format-ref="indent-0-0" language-align="yes"><Label>5</Label><Text>Where a company which is a resident of a Contracting State derives profits or income from the other Contracting State, that other State may not impose any tax on the dividends paid by the company, except insofar as such dividends are paid to a resident of that other State or insofar as the holding in respect of which the dividends are paid is effectively connected with a permanent establishment or a fixed base situated in that other State, nor subject the company’s undistributed profits to a tax on the company’s undistributed profits, even if the dividends paid or the undistributed profits consist wholly or partly of profits or income arising in such other State.</Text></Provision><Provision format-ref="indent-0-0" language-align="yes"><Label>6</Label><Text>Nothing in this Convention shall be construed as preventing Canada from imposing a tax on the earnings attributable to permanent establishments in Canada of a company which is a resident of Belgium, in addition to the tax which would be chargeable on the earnings of a company which is a resident of Canada, provided that the rate of any additional tax so imposed shall not exceed 5 per cent of the amount of such earnings which have not been subjected to such additional tax in previous taxation years. For the purpose of this provision, the term <DefinedTermEn>earnings</DefinedTermEn> means profits attributable to such permanent establishments in Canada (including gains from the alienation of property forming part of the business property, referred to in paragraph 2 of Article 13, of such permanent establishments) in accordance with Article 7 in a year and previous years after deducting therefrom:</Text><Provision format-ref="indent-1-1"><Label>(a)</Label><Text>business losses attributable to such permanent establishments (including losses from the alienation of property forming part of the business property of such permanent establishments) in such year and previous years;</Text></Provision><Provision format-ref="indent-1-1"><Label>(b)</Label><Text>all taxes chargeable in Canada on such profits, other than the additional tax referred to herein;</Text></Provision><Provision format-ref="indent-1-1"><Label>(c)</Label><Text>the profits reinvested in Canada, provided that the amount of such deduction shall be determined in accordance with the existing provisions, of the law of Canada regarding the computation of the allowance in respect of investment in property in Canada, and any subsequent modification of those provisions which shall not affect the general principle hereof; and</Text></Provision><Provision format-ref="indent-1-1"><Label>(d)</Label><Text>five hundred thousand Canadian dollars ($500,000), less any amount deducted:</Text><Provision format-ref="indent-2-2"><Label>(i)</Label><Text>by the company, or</Text></Provision><Provision format-ref="indent-2-2"><Label>(ii)</Label><Text>by a person related thereto from the same or a similar business as that carried on by the company,</Text></Provision><Provision format-ref="indent-1-1"><Text>under this subparagraph (d); for the purposes of this subparagraph (d), a company is related to another company if one company directly or indirectly controls the other, or both companies are directly or indirectly controlled by the same person or persons, or if the two companies deal with each other not at arm’s length.</Text></Provision></Provision></Provision></Group><Group><GroupHeading format-ref="group2-division"><Label>Article 11</Label><TitleText>Interest</TitleText></GroupHeading><Provision format-ref="indent-0-0" language-align="yes"><Label>1</Label><Text>Interest arising in a Contracting State and paid to a resident of the other Contracting State may be taxed in that other State.</Text></Provision><Provision format-ref="indent-0-0" language-align="yes"><Label>2</Label><Text>However, such interest may also be taxed in the Contracting State in which it arises and according to the laws of that State, but if the beneficial owner of the interest is a resident of the other Contracting State the tax so charged shall not exceed 10 per cent of the gross amount of the interest.</Text></Provision><Provision format-ref="indent-0-0" language-align="yes"><Label>3</Label><Text>Notwithstanding the provisions of paragraph 2, interest arising in a Contracting State and paid to a resident of the other Contracting State who is the beneficial owner thereof shall be taxable only in that other State if it is:</Text><Provision format-ref="indent-1-1"><Label>(a)</Label><Text>interest paid with respect to indebtedness in connection with the sale on credit by a resident of that other State of any equipment, merchandise or services, except where the sale or indebtedness was between related persons;</Text></Provision><Provision format-ref="indent-1-1"><Label>(b)</Label><Text>interest paid to the other Contracting State or a political subdivision or a local authority thereof;</Text></Provision><Provision format-ref="indent-1-1"><Label>(c)</Label><Text>interest on a loan made, guaranteed or insured or a credit extended, guaranteed or insured by Export Development Canada in the case of Canada or by any similar institution specified and agreed in letters exchanged between the competent authorities of the Contracting States in the case of Belgium.</Text></Provision></Provision><Provision format-ref="indent-0-0" language-align="yes"><Label>4</Label><Text>The term <DefinedTermEn>interest</DefinedTermEn> as used in this Article means income from debt-claims of every kind, whether or not secured by mortgage and whether or not carrying a right to participate in the debtor’s profits, and in particular, income from government securities and income from bonds or debentures, including premiums and prizes attaching to such securities, bonds or debentures, as well as income assimilated to income from money lent by the taxation law of the State in which the income arises; however, the term <DefinedTermEn>interest</DefinedTermEn> does not include for the purpose of this Article penalty charges for late payment, interest referred to in paragraph 4 of Article 8 nor interest dealt with in paragraph 3 of Article 10.</Text></Provision><Provision format-ref="indent-0-0" language-align="yes"><Label>5</Label><Text>The provisions of paragraphs 1, 2 and 3 shall not apply if the beneficial owner of the interest, being a resident of a Contracting State, carries on business in the other Contracting State in which the interest arises, through a permanent establishment situated therein, or performs in that other State independent personal services from a fixed base situated therein, and the debt-claim in respect of which the interest is paid is effectively connected with such permanent establishment or fixed base. In such case the provisions of Article 7 or Article 14, as the case may be, shall apply.</Text></Provision><Provision format-ref="indent-0-0" language-align="yes"><Label>6</Label><Text>Interest shall be deemed to arise in a Contracting State when the payer is a resident of that State. Where, however, the person paying the interest, whether the person is a resident of a Contracting State or not, has in a Contracting State a permanent establishment or a fixed base in connection with which the indebtedness on which the interest is paid was incurred, and such interest is borne by such permanent establishment or fixed base, then such interest shall be deemed to arise in the State in which the permanent establishment or fixed base is situated.</Text></Provision><Provision format-ref="indent-0-0" language-align="yes"><Label>7</Label><Text>Where, by reason of a special relationship between the payer and the beneficial owner or between both of them and some other person, the amount of the interest, having regard to the debt-claim for which it is paid, exceeds the amount which would have been agreed upon by the payer and the beneficial owner in the absence of such relationship, the provisions of this Article shall apply only to the last-mentioned amount. In such case, the excess part of the payments shall remain taxable in the Contracting State in which the interest arises according to the laws of that State.</Text></Provision></Group><Group><GroupHeading format-ref="group2-division"><Label>Article 12</Label><TitleText>Royalties</TitleText></GroupHeading><Provision format-ref="indent-0-0" language-align="yes"><Label>1</Label><Text>Royalties arising in a Contracting State and paid to a resident of the other Contracting State may be taxed in that other State.</Text></Provision><Provision format-ref="indent-0-0" language-align="yes"><Label>2</Label><Text>However, such royalties may also be taxed in the Contracting State in which they arise, and according to the laws of that State, but if the beneficial owner of the royalties is a resident of the other Contracting State, the tax so charged shall not exceed 10 per cent of the gross amount of the royalties.</Text></Provision><Provision format-ref="indent-0-0" language-align="yes"><Label>3</Label><Text>Notwithstanding the provisions of paragraph 2,</Text><Provision format-ref="indent-1-1"><Label>(a)</Label><Text>copyright royalties and other like payments in respect of the production or reproduction of any literary, dramatic, musical or other artistic work (but not including royalties in respect of motion picture films nor royalties in respect of works on film or videotape or other means of reproduction for use in connection with television broadcasting); and</Text></Provision><Provision format-ref="indent-1-1"><Label>(b)</Label><Text>royalties for the use of, or the right to use, computer software or any patent or for information concerning industrial, commercial or scientific experience (but not including any such information provided in connection with a rental or franchise agreement),</Text></Provision><Provision format-ref="indent-0-0"><Text>arising in a Contracting State and paid to a resident of the other Contracting State who is the beneficial owner thereof shall be taxable only in that other State.</Text></Provision></Provision><Provision format-ref="indent-0-0" language-align="yes"><Label>4</Label><Text>The term <DefinedTermEn>royalties</DefinedTermEn> as used in this Article means payments of any kind received as a consideration for the use of, or the right to use, any copyright of literary, artistic or scientific work including payments of any kind in respect of motion picture films and works on film, videotape or other means of reproduction for use in connection with television, any patent, trade mark, design or model, plan, secret formula or process or other intangible property, or for the use of, or the right to use, industrial, commercial or scientific equipment, or for information concerning industrial, commercial or scientific experience.</Text></Provision><Provision format-ref="indent-0-0" language-align="yes"><Label>5</Label><Text>The provisions of paragraphs 1, 2 and 3 shall not apply if the beneficial owner of the royalties, being a resident of a Contracting State, carries on business in the other Contracting State in which the royalties arise through a permanent establishment situated therein, or performs in that other State independent personal services from a fixed base situated therein, and the right or property in respect of which the royalties are paid is effectively connected with such permanent establishment or fixed base. In such case the provisions of Article 7 or Article 14, as the case may be, shall apply.</Text></Provision><Provision format-ref="indent-0-0" language-align="yes"><Label>6</Label><Text>Royalties shall be deemed to arise in a Contracting State when the payer is a resident of that State. Where, however, the person paying the royalties, whether the person is a resident of a Contracting State or not, has in a Contracting State a permanent establishment or a fixed base in connection with which the obligation to pay the royalties was incurred, and such royalties are borne by such permanent establishment or fixed base, then such royalties shall be deemed to arise in the State in which the permanent establishment or fixed base is situated.</Text></Provision><Provision format-ref="indent-0-0" language-align="yes"><Label>7</Label><Text>Where, by reason of a special relationship between the payer and the beneficial owner or between both of them and some other person, the amount of the royalties, having regard to the use, right or information for which they are paid, exceeds the amount which would have been agreed upon by the payer and the beneficial owner in the absence of such relationship, the provisions of this Article shall apply only to the last-mentioned amount. In such case, the excess part of the payments shall remain taxable in the Contracting State in which the royalties arise, according to the laws of that State.</Text></Provision></Group><Group><GroupHeading format-ref="group2-division"><Label>Article 13</Label><TitleText>Capital Gains</TitleText></GroupHeading><Provision format-ref="indent-0-0" language-align="yes"><Label>1</Label><Text>Gains derived by a resident of a Contracting State from the alienation of immovable property referred to in Article 6 and situated in the other Contracting State may be taxed in that other State.</Text></Provision><Provision format-ref="indent-0-0" language-align="yes"><Label>2</Label><Text>Gains from the alienation of movable property forming part of the business property of a permanent establishment which an enterprise of a Contracting State has in the other Contracting State or of movable property pertaining to a fixed base available to a resident of a Contracting State in the other Contracting State for the purpose of performing independent personal services, including such gains from the alienation of such a permanent establishment (alone or with the whole enterprise) or of such fixed base, may be taxed in that other State.</Text></Provision><Provision format-ref="indent-0-0" language-align="yes"><Label>3</Label><Text>Gains derived by an enterprise of a Contracting State from the alienation of ships or aircraft operated in international traffic or movable property pertaining to the operation of such ships or aircraft, shall be taxable only in that State.</Text></Provision><Provision format-ref="indent-0-0" language-align="yes"><Label>4</Label><Text>Gains derived by a resident of a Contracting State from the alienation of:</Text><Provision format-ref="indent-1-1"><Label>(a)</Label><Text>shares (other than shares listed on an approved stock exchange in the other Contracting State) forming part of a substantial interest in the capital stock of a company which is a resident of either Contracting State, the value of which shares is derived principally from immovable property situated in the other State; or</Text></Provision><Provision format-ref="indent-1-1"><Label>(b)</Label><Text>a substantial interest in a partnership, trust or estate, established under the law in either Contracting State, the value of which is derived principally from immovable property situated in the other State,</Text></Provision><Provision format-ref="indent-0-0"><Text>may be taxed in that other State. For the purposes of this paragraph, the term <DefinedTermEn>immovable property</DefinedTermEn> includes the shares of a company referred to in subparagraph (a) or an interest in a partnership, trust or estate referred to in subparagraph (b) but does not include any property, other than rental property, in which the business of the company, partnership, trust or estate is carried on.</Text></Provision></Provision><Provision format-ref="indent-0-0" language-align="yes"><Label>5</Label><Text>Gains from the alienation of any property other than that referred to in paragraphs 1, 2, 3 and 4, shall be taxable only in the Contracting State of which the alienator is a resident.</Text></Provision><Provision format-ref="indent-0-0" language-align="yes"><Label>6</Label><Text>Where an individual who ceases to be a resident of a Contracting State, and immediately thereafter becomes a resident of the other Contracting State, is treated for the purposes of taxation in the first-mentioned State as having alienated a property and is taxed in that State by reason thereof, the individual may elect to be treated for purposes of taxation in the other State as if the individual had, immediately before becoming a resident of that State, sold and repurchased the property for an amount equal to its fair market value at that time. However, this provision shall not apply to property, which would give rise, if it were alienated immediately before the individual became a resident of that other State, to a gain, which may be taxed in that other State nor to immovable property situated in a third State.</Text></Provision></Group><Group><GroupHeading format-ref="group2-division"><Label>Article 14</Label><TitleText>Independent Personal Services</TitleText></GroupHeading><Provision format-ref="indent-0-0" language-align="yes"><Label>1</Label><Text>Income derived by an individual who is a resident of a Contracting State in respect of professional services or other activities of an independent character shall be taxable only in that State unless the individual has a fixed base regularly available in the other Contracting State for the purpose of performing the activities. If the individual has or had such a fixed base, the income may be taxed in the other State but only so much of it as is attributable to that fixed base.</Text></Provision><Provision format-ref="indent-0-0" language-align="yes"><Label>2</Label><Text>The term <DefinedTermEn>professional services</DefinedTermEn> includes especially independent scientific, literary, artistic, educational or teaching activities as well as the independent activities of physicians, lawyers, engineers, architects, dentists and accountants.</Text></Provision></Group><Group><GroupHeading format-ref="group2-division"><Label>Article 15</Label><TitleText>Dependent Personal Services</TitleText></GroupHeading><Provision format-ref="indent-0-0" language-align="yes"><Label>1</Label><Text>Subject to the provisions of Articles 16, 18 and 19, salaries, wages and other remuneration derived by a resident of a Contracting State in respect of an employment shall be taxable only in that State unless the employment is exercised in the other Contracting State. If the employment is so exercised, such remuneration as is derived therefrom may be taxed in that other State.</Text></Provision><Provision format-ref="indent-0-0" language-align="yes"><Label>2</Label><Text>Notwithstanding the provisions of paragraph 1, remuneration derived by a resident of a Contracting State in respect of an employment exercised in the other Contracting State shall be taxable only in the first-mentioned State if:</Text><Provision format-ref="indent-1-1"><Label>(a)</Label><Text>the recipient is present in the other State for a period or periods not exceeding in the aggregate 183 days in any twelve month period commencing or ending in the fiscal year concerned; and</Text></Provision><Provision format-ref="indent-1-1"><Label>(b)</Label><Text>the remuneration is paid by, or on behalf of, an employer who is not a resident of the other State; and</Text></Provision><Provision format-ref="indent-1-1"><Label>(c)</Label><Text>the remuneration is not borne by a permanent establishment or a fixed base which the employer has in the other State.</Text></Provision></Provision><Provision format-ref="indent-0-0" language-align="yes"><Label>3</Label><Text>Notwithstanding the preceding provisions of this Article, remuneration derived in respect of an employment exercised aboard a ship or aircraft operated in international traffic by an enterprise of a Contracting State may be taxed in that State.</Text></Provision></Group><Group><GroupHeading format-ref="group2-division"><Label>Article 16</Label><TitleText>Company Managers</TitleText></GroupHeading><Provision format-ref="indent-0-0" language-align="yes"><Label>1</Label><Text>Director’s fees and similar payments derived by a resident of a Contracting State in that resident’s capacity as a member of the board of directors or a similar organ of a company which is a resident of the other Contracting State, may be taxed in that other State.</Text><Provision format-ref="indent-0-0"><Text>This provision shall also apply to payments derived in respect of the discharge of functions which, under the laws of the Contracting State of which the company is a resident, are regarded as functions of a similar nature as those exercised by a member of a board of directors or a similar organ of a company.</Text></Provision></Provision><Provision format-ref="indent-0-0" language-align="yes"><Label>2</Label><Text>Remuneration derived by a person referred to in paragraph 1 from a company which is a resident of a Contracting State in respect of the discharge of day-to-day functions of a managerial or technical nature may be taxed in accordance with the provisions of Article 15 as if such remuneration were remuneration derived by an employee in respect of an employment and as if references to the “employer” were references to the company.</Text></Provision></Group><Group><GroupHeading format-ref="group2-division"><Label>Article 17</Label><TitleText>Artistes and Sports Persons</TitleText></GroupHeading><Provision format-ref="indent-0-0" language-align="yes"><Label>1</Label><Text>Notwithstanding the provisions of Articles 14 and 15, income derived by a resident of a Contracting State as an entertainer, such as a theatre, motion picture, radio or television artiste, a musician, or as a sports person, from that resident’s personal activities as such exercised in the other Contracting State, may be taxed in that other State.</Text></Provision><Provision format-ref="indent-0-0" language-align="yes"><Label>2</Label><Text>Where income in respect of personal activities exercised by an entertainer or a sports person in that individual’s capacity as such accrues not to that entertainer or sports person personally but to another person, that income may, notwithstanding the provisions of Articles 7, 14 and 15, be taxed in the Contracting State in which the activities of the entertainer or sports person are exercised.</Text></Provision><Provision format-ref="indent-0-0" language-align="yes"><Label>3</Label><Text>The provisions of paragraph 2 shall not apply if the entertainer or the sports person establishes that neither the individual nor any person associated with the individual participates directly or indirectly in the profits of the person referred to in that paragraph.</Text></Provision></Group><Group><GroupHeading format-ref="group2-division"><Label>Article 18</Label><TitleText>Pensions</TitleText></GroupHeading><Provision format-ref="indent-0-0" language-align="yes"><Label>1</Label><Text>Periodic or non-periodic pensions and other similar allowances arising in a Contracting State and paid in consideration of past employment to a resident of the other Contracting State may be taxed in the Contracting State in which they arise. This provision shall also apply to pensions and allowances paid under a public scheme organised by a Contracting State in order to supplement the benefits of its social security legislation.</Text></Provision><Provision format-ref="indent-0-0" language-align="yes"><Label>2</Label><Text>Notwithstanding the provisions of paragraph 1, payments under the social security legislation in a Contracting State and war veterans pensions paid by a Contracting State to a resident of the other Contracting State shall be taxable only in the first-mentioned State.</Text></Provision><Provision format-ref="indent-0-0" language-align="yes"><Label>3</Label><Text>Any alimony or other maintenance payment arising in a Contracting State and paid to a resident of the other Contracting State who is subject to tax therein in respect thereof, shall be taxable only in that other State.</Text></Provision></Group><Group><GroupHeading format-ref="group2-division"><Label>Article 19</Label><TitleText>Government Service</TitleText></GroupHeading><Provision format-ref="indent-1-1" language-align="yes"><Label>1</Label><Provision format-ref="indent-1-1"><Label>(a)</Label><Text>Salaries, wages and other similar remuneration, other than a pension, paid by a Contracting State or a political subdivision or a local authority thereof to an individual in respect of services rendered to that State or subdivision or authority shall be taxable only in that State.</Text></Provision><Provision format-ref="indent-1-1"><Label>(b)</Label><Text>However, such salaries, wages and other similar remuneration shall be taxable only in the other Contracting State if the services are rendered in that State and the recipient is a resident of that State who:</Text><Provision format-ref="indent-2-2"><Label>(i)</Label><Text>is a national of that State; or</Text></Provision><Provision format-ref="indent-2-2"><Label>(ii)</Label><Text>did not become a resident of that State solely for the purpose of performing the services.</Text></Provision></Provision></Provision><Provision format-ref="indent-0-0" language-align="yes"><Label>2</Label><Text>The provisions of paragraph 1 shall not apply to salaries, wages and other similar remuneration in respect of services rendered in connection with a business carried on by a Contracting State or a political subdivision or a local authority thereof.</Text></Provision></Group><Group><GroupHeading format-ref="group2-division"><Label>Article 20</Label><TitleText>Students</TitleText></GroupHeading><Provision format-ref="indent-0-0" language-align="yes"><Text>Payments which a student or business apprentice who is or was immediately before visiting a Contracting State a resident of the other Contracting State and who is present in the first-mentioned State solely for the purpose of that individual’s education or training receives for the purpose of that individual’s maintenance, education or training shall not be taxed in that State, provided that such payments arise from sources outside that State.</Text></Provision></Group><Group><GroupHeading format-ref="group2-division"><Label>Article 21</Label><TitleText>Other Income</TitleText></GroupHeading><Provision format-ref="indent-0-0" language-align="yes"><Label>1</Label><Text>Subject to the provisions of paragraph 2, items of income of a resident of a Contracting State, wherever arising, not dealt with in the foregoing Articles of this Convention shall be taxable only in that State.</Text></Provision><Provision format-ref="indent-0-0" language-align="yes"><Label>2</Label><Text>However, if such income is derived by a resident of a Contracting State from sources in the other Contracting State, such income may also be taxed in the State in which it arises, and according to the law of that State. Where such income is income from an estate or a trust, other than a trust to which contributions were deductible, the tax so charged shall, provided that the income is taxable in the Contracting State in which the beneficial owner is a resident, not exceed 15 per cent of the gross amount of the income.</Text></Provision></Group></Group><Group><GroupHeading format-ref="group1-part"><TitleText>IV. Taxation of Capital</TitleText></GroupHeading><Group><GroupHeading format-ref="group2-division"><Label>Article 22</Label><TitleText>Capital</TitleText></GroupHeading><Provision format-ref="indent-0-0" language-align="yes"><Label>1</Label><Text>Capital represented by immovable property referred to in Article 6, owned by a resident of a Contracting State and situated in the other Contracting State, may be taxed in that other State.</Text></Provision><Provision format-ref="indent-0-0" language-align="yes"><Label>2</Label><Text>Capital represented by movable property forming part of the business property of a permanent establishment which an enterprise of a Contracting State has in the other Contracting State or by movable property pertaining to a fixed base available to a resident of a Contracting State in the other Contracting State for the purpose of performing independent personal services, may be taxed in that other State.</Text></Provision><Provision format-ref="indent-0-0" language-align="yes"><Label>3</Label><Text>Capital represented by ships and aircraft operated by an enterprise of a Contracting State in international traffic, or represented by movable property pertaining to the operation of such ships and aircraft, shall be taxable only in that State.</Text></Provision><Provision format-ref="indent-0-0" language-align="yes"><Label>4</Label><Text>All other elements of capital of a resident of a Contracting State shall be taxable only in that State.</Text></Provision></Group></Group><Group><GroupHeading format-ref="group1-part"><TitleText>V. Methods for Prevention of Double Taxation</TitleText></GroupHeading><Group><GroupHeading format-ref="group2-division"><Label>Article 23</Label><TitleText>Elimination of Double Taxation</TitleText></GroupHeading><Provision format-ref="indent-0-0" language-align="yes"><Label>1</Label><Text>In the case of Belgium, double taxation shall be avoided as follows:</Text><Provision format-ref="indent-1-1"><Label>(a)</Label><Text>When a resident of Belgium derives income or owns elements of capital which are taxed in Canada in accordance with the provisions of this Convention, other than those of paragraph 2 of Article 10, of paragraphs 2 and 7 of Article 11, of paragraphs 2 and 7 of Article 12 and of the second sentence of paragraph 2 of Article 21, Belgium shall exempt such income or such elements of capital from tax but may, in calculating the amount of tax on the remaining income or capital of that resident, apply the rate of tax which would have been applicable if such income or elements of capital had not been exempted.</Text></Provision><Provision format-ref="indent-1-1"><Label>(b)</Label><Text>Subject to the provisions of Belgian law regarding the deduction from Belgian tax of taxes paid abroad, where a resident of Belgium derives items of his aggregate income for Belgian tax purposes which are dividends taxable in accordance with paragraph 2 of Article 10 and not exempt from Belgian tax according to subparagraph (c) hereinafter, interest taxable in accordance with paragraph 2 or 7 of Article 11, royalties taxable in accordance with paragraph 2 or 7 of Article 12, the Canadian tax levied on that income shall be allowed as a credit against Belgian tax relating to such income.</Text></Provision><Provision format-ref="indent-1-1"><Label>(c)</Label><Text>Dividends derived by a company which is a resident of Belgium from a company which is a resident of Canada and which may be taxed in Canada in accordance with paragraph 2 of Article 10, shall be exempt from the corporate income tax in Belgium under the conditions and within the limits provided for in Belgian law.</Text></Provision><Provision format-ref="indent-1-1"><Label>(d)</Label><Text>When, in accordance with Belgian law, losses incurred by an enterprise carried on by a resident of Belgium in a permanent establishment situated in Canada, have been effectively deducted from the profits of that enterprise for its taxation in Belgium, the exemption provided for in subparagraph (a) shall not apply in Belgium to the profits of other taxable periods attributable to that establishment to the extent that those profits have also been exempted from tax in Canada by reason of compensation for the said losses.</Text></Provision><Provision format-ref="indent-1-1"><Label>(e)</Label><Text>When a resident of Belgium derives income to which the provisions of the second sentence of paragraph 2 of Article 21 apply and which has been taxed in Canada, the amount of Belgian tax proportionately attributable to such income shall not exceed the amount which would be charged according to Belgian law if such income were taxed as earned income derived from sources outside Belgium and subject to foreign tax.</Text></Provision></Provision><Provision format-ref="indent-0-0" language-align="yes"><Label>2</Label><Text>In the case of Canada, double taxation shall be avoided as follows:</Text><Provision format-ref="indent-1-1"><Label>(a)</Label><Text>Subject to the existing provisions of the law of Canada regarding the deduction from tax payable in Canada of tax paid in a territory outside Canada and to any subsequent modification of those provisions (which shall not affect the general principle hereof) and unless a greater deduction or relief is provided for under the laws of Canada, tax payable in Belgium on profits, income or gains arising in Belgium shall be deducted from any Canadian tax payable in respect of such profits, income or gains.</Text></Provision><Provision format-ref="indent-1-1"><Label>(b)</Label><Text>Subject to the existing provisions of the law of Canada regarding the taxation of income from a foreign affiliate and to any subsequent modification of those provisions for the purposes of computing Canadian tax, a company which is a resident of Canada shall be allowed to deduct in computing its taxable income any dividend received by it out of the exempt surplus of a foreign affiliate which is a resident of Belgium.</Text></Provision><Provision format-ref="indent-1-1"><Label>(c)</Label><Text>Where in accordance with any provision of the Convention income derived or capital owned by a resident of Canada is exempt from tax in Canada, Canada may nevertheless, in calculating the amount of tax on other income or capital, take into account the exempted income or capital.</Text></Provision><Provision format-ref="indent-1-1"><Label>(d)</Label><Text>For the purposes of this paragraph, profits, income or gains of a resident of Canada, which may be taxed in Belgium in accordance with the Convention shall be deemed to arise in Belgium.</Text></Provision></Provision></Group></Group><Group><GroupHeading format-ref="group1-part"><TitleText>VI. Special Provisions</TitleText></GroupHeading><Group><GroupHeading format-ref="group2-division"><Label>Article 24</Label><TitleText>Non-discrimination</TitleText></GroupHeading><Provision format-ref="indent-0-0" language-align="yes"><Label>1</Label><Text>Nationals of a Contracting State shall not be subjected in the other Contracting State to any taxation or any requirement connected therewith which is other or more burdensome than the taxation and connected requirements to which nationals of that other State in the same circumstances, in particular with respect to residence, are or may be subjected. This provision shall, notwithstanding the provisions of Article 1, also apply to individuals who are not residents of one or both of the Contracting States.</Text></Provision><Provision format-ref="indent-0-0" language-align="yes"><Label>2</Label><Text>The taxation on a permanent establishment, which an enterprise of a Contracting State has in the other Contracting State shall not be less favourably levied in that other State than the taxation levied on enterprises of that other State carrying on the same activities. This provision shall not be construed as obliging a Contracting State to grant to residents of the other Contracting State any personal allowances, reliefs and reductions for taxation purposes on account of civil status or family responsibilities which it grants to its own residents.</Text></Provision><Provision format-ref="indent-0-0" language-align="yes"><Label>3</Label><Text>Except where the provisions of paragraph 1 of Article 9 or of paragraph 7 of Article 12, apply, royalties paid by an enterprise of a Contracting State to a resident of the other Contracting State shall, for the purpose of determining the taxable profits of such enterprise, be deductible under the same conditions as if they had been paid to a resident of the first-mentioned State.</Text></Provision><Provision format-ref="indent-0-0" language-align="yes"><Label>4</Label><Text>In this Article, the term <DefinedTermEn>taxation</DefinedTermEn> means the taxes which are the subject of this Convention.</Text></Provision></Group><Group><GroupHeading format-ref="group2-division"><Label>Article 25</Label><TitleText>Mutual Agreement Procedure</TitleText></GroupHeading><Provision format-ref="indent-0-0" language-align="yes"><Label>1</Label><Text>Where a person considers that the actions of one or both of the Contracting States result or will result for that person in taxation not in accordance with the provisions of this Convention, that person may, irrespective of the remedies provided by the domestic law of those States, present the case in writing to the competent authority of the Contracting State of which that person is a resident, or if the case comes under paragraph 1 of Article 24, to that of the Contracting State of which that person is a national. To be admissible, the said case must be presented within two years from the first notification of the action resulting in taxation not in accordance with the provisions of the Convention.</Text></Provision><Provision format-ref="indent-0-0" language-align="yes"><Label>2</Label><Text>The competent authority referred to in paragraph 1 shall endeavour, if the objection appears to it to be justified and if it is not itself able to arrive at a satisfactory solution, to resolve the case by mutual agreement with the competent authority of the other Contracting State, with a view to the avoidance of taxation which is not in accordance with the Convention.</Text></Provision><Provision format-ref="indent-0-0" language-align="yes"><Label>3</Label><Text>The competent authorities of the Contracting States shall endeavour to resolve by mutual agreement any difficulties or doubts arising as to the interpretation or application of the Convention.</Text></Provision><Provision format-ref="indent-0-0" language-align="yes"><Label>4</Label><Text>The competent authorities of the Contracting States shall agree on administrative measures necessary to carry out the provisions of the Convention and particularly on the proofs to be furnished by residents of either Contracting State in order to benefit in the other State from the exemptions or reductions in tax provided for in the Convention.</Text></Provision><Provision format-ref="indent-0-0" language-align="yes"><Label>5</Label><Text>The competent authorities of the Contracting States may communicate directly with each other for the application of the Convention.</Text></Provision><Provision format-ref="indent-0-0" language-align="yes"><Label>6</Label><Text>For purposes of paragraph 3 of Article XXII (Consultation) of the General Agreement on Trade in Services, the Contracting States agree that, notwithstanding that paragraph, any dispute between them as to whether a measure falls within the scope of this Convention may be brought before the Council for Trade in Services, as provided by that paragraph, only with the consent of both Contracting States. Any doubt as to the interpretation of this paragraph shall be resolved under paragraph 3 of this Article or, failing agreement under that procedure, pursuant to any other procedure agreed to by both Contracting States.</Text></Provision></Group><Group><GroupHeading format-ref="group2-division"><Label>Article 26</Label><TitleText>Exchange of Information</TitleText></GroupHeading><Provision format-ref="indent-0-0" language-align="yes"><Label>1</Label><Text>The competent authorities of the Contracting States shall exchange such information as is relevant for carrying out the provisions of this Convention or of the domestic laws of the Contracting States concerning all taxes imposed on behalf of the Contracting States insofar as the taxation thereunder is not contrary to the Convention. The exchange of information is not restricted by Articles 1 and 2. Any information received by a Contracting State shall be treated as secret in the same manner as information obtained under the domestic laws of that State and shall be disclosed only to persons or authorities (including courts and administrative bodies) involved in the assessment or collection of, the enforcement in respect of, or the determination of appeals in relation to taxes. Such persons or authorities shall use the information only for such purposes. They may disclose the information in public court proceedings or in judicial decisions.</Text></Provision><Provision format-ref="indent-0-0" language-align="yes"><Label>2</Label><Text>In no case shall the provisions of paragraph 1 be construed so as to impose on a Contracting State the obligation:</Text><Provision format-ref="indent-1-1"><Label>(a)</Label><Text>to carry out administrative measures at variance with the laws and administrative practice of that or of the other Contracting State;</Text></Provision><Provision format-ref="indent-1-1"><Label>(b)</Label><Text>to supply information which is not obtainable under the laws or in the normal course of the administration of that or of the other Contracting State;</Text></Provision><Provision format-ref="indent-1-1"><Label>(c)</Label><Text>to supply information which would disclose any trade, business, industrial, commercial or professional secret or trade process, or information, the disclosure of which would be contrary to public policy (<Emphasis style="italic"><Language xml:lang="fr">ordre public</Language></Emphasis>).</Text></Provision></Provision></Group><Group><GroupHeading format-ref="group2-division"><Label>Article 27</Label><TitleText>Miscellaneous Provisions</TitleText></GroupHeading><Provision format-ref="indent-0-0" language-align="yes"><Label>1</Label><Text>Nothing in this Convention shall affect the fiscal privileges of members of a diplomatic mission or consular post under the general rules of international law or under the provisions of special agreements.</Text></Provision><Provision format-ref="indent-0-0" language-align="yes"><Label>2</Label><Text>The provisions of the Convention shall not be construed to restrict in any manner any exemption, allowance, credit or other deduction now or hereafter accorded by the laws of a Contracting State in the determination of the tax imposed by that State.</Text></Provision><Provision format-ref="indent-0-0" language-align="yes"><Label>3</Label><Text>Nothing in the Convention shall be construed as preventing Canada from imposing a tax on amounts included in the income of a resident of Canada with respect to a trust in which that resident has an interest or with respect to a controlled foreign affiliate, in accordance with section 91 of the <XRefExternal reference-type="act">Income Tax Act</XRefExternal> of Canada as it may be amended without changing the general principle hereof.</Text></Provision><Provision format-ref="indent-0-0" language-align="yes"><Label>4</Label><Text>The Convention shall not apply to non-resident-owned investment corporations as defined under section 133 of the <XRefExternal reference-type="act">Income Tax Act</XRefExternal> of Canada, or under any similar provision enacted by Canada after the signature of the Convention, or to any income derived from such companies by any shareholders thereof.</Text></Provision><Provision format-ref="indent-0-0" language-align="yes"><Label>5</Label><Text>The exemption provided under subparagraph (b) of paragraph 3 of Article 12 shall not apply where the enterprise benefiting from the royalties has, in a State which is not a Contracting State, a permanent establishment to which the royalties are attributable and where the royalties are subject, in the State of residence of the enterprise and in the State where the permanent establishment is situated, to a tax the total of which is less than 60 per cent of the tax that would be imposed in the State of residence of the enterprise if the royalties were attributable to the enterprise and not to the permanent establishment. The provisions of this paragraph shall not apply:</Text><Provision format-ref="indent-1-1"><Label>(a)</Label><Text>if the royalties are derived in connection with or incidental to the active conduct of a trade or business carried on in the State which is not a Contracting State; or</Text></Provision><Provision format-ref="indent-1-1"><Label>(b)</Label><Text>when Belgium is the State of residence of the enterprise, to royalties taxed by Canada according to section 91 of the <XRefExternal reference-type="act">Income Tax Act</XRefExternal>, as it may be amended without changing the general principle hereof.</Text></Provision></Provision><Provision format-ref="indent-0-0" language-align="yes"><Label>6</Label><Text>Notwithstanding the provisions of paragraphs 2 and 3 of Article 11 and of paragraphs 2 and 3 of Article 12, interest and royalties (other than royalties to which paragraph 5 applies) arising in a Contracting State and paid to a resident of the other Contracting State may be taxed in the first-mentioned State at a rate not exceeding 15 per cent of the gross amount of the interest and 10 per cent of the gross amount of the royalties, where:</Text><Provision format-ref="indent-1-1"><Label>(a)</Label><Text>such interest or royalties are received by a company and one or more persons not resident in that other Contracting State hold directly or indirectly, through one or more companies or otherwise, at least 50 per cent of the capital of such company and, directly or indirectly, exercise the management of, or control such company; and</Text></Provision><Provision format-ref="indent-1-1"><Label>(b)</Label><Text>such interest or royalties are not subject to tax in the other State under the ordinary rules of its tax law.</Text></Provision></Provision></Group></Group><Group><GroupHeading format-ref="group1-part"><TitleText>VII. Final Provisions</TitleText></GroupHeading><Group><GroupHeading format-ref="group2-division"><Label>Article 28</Label><TitleText>Entry Into Force</TitleText></GroupHeading><Provision format-ref="indent-0-0" language-align="yes"><Label>1</Label><Text>This Convention shall be ratified and the instruments of ratification shall be exchanged at Brussels as soon as possible.</Text></Provision><Provision format-ref="indent-0-0" language-align="yes"><Label>2</Label><Text>The Convention shall enter into force on the fifteenth day after the date of the exchange of the instruments of ratification and its provisions shall have effect:</Text><Provision format-ref="indent-1-1"><Label>(a)</Label><Text>in Belgium:</Text><Provision format-ref="indent-2-2"><Label>(i)</Label><Text>with respect to taxes due at source on income credited or payable on or after January 1 of the year in which the instruments of ratification have been exchanged;</Text></Provision><Provision format-ref="indent-2-2"><Label>(ii)</Label><Text>with respect to other taxes for taxable periods ending on or after December 31 of the year in which the instruments of ratification have been exchanged;</Text></Provision></Provision><Provision format-ref="indent-1-1"><Label>(b)</Label><Text>in Canada:</Text><Provision format-ref="indent-2-2"><Label>(i)</Label><Text>with respect to taxes withheld at the source on amounts paid or credited to non-residents on or after January 1 of the year in which the instruments of ratification have been exchanged;</Text></Provision><Provision format-ref="indent-2-2"><Label>(ii)</Label><Text>with respect to other taxes for taxation years beginning on or after January 1 of the year in which the instruments of ratification have been exchanged.</Text></Provision></Provision></Provision><Provision format-ref="indent-0-0" language-align="yes"><Label>3</Label><Text>The provisions of the Convention between Canada and Belgium for the avoidance of double taxation and the settlement of other matters with respect to taxes on income signed at Ottawa, on May 29, 1975, shall cease to be effective in relation to any Canadian or Belgian tax for which this Convention has effect in accordance with paragraph 2.</Text></Provision></Group><Group><GroupHeading format-ref="group2-division"><Label>Article 29</Label><TitleText>Termination</TitleText></GroupHeading><Provision format-ref="indent-0-0" language-align="yes"><Text>This Convention shall remain in force until terminated by a Contracting State but either Contracting State may terminate the Convention, through diplomatic channels, by giving to the other Contracting State, written notice of termination not later than June 30 of any calendar year from the fifth year following that in which the instruments of ratification have been exchanged. In the event of termination before July 1 of such year, the Convention shall cease to have effect:</Text><Provision format-ref="indent-1-1"><Label>(a)</Label><Text>in Belgium:</Text><Provision format-ref="indent-2-2"><Label>(i)</Label><Text>with respect to taxes due at source on income credited or payable after December 31 of the year in which the notice of termination is given;</Text></Provision><Provision format-ref="indent-2-2"><Label>(ii)</Label><Text>with respect to other taxes for taxable periods ending on or after December 31 of the year next following the year in which the notice of termination is given;</Text></Provision></Provision><Provision format-ref="indent-1-1"><Label>(b)</Label><Text>in Canada:</Text><Provision format-ref="indent-2-2"><Label>(i)</Label><Text>with respect to taxes withheld at the source on amounts paid or credited to non-residents after December 31 of the year in which the notice of termination is given;</Text></Provision><Provision format-ref="indent-2-2"><Label>(ii)</Label><Text>with respect to other taxes for taxation years beginning on or after January 1 of the year next following the year in which the notice of termination is given.</Text></Provision></Provision></Provision></Group></Group><Provision format-ref="indent-0-0" language-align="yes"><Text>IN WITNESS WHEREOF the undersigned, being duly authorized thereto by their respective Governments, have signed this Convention.</Text></Provision><Provision format-ref="indent-0-0" language-align="yes"><Text>DONE in duplicate at Ottawa, this 23<Sup>rd</Sup> day of May, 2002, in the English, French and Dutch languages, the three texts being equally authentic.</Text><TableGroup pointsize="8"><table colsep="0" frame="none" rowsep="0"><tgroup cols="2" colsep="0" rowsep="0"><colspec colsep="0" colwidth="51.47*" rowsep="0" /><colspec colsep="0" colwidth="48.53*" rowsep="0" /><tbody><row><entry><Provision format-ref="indent-0-0" justification="left"><Text>FOR THE GOVERNMENT OF CANADA:</Text><Provision format-ref="indent-0-0" justification="left"><Text>Pierre S. Pettigrew</Text></Provision></Provision></entry><entry><Provision format-ref="indent-0-0" hyphenation="no" justification="left"><Text>FOR THE GOVERNMENT OF THE KINGDOM OF BELGIUM:</Text><Provision format-ref="indent-0-0" justification="left"><Text>Luc Carbonez</Text></Provision></Provision></entry></row></tbody></tgroup></table></TableGroup></Provision><Group><GroupHeading format-ref="group1-part"><TitleText>Protocol</TitleText></GroupHeading><Provision format-ref="indent-0-0" language-align="yes"><Text>At the moment of signing the Convention between Canada and Belgium for the avoidance of double taxation and the prevention of fiscal evasion with respect to taxes on income and on capital, the undersigned have agreed that the following provisions shall form an integral part of the Convention.</Text></Provision><Provision format-ref="indent-0-0" language-align="yes"><Label>1</Label><Text>With reference to paragraph 1 of Article 4.</Text><Provision format-ref="indent-0-0" language-align="yes"><Text>It is understood that:</Text><Provision format-ref="indent-1-1"><Label>(a)</Label><Text>for purposes of the application of the Convention to:</Text><Provision format-ref="indent-2-2"><Label>(i)</Label><Text>income taxes, the term “liable to tax” refers to liability to taxes on income and not to taxes on capital;</Text></Provision><Provision format-ref="indent-2-2"><Label>(ii)</Label><Text>capital taxes, the term “liable to tax” refers to liability to taxes on capital and not to taxes on income;</Text></Provision></Provision><Provision format-ref="indent-1-1"><Label>(b)</Label><Text>the term <DefinedTermEn>resident of a Contracting State</DefinedTermEn> also includes:</Text><Provision format-ref="indent-2-2"><Label>(i)</Label><Text>a company or other organization constituted and operated exclusively to administer or provide benefits under one or more funds or plans established to provide pension, retirement or other employee benefits that is generally exempt from tax in a Contracting State and that is a resident of that State according to the laws of that State;</Text></Provision><Provision format-ref="indent-2-2"><Label>(ii)</Label><Text>a company or other organization that is operated exclusively for religious, charitable, scientific, educational, or public purposes and that is generally exempt from tax in a Contracting State and that is a resident of that State according to the laws of that State.</Text></Provision></Provision></Provision></Provision><Provision format-ref="indent-0-0" language-align="yes"><Label>2</Label><Text>With reference to paragraph 6 of Article 10.</Text><Provision format-ref="indent-0-0"><Text>The provisions of this paragraph shall also apply with respect to earnings derived from the alienation of immovable property in Canada by a company carrying on a trade in immovable property, whether or not it has a permanent establishment in Canada, but only insofar as these earnings may be taxed in Canada under the provisions of Article 6 or paragraph 1 of Article 13.</Text></Provision></Provision><Provision format-ref="indent-0-0" language-align="yes"><Label>3</Label><Text>With reference to subparagraph (a) of paragraph 3 of Article 11.</Text><Provision format-ref="indent-0-0"><Text>It is understood that the exemption provided for under that subparagraph shall not apply to interest paid with respect to indebtedness that was created or acquired essentially with a view to take advantage of that provision and not for <Language xml:lang="la">bona fide</Language> commercial purposes.</Text></Provision></Provision><Provision format-ref="indent-0-0" language-align="yes"><Label>4</Label><Text>With reference to paragraph 4 of Article 12.</Text><Provision format-ref="indent-0-0"><Text>It is understood that payments constituting consideration for technical assistance or technical services shall not be considered to be payments for information concerning industrial, commercial or scientific experience, but shall be taxable in accordance with the provisions of Article 7 or Article 14, as the case may be.</Text></Provision></Provision><Provision format-ref="indent-0-0" language-align="yes"><Label>5</Label><Text>With reference to paragraph 2 of Article 16.</Text><Provision format-ref="indent-0-0"><Text>The provisions of this paragraph shall also apply, in the case of Belgium, to remuneration received by a resident of Canada in respect of that resident’s personal activity as a partner of a company, other than a company with share capital, which is a resident of Belgium.</Text></Provision></Provision><Provision format-ref="indent-0-0" language-align="yes"><Label>6</Label><Text>With reference to paragraph 6 of Article 27.</Text><Provision format-ref="indent-0-0"><Text>The provisions of paragraph 6 of Article 27 shall not apply if,</Text><Provision format-ref="indent-1-1"><Label>(a)</Label><Text>the participation in the capital of the company receiving the interest or the royalties was made for <Language xml:lang="la">bona fide</Language> commercial or financial reasons, and</Text></Provision><Provision format-ref="indent-1-1"><Label>(b)</Label><Text>at the end of the taxation year or the taxable period concerned, the paid-up capital and the taxed retained earnings of the company receiving the interest or the royalties do not exceed 33 per cent of its debt.</Text></Provision></Provision></Provision></Group><Provision format-ref="indent-0-0" language-align="yes"><Text>IN WITNESS WHEREOF the undersigned, being duly authorized thereto by their respective Governments, have signed this Protocol.</Text></Provision><Provision format-ref="indent-0-0" language-align="yes"><Text>DONE in duplicate at Ottawa, this 23<Sup>rd</Sup> day of May, 2002, in the English, French and Dutch languages, the three texts being equally authentic.</Text><TableGroup pointsize="8"><table colsep="0" frame="none" rowsep="0"><tgroup cols="2" colsep="0" rowsep="0"><colspec colsep="0" colwidth="51.34*" rowsep="0" /><colspec colsep="0" colwidth="48.66*" rowsep="0" /><tbody><row><entry><Provision format-ref="indent-0-0" justification="left"><Text>FOR THE GOVERNMENT OF CANADA:</Text><Provision format-ref="indent-0-0" justification="left"><Text>Pierre S. Pettigrew</Text></Provision></Provision></entry><entry><Provision format-ref="indent-0-0" hyphenation="no" justification="left"><Text>FOR THE GOVERNMENT OF THE KINGDOM OF BELGIUM:</Text><Provision format-ref="indent-0-0" justification="left"><Text>Luc Carbonez</Text></Provision></Provision></entry></row></tbody></tgroup></table></TableGroup></Provision></DocumentInternal><HistoricalNote>1974-75-76, c. 104, Part II "Sch. II"; 2002, c. 24, s. 8.</HistoricalNote></Schedule></Statute>