﻿<?xml version="1.0" encoding="utf-8"?><!DOCTYPE Statute PUBLIC "-//Justice Canada//DTD Statute v2.0.0//EN" "Dtd/Version_2.0.0/Statute/Statute.dtd"><Statute bill-origin="commons" bill-type="govt-public" xml:lang="en" in-force="yes"><Identification><LongTitle>An Act respecting the Canada School of Public Service</LongTitle><ShortTitle status="official">Canada School of Public Service Act</ShortTitle><RunningHead>Canada School of Public Service</RunningHead><BillHistory><Stages stage="assented-to"><Date><YYYY>1991</YYYY><MM>3</MM><DD>27</DD></Date></Stages><Stages stage="consolidation"><Date><YYYY>2018</YYYY><MM>08</MM><DD>20</DD></Date></Stages></BillHistory><Chapter><ConsolidatedNumber official="no">C-10.13</ConsolidatedNumber><AnnualStatuteId revised-statute="no"><AnnualStatuteNumber>16</AnnualStatuteNumber><YYYY>1991</YYYY></AnnualStatuteId></Chapter></Identification><Introduction><Enacts><Provision language-align="no" format-ref="indent-0-0"><Text>Her Majesty, by and with the advice and consent of the Senate and House of Commons of Canada, enacts as follows:</Text></Provision></Enacts></Introduction><Body><Heading level="1"><TitleText>Short Title</TitleText></Heading><Section><MarginalNote>Short title</MarginalNote><Label>1</Label><Text>This Act may be cited as the <XRefExternal reference-type="act">Canada School of Public Service Act</XRefExternal>.</Text><HistoricalNote>1991, c. 16, s. 1; 2003, c. 22, s. 22.</HistoricalNote></Section><Heading level="1"><TitleText>Interpretation</TitleText></Heading><Section><MarginalNote>Definitions</MarginalNote><Label>2</Label><Text>In this Act,</Text><Definition><Text><DefinedTermEn>Board</DefinedTermEn><Repealed>[Repealed, 2012, c. 19, s. 516]</Repealed></Text></Definition><Definition><Text><DefinedTermEn>Centre</DefinedTermEn><Repealed>[Repealed, 2003, c. 22, s. 23]</Repealed></Text></Definition><Definition><Text><DefinedTermEn>Minister</DefinedTermEn> means such member of the Queen’s Privy Council for Canada as is designated by the Governor in Council as the Minister for the purposes of this Act; (<DefinedTermFr>ministre</DefinedTermFr>)</Text></Definition><Definition><Text><DefinedTermEn>President</DefinedTermEn> means the President of the School appointed under subsection 13(1); (<DefinedTermFr>président</DefinedTermFr>)</Text></Definition><Definition><Text><DefinedTermEn>Principal</DefinedTermEn><Repealed>[Repealed, 2003, c. 22, s. 23]</Repealed></Text></Definition><Definition><Text><DefinedTermEn>public sector</DefinedTermEn><Repealed>[Repealed, 2012, c. 19, s. 516]</Repealed></Text></Definition><Definition><Text><DefinedTermEn>public service</DefinedTermEn> has the meaning given that expression in the <XRefExternal reference-type="act">Federal Public Sector Labour Relations Act</XRefExternal>; (<DefinedTermFr>fonction publique</DefinedTermFr>)</Text></Definition><Definition><Text><DefinedTermEn>School</DefinedTermEn> means the Canada School of Public Service continued under subsection 3(1). (<DefinedTermFr>École</DefinedTermFr>)</Text></Definition><HistoricalNote>1991, c. 16, s. 2; 2003, c. 22, ss. 23, 132(E); 2010, c. 12, s. 1671; 2012, c. 19, s. 516; 2017, c. 9, s. 55.</HistoricalNote></Section><Heading level="1"><TitleText>Continuation</TitleText></Heading><Section><MarginalNote>Continuation</MarginalNote><Label>3</Label><Subsection><Label>(1)</Label><Text>The Canadian Centre for Management Development, established by subsection 3(1) of the <XRefExternal reference-type="act">Canadian Centre for Management Development Act</XRefExternal>, is continued as a corporation under the name of the Canada School of Public Service.</Text></Subsection><Subsection><MarginalNote>Principal office</MarginalNote><Label>(2)</Label><Text>The principal office of the School shall be in the National Capital Region described in the schedule to the <XRefExternal reference-type="act">National Capital Act</XRefExternal>.</Text></Subsection><Subsection><MarginalNote>Crown agent</MarginalNote><Label>(3)</Label><Text>The School is an agent of Her Majesty in right of Canada.</Text></Subsection><HistoricalNote>1991, c. 16, s. 3; 2003, c. 22, s. 24.</HistoricalNote></Section><Section><MarginalNote>Minister responsible</MarginalNote><Label>3.1</Label><Text>The Minister is responsible for and has the overall direction of the School.</Text><HistoricalNote>2012, c. 19, s. 517.</HistoricalNote></Section><Heading level="1"><TitleText>Objects and Powers</TitleText></Heading><Section><MarginalNote>Objects</MarginalNote><Label>4</Label><Text>The objects of the School are</Text><Paragraph><Label>(a)</Label><Text>to encourage pride and excellence in the public service and to foster in managers and other public service employees a sense of the purposes, values and traditions of the public service;</Text></Paragraph><Paragraph><Label>(b)</Label><Text>to help ensure that those managers have the analytical, creative, advisory, administrative and other managerial skills and knowledge necessary to develop and implement policy, respond to change, including changes in the social, cultural, racial and linguistic character of Canadian society, and manage government programs, services and personnel efficiently, effectively and equitably;</Text></Paragraph><Paragraph><Label>(c)</Label><Text>to help managers and other public service employees to develop successful cooperative relationships at all levels through leadership, motivation, effective internal communications and the encouragement of innovation, high-quality service to the public and skills development;</Text></Paragraph><Paragraph><Label>(d)</Label><Text>to develop within the public service and to attract to the public service, through the School’s programs and studies, persons who are of high calibre and who reflect the diversity of Canadian society, and to support their growth and development as public sector managers and employees committed to the service of Canada;</Text></Paragraph><Paragraph><Label>(e)</Label><Text>to formulate and provide training, orientation and development programs for public sector managers and employees, particularly for those in the public service;</Text></Paragraph><Paragraph><Label>(f)</Label><Text>to assist deputy heads in meeting the learning needs of their organization, including by way of delivering training and development programs;</Text></Paragraph><Paragraph><Label>(g)</Label><Text>to study and conduct research into the theory and practice of public sector management and public administration; and</Text></Paragraph><Paragraph><Label>(h)</Label><Text>to encourage a greater awareness in Canada of issues related to public sector management, public administration and the role and functions of government and to involve a broad range of individuals and institutions in the School’s pursuit of excellence in public administration.</Text></Paragraph><HistoricalNote>1991, c. 16, s. 4; 2003, c. 22, ss. 24, 225(E).</HistoricalNote></Section><Section><MarginalNote>Powers</MarginalNote><Label>5</Label><Text>In carrying out its objects, the School has the capacity of a natural person and may</Text><Paragraph><Label>(a)</Label><Text>acquire, manage, maintain, design and operate training, orientation and development programs for public sector managers and employees, particularly for those in the public service, and acquire personal and movable property;</Text></Paragraph><Paragraph><Label>(b)</Label><Text>assist departments, boards and agencies of the Government of Canada through programs, studies and documentation developed at the School;</Text></Paragraph><Paragraph><Label>(c)</Label><Text>cooperate with other persons and bodies engaged in management and personnel development;</Text></Paragraph><Paragraph><Label>(d)</Label><Text>contribute funds for the pursuit of research or other activities related to the theory and practice of public sector management and public administration;</Text></Paragraph><Paragraph><Label>(e)</Label><Text>provide services and facilities to any person or government, and charge fees therefor as provided by section 18;</Text></Paragraph><Paragraph><Label>(f)</Label><Text>license, sell or otherwise make available any copyright, trade-mark or other similar property right held, controlled or administered by the School;</Text></Paragraph><Paragraph><Label>(g)</Label><Text>enter into contracts, memoranda of understanding or other arrangements in the name of Her Majesty in right of Canada or in the name of the School;</Text></Paragraph><Paragraph><Label>(h)</Label><Text>acquire any money, securities or other personal or movable property by gift or bequest and expend, administer or dispose of the property subject to the terms, if any, on which the gift or bequest was made; and</Text></Paragraph><Paragraph><Label>(i)</Label><Text>do all things necessary or incidental to the attainment of the objects of the School.</Text></Paragraph><HistoricalNote>1991, c. 16, s. 5; 2001, c. 4, s. 68; 2003, c. 22, ss. 25, 225(E).</HistoricalNote></Section><Section><MarginalNote>Government facilities</MarginalNote><Label>6</Label><Text>In carrying out its objects and exercising its powers, the School shall make use of any available services and facilities of departments, boards and agencies of the Government of Canada that are appropriate for the operation of the School.</Text><HistoricalNote>1991, c. 16, s. 6; 2003, c. 22, s. 26.</HistoricalNote></Section><Section><Label>7</Label><Text><Repealed>[Repealed, 2012, c. 19, s. 518]</Repealed></Text></Section><Section><Label>8</Label><Text><Repealed>[Repealed, 2012, c. 19, s. 518]</Repealed></Text></Section><Section><Label>9</Label><Text><Repealed>[Repealed, 2012, c. 19, s. 518]</Repealed></Text></Section><Section><Label>10</Label><Text><Repealed>[Repealed, 2012, c. 19, s. 518]</Repealed></Text></Section><Section><Label>11</Label><Text><Repealed>[Repealed, 2012, c. 19, s. 518]</Repealed></Text></Section><Section><Label>12</Label><Text><Repealed>[Repealed, 2012, c. 19, s. 518]</Repealed></Text></Section><Heading level="1"><TitleText>Officers and Employees</TitleText></Heading><Heading level="2"><TitleText>President</TitleText></Heading><Section><MarginalNote>Appointment</MarginalNote><Label>13</Label><Subsection><Label>(1)</Label><Text>The Governor in Council shall appoint an officer, to be called the President of the School, to hold office for a term not exceeding five years, and the President has the rank and status of a deputy minister.</Text></Subsection><Subsection><MarginalNote>Chief executive officer</MarginalNote><Label>(2)</Label><Text>The President is the School’s chief executive officer and has the management and control of it.</Text></Subsection><Subsection><MarginalNote>Exercise of powers</MarginalNote><Label>(3)</Label><Text>In exercising his or her powers of management and control, the President shall take into consideration the policies of the Government of Canada as well as the policies with respect to learning, training and developmental needs and priorities that are established by the Treasury Board under paragraph 11.1(1)(f) of the <XRefExternal reference-type="act">Financial Administration Act</XRefExternal>.</Text></Subsection><Subsection><MarginalNote>Acting President</MarginalNote><Label>(4)</Label><Text>In the event of a vacancy in the office of President, the Minister may appoint a senior officer of the School to act as President, but the term of such an appointment shall not exceed 90 days except with the Governor in Council’s approval.</Text></Subsection><HistoricalNote>1991, c. 16, s. 13; 2003, c. 22, ss. 30, 132.1; 2012, c. 19, s. 519.</HistoricalNote></Section><Section><MarginalNote>Reappointment</MarginalNote><Label>14</Label><Text>On the expiration of any term of office, the President is eligible to be reappointed for a further term.</Text><HistoricalNote>1991, c. 16, s. 14; 2003, c. 22, s. 30.</HistoricalNote></Section><Heading level="2"><TitleText>Other Officers and Employees</TitleText></Heading><Section><MarginalNote>Appointments under <XRefExternal reference-type="act">Public Service Employment Act</XRefExternal></MarginalNote><Label>15</Label><Subsection><Label>(1)</Label><Text>The officers and employees necessary for the conduct of the work of the School shall be appointed in accordance with the <XRefExternal reference-type="act">Public Service Employment Act</XRefExternal>.</Text></Subsection><Subsection><MarginalNote>Other appointments</MarginalNote><Label>(2)</Label><Text>Despite subsection (1), the President may, on behalf of the School, appoint and employ teaching and research staff and may, with the approval of the Treasury Board, establish the terms and conditions of their employment, including their remuneration.</Text></Subsection><Subsection><MarginalNote>Act not applicable</MarginalNote><Label>(3)</Label><Text>The <XRefExternal reference-type="act">Federal Public Sector Labour Relations Act</XRefExternal> does not apply to any person employed by the School under subsection (2).</Text></Subsection><Subsection><MarginalNote>Acts and regulations applicable</MarginalNote><Label>(4)</Label><Text>Each person employed by the School under subsection (2) is deemed to be an employee for the purposes of the <XRefExternal reference-type="act">Government Employees Compensation Act</XRefExternal>, to be employed in the federal public administration for the purposes of any regulations made under section 9 of the <XRefExternal reference-type="act">Aeronautics Act</XRefExternal>, and to be employed in the public service for the purposes of the <XRefExternal reference-type="act">Public Service Superannuation Act</XRefExternal>.</Text></Subsection><HistoricalNote>1991, c. 16, s. 15; 2003, c. 22, ss. 31, 133(E); 2017, c. 9, s. 55.</HistoricalNote></Section><Heading level="1"><TitleText>Teaching and Research Services</TitleText></Heading><Section><MarginalNote>Contracts</MarginalNote><Label>16</Label><Text>The President may enter into contracts for the provision of teaching and research services to the School and for other professional services connected with the management of the programs of the School.</Text><HistoricalNote>1991, c. 16, s. 16; 2003, c. 22, s. 32.</HistoricalNote></Section><Section><Label>17</Label><Text><Repealed>[Repealed, 2012, c. 19, s. 520]</Repealed></Text></Section><Heading level="1"><TitleText>Fees</TitleText></Heading><Section><MarginalNote>Setting amount of fees</MarginalNote><Label>18</Label><Subsection><Label>(1)</Label><Text>The President may, with the Treasury Board’s approval, prescribe the fees or the manner of determining the fees</Text><Paragraph><Label>(a)</Label><Text>to be charged for any service or for the use of any facility provided by the School; or</Text></Paragraph><Paragraph><Label>(b)</Label><Text>to be charged by the School when selling, licensing the use of or otherwise making available any copyright, trade-mark or other similar property right held, controlled or administered by the School.</Text></Paragraph></Subsection><Subsection><MarginalNote>Offset</MarginalNote><Label>(2)</Label><Text>Subject to any conditions imposed by the Treasury Board, the revenue from fees received by the School in a fiscal year through the conduct of its operations may be spent by the School for its purposes in that, or the next, fiscal year.</Text></Subsection><HistoricalNote>1991, c. 16, s. 18; 2001, c. 4, s. 69(F); 2003, c. 22, s. 32; 2012, c. 19, s. 521.</HistoricalNote></Section><Heading level="1"><TitleText>Review and Report</TitleText></Heading><Section><MarginalNote>Annual report</MarginalNote><Label>19</Label><Subsection><Label>(1)</Label><Text>The Minister shall, as soon as feasible after the end of each fiscal year but no later than the end of the calendar year in which that fiscal year ends, cause to be laid before each House of Parliament a report of the operations of the School for that fiscal year.</Text></Subsection><Subsection><MarginalNote>Reports required by Treasury Board</MarginalNote><Label>(2)</Label><Text>The obligation imposed by subsection (1) may be satisfied by the tabling of any reports of the School’s operations required by the Treasury Board that contain the information required by that subsection.</Text></Subsection><Subsection><MarginalNote>Review and report</MarginalNote><Label>(3)</Label><Text>The President shall, before December 1, 2006 and within every five years after that date, cause a review and report to be made of the School’s activities and organization.</Text></Subsection><Subsection><MarginalNote>Tabling in Parliament</MarginalNote><Label>(4)</Label><Text>The Minister shall cause a copy of the report referred to in subsection (3) to be laid before each House of Parliament within the first thirty days that that House is sitting after the report is made.</Text></Subsection><HistoricalNote>1991, c. 16, s. 19; 2003, c. 22, s. 34; 2012, c. 19, s. 522.</HistoricalNote></Section><Section><Label>20</Label><Text><Repealed>[Repealed, 2003, c. 22, s. 35]</Repealed></Text></Section><Heading level="1"><TitleText>Consequential Amendments</TitleText></Heading><Section><Label>21 to 25</Label><Text>[Amendments]</Text></Section><Heading level="1"><TitleText>Coming into Force</TitleText></Heading><Section><MarginalNote>Coming into force</MarginalNote><Label><FootnoteRef idref="C-12.8_en_1">*</FootnoteRef>26</Label><Text>This Act shall come into force on a day to be fixed by order of the Governor in Council.</Text><Footnote id="C-12.8_en_1" placement="section" status="editorial" xml:space="default"><Label>*</Label><Text>[Note: Act in force December 1, 1991, <Emphasis style="italic">see</Emphasis> SI/91-158.]</Text></Footnote></Section></Body><Schedule id="RelatedProvs"><ScheduleFormHeading type="amending"><TitleText>RELATED PROVISIONS</TitleText></ScheduleFormHeading><BillPiece><Heading level="5" style="nifrp"><TitleText>
                    — 2003, c. 22, s. 85</TitleText></Heading><Section><Label>85</Label><Subsection><Label>(1)</Label><Text>Every reference to the Canadian Centre for Management Development in any deed, contract, agreement, instrument or other document executed by the Canadian Centre for Management Development in its own name is to be read as a reference to the Canada School of Public Service, unless the context otherwise requires.</Text></Subsection><Subsection><MarginalNote>References — Principal</MarginalNote><Label>(2)</Label><Text>Every reference to the Principal of the Canadian Centre for Management Development in a document referred to in subsection (1) is to be read as a reference to the President of the Canada School of Public Service, unless the context otherwise requires.</Text></Subsection><Subsection><MarginalNote>Continuation of rights and property</MarginalNote><Label>(3)</Label><Text>All rights and property of the Canadian Centre for Management Development continue to be the rights and property of the Canada School of Public Service.</Text></Subsection><Subsection><MarginalNote>Continuation of obligations and liabilities</MarginalNote><Label>(4)</Label><Text>All obligations and liabilities of the Canadian Centre for Management Development continue to be the obligations and liabilities of the Canada School of Public Service.</Text></Subsection><Subsection><MarginalNote>Continuation of proceedings</MarginalNote><Label>(5)</Label><Text>Any action, suit or other legal or administrative proceeding to which the Canadian Centre for Management Development is a party that is pending on the coming into force of this section may be continued by or against the Canada School of Public Service in a similar manner and to the same extent as it would have been continued by or against the Canadian Centre for Management Development.</Text></Subsection></Section><Heading level="5" style="nifrp"><TitleText>
                    — 2003, c. 22, s. 86</TitleText></Heading><Section><Label>86</Label><Text>The governors of the Canadian Centre for Management Development who, immediately before the coming into force of this section, held office under subsection 8(1) of the <XRefExternal reference-type="act">Canadian Centre for Management Development Act</XRefExternal> continue in office as governors of the Canada School of Public Service for the remainder of the term for which they were appointed.</Text></Section><Heading level="5" style="nifrp"><TitleText>
                    — 2003, c. 22, s. 87</TitleText></Heading><Section><Label>87</Label><Subsection><Label>(1)</Label><Text>Nothing in Part 4 of this Act shall be construed as affecting the status of an employee who, immediately before the coming into force of that Part, occupied a position in the Canadian Centre for Management Development, except that the employee shall occupy that position in the Canada School of Public Service.</Text></Subsection><Subsection><MarginalNote>Transitional — TDC employees</MarginalNote><Label>(2)</Label><Text>Each person employed in the Public Service Commission in the administrative unit known as “Training and Development Canada” assumes, on the coming into force of this section, a position in the Canada School of Public Service.</Text></Subsection><Subsection><MarginalNote>Transfer by Governor in Council</MarginalNote><Label>(3)</Label><Text>The Governor in Council may, by order made on the recommendation of the Treasury Board after consultation with the Public Service Commission and the Canada School of Public Service, within one year after the coming into force of this section, transfer an employee of the Public Service Commission to the Canada School of Public Service if the Governor in Council is of the opinion that</Text><Paragraph><Label>(a)</Label><Text>the employee is carrying out powers, duties and functions that are in whole or in part in support of or related to the powers, duties and functions of persons referred to in subsection (2); and</Text></Paragraph><Paragraph><Label>(b)</Label><Text>it is in the best interests of the Public Service to do so.</Text></Paragraph></Subsection><Subsection><MarginalNote>Status unchanged</MarginalNote><Label>(4)</Label><Text>Nothing in subsections (2) and (3) shall be construed as affecting the status of</Text><Paragraph><Label>(a)</Label><Text>a person referred to in subsection (2) who, immediately before the coming into force of that subsection, occupied a position in Training and Development Canada; and</Text></Paragraph><Paragraph><Label>(b)</Label><Text>an employee transferred by an order made under subsection (3).</Text></Paragraph></Subsection></Section></BillPiece></Schedule><Schedule id="NifProvs"><ScheduleFormHeading type="amending"><TitleText>AMENDMENTS NOT IN FORCE</TitleText></ScheduleFormHeading><BillPiece><Heading level="5" style="nifrp"><TitleText>
                    — 2014, c. 20, s. 366(1)</TitleText></Heading><Section type="amending"><MarginalNote>Replacement of “trade-mark” in other Acts</MarginalNote><Label>366</Label><Subsection type="amending"><Label>(1)</Label><Text>Unless the context requires otherwise, “trade-mark”, “trade-marks”, “Trade-mark”, “Trade-marks”, “trade mark” and “trade marks” are replaced by “trademark”, “trademarks”, “Trademark” or “Trademarks”, as the case may be, in the English version of any Act of Parliament, other than this Act and the <XRefExternal reference-type="act">Trademarks Act</XRefExternal>.</Text></Subsection></Section></BillPiece></Schedule></Statute>