﻿<?xml version="1.0" encoding="utf-8"?><!DOCTYPE Statute PUBLIC "-//Justice Canada//DTD Statute v2.0.0//EN" "Dtd/Version_2.0.0/Statute/Statute.dtd"><Statute bill-origin="commons" bill-type="govt-public" xml:lang="en" in-force="yes"><Identification><LongTitle>An Act to establish a federal environmental assessment process</LongTitle><ShortTitle status="official">Canadian Environmental Assessment Act</ShortTitle><RunningHead>Canadian Environmental Assessment</RunningHead><BillHistory><Stages stage="assented-to"><Date><YYYY>1992</YYYY><MM>June</MM><DD>23</DD></Date></Stages><Stages stage="consolidation"><Date><YYYY>2018</YYYY><MM>08</MM><DD>20</DD></Date></Stages></BillHistory><Chapter><ConsolidatedNumber official="no">C-15.2</ConsolidatedNumber><AnnualStatuteId revised-statute="no"><AnnualStatuteNumber>37</AnnualStatuteNumber><YYYY>1992</YYYY></AnnualStatuteId></Chapter></Identification><Repealed>[Repealed, 2012, c. 19, s. 66]</Repealed><Introduction><Preamble salutation="no"><Provision format-ref="indent-0-0" language-align="no"><MarginalNote>Preamble</MarginalNote><Text>WHEREAS the Government of Canada seeks to achieve sustainable development by conserving and enhancing environmental quality and by encouraging and promoting economic development that conserves and enhances environmental quality;</Text></Provision><Provision format-ref="indent-0-0" language-align="no"><Text>WHEREAS environmental assessment provides an effective means of integrating environmental factors into planning and decision-making processes in a manner that promotes sustainable development;</Text></Provision><Provision format-ref="indent-0-0" language-align="no"><Text>WHEREAS the Government of Canada is committed to exercising leadership within Canada and internationally in anticipating and preventing the degradation of environmental quality and at the same time ensuring that economic development is compatible with the high value Canadians place on environmental quality;</Text></Provision><Provision format-ref="indent-0-0" language-align="no"><Text>AND WHEREAS the Government of Canada is committed to facilitating public participation in the environmental assessment of projects to be carried out by or with the approval or assistance of the Government of Canada and providing access to the information on which those environmental assessments are based;</Text></Provision></Preamble><Enacts><Provision format-ref="indent-0-0" language-align="no"><Text>NOW, THEREFORE, Her Majesty, by and with the advice and consent of the Senate and House of Commons of Canada, enacts as follows:</Text></Provision></Enacts></Introduction><Body><Heading level="1"><TitleText>Short Title</TitleText><Note>[Repealed, 2012, c. 19, s. 66]</Note></Heading><Section><Label>1</Label><Text><Repealed>[Repealed, 2012, c. 19, s. 66]</Repealed></Text></Section><Heading level="1"><TitleText>Interpretation</TitleText><Note>[Repealed, 2012, c. 19, s. 66]</Note></Heading><Section><Label>2</Label><Text><Repealed>[Repealed, 2012, c. 19, s. 66]</Repealed></Text></Section><Heading level="1"><TitleText>Her Majesty</TitleText><Note>[Repealed, 2012, c. 19, s. 66]</Note></Heading><Section><Label>3</Label><Text><Repealed>[Repealed, 2012, c. 19, s. 66]</Repealed></Text></Section><Heading level="1"><TitleText>Purposes</TitleText><Note>[Repealed, 2012, c. 19, s. 66]</Note></Heading><Section><Label>4</Label><Text><Repealed>[Repealed, 2012, c. 19, s. 66]</Repealed></Text></Section><Heading level="1"><TitleText>Environmental Assessment of Projects</TitleText><Note>[Repealed, 2012, c. 19, s. 66]</Note></Heading><Heading level="2"><TitleText>Projects to be Assessed</TitleText><Note>[Repealed, 2012, c. 19, s. 66]</Note></Heading><Section><Label>5</Label><Text><Repealed>[Repealed, 2012, c. 19, s. 66]</Repealed></Text></Section><Section><Label>6</Label><Text><Repealed>[Repealed, 2012, c. 19, s. 66]</Repealed></Text></Section><Heading level="2"><TitleText>Excluded Projects</TitleText><Note>[Repealed, 2012, c. 19, s. 66]</Note></Heading><Section><Label>7</Label><Text><Repealed>[Repealed, 2012, c. 19, s. 66]</Repealed></Text></Section><Section><Label>7.1</Label><Text><Repealed>[Repealed, 2012, c. 19, s. 66]</Repealed></Text></Section><Section><Label>8</Label><Text><Repealed>[Repealed, 2012, c. 19, s. 66]</Repealed></Text></Section><Section><Label>9</Label><Text><Repealed>[Repealed, 2012, c. 19, s. 66]</Repealed></Text></Section><Section><Label>9.1</Label><Text><Repealed>[Repealed, 2012, c. 19, s. 66]</Repealed></Text></Section><Section><Label>10</Label><Text><Repealed>[Repealed, 2012, c. 19, s. 66]</Repealed></Text></Section><Section><Label>10.1</Label><Text><Repealed>[Repealed, 2012, c. 19, s. 66]</Repealed></Text></Section><Heading level="2"><TitleText>Responsible Authority</TitleText><Note>[Repealed, 2012, c. 19, s. 66]</Note></Heading><Section><Label>11</Label><Text><Repealed>[Repealed, 2012, c. 19, s. 66]</Repealed></Text></Section><Section><Label>11.01</Label><Text><Repealed>[Repealed, 2012, c. 19, s. 66]</Repealed></Text></Section><Section><Label>11.1</Label><Text><Repealed>[Repealed, 2012, c. 19, s. 66]</Repealed></Text></Section><Section><Label>11.2</Label><Text><Repealed>[Repealed, 2012, c. 19, s. 66]</Repealed></Text></Section><Section><Label>12</Label><Text><Repealed>[Repealed, 2012, c. 19, s. 66]</Repealed></Text></Section><Heading level="2"><TitleText>Federal Environmental Assessment Coordinator</TitleText><Note>[Repealed, 2012, c. 19, s. 66]</Note></Heading><Section><Label>12.1</Label><Text><Repealed>[Repealed, 2012, c. 19, s. 66]</Repealed></Text></Section><Section><Label>12.2</Label><Text><Repealed>[Repealed, 2012, c. 19, s. 66]</Repealed></Text></Section><Section><Label>12.3</Label><Text><Repealed>[Repealed, 2012, c. 19, s. 66]</Repealed></Text></Section><Section><Label>12.4</Label><Text><Repealed>[Repealed, 2012, c. 19, s. 66]</Repealed></Text></Section><Section><Label>12.5</Label><Text><Repealed>[Repealed, 2012, c. 19, s. 66]</Repealed></Text></Section><Heading level="2"><TitleText>Action of Federal Authorities Suspended</TitleText><Note>[Repealed, 2012, c. 19, s. 66]</Note></Heading><Section><Label>13</Label><Text><Repealed>[Repealed, 2012, c. 19, s. 66]</Repealed></Text></Section><Heading level="1"><TitleText>Environmental Assessment Process</TitleText><Note>[Repealed, 2012, c. 19, s. 66]</Note></Heading><Heading level="2"><TitleText>General</TitleText><Note>[Repealed, 2012, c. 19, s. 66]</Note></Heading><Section><Label>14</Label><Text><Repealed>[Repealed, 2012, c. 19, s. 66]</Repealed></Text></Section><Section><Label>15</Label><Text><Repealed>[Repealed, 2012, c. 19, s. 66]</Repealed></Text></Section><Section><Label>15.1</Label><Text><Repealed>[Repealed, 2012, c. 19, s. 66]</Repealed></Text></Section><Section><Label>16</Label><Text><Repealed>[Repealed, 2012, c. 19, s. 66]</Repealed></Text></Section><Section><Label>16.1</Label><Text><Repealed>[Repealed, 2012, c. 19, s. 66]</Repealed></Text></Section><Section><Label>16.2</Label><Text><Repealed>[Repealed, 2012, c. 19, s. 66]</Repealed></Text></Section><Section><Label>16.3</Label><Text><Repealed>[Repealed, 2012, c. 19, s. 66]</Repealed></Text></Section><Section><Label>17</Label><Text><Repealed>[Repealed, 2012, c. 19, s. 66]</Repealed></Text></Section><Heading level="2"><TitleText>Screening</TitleText><Note>[Repealed, 2012, c. 19, s. 66]</Note></Heading><Section><Label>18</Label><Text><Repealed>[Repealed, 2012, c. 19, s. 66]</Repealed></Text></Section><Section><Label>19</Label><Text><Repealed>[Repealed, 2012, c. 19, s. 66]</Repealed></Text></Section><Section><Label>20</Label><Text><Repealed>[Repealed, 2012, c. 19, s. 66]</Repealed></Text></Section><Heading level="2"><TitleText>Comprehensive Study</TitleText><Note>[Repealed, 2012, c. 19, s. 66]</Note></Heading><Section><Label>21</Label><Text><Repealed>[Repealed, 2012, c. 19, s. 66]</Repealed></Text></Section><Section><Label>21.1</Label><Text><Repealed>[Repealed, 2012, c. 19, s. 66]</Repealed></Text></Section><Section><Label>21.2</Label><Text><Repealed>[Repealed, 2012, c. 19, s. 66]</Repealed></Text></Section><Section><Label>21.3</Label><Text><Repealed>[Repealed, 2012, c. 19, s. 66]</Repealed></Text></Section><Section><Label>22</Label><Text><Repealed>[Repealed, 2012, c. 19, s. 66]</Repealed></Text></Section><Section><Label>23</Label><Text><Repealed>[Repealed, 2012, c. 19, s. 66]</Repealed></Text></Section><Section><Label>24</Label><Text><Repealed>[Repealed, 2012, c. 19, s. 66]</Repealed></Text></Section><Heading level="2"><TitleText>Discretionary Powers</TitleText><Note>[Repealed, 2012, c. 19, s. 66]</Note></Heading><Section><Label>25</Label><Text><Repealed>[Repealed, 2012, c. 19, s. 66]</Repealed></Text></Section><Section><Label>26</Label><Text><Repealed>[Repealed, 2012, c. 19, s. 66]</Repealed></Text></Section><Section><Label>27</Label><Text><Repealed>[Repealed, 2012, c. 19, s. 66]</Repealed></Text></Section><Section><Label>28</Label><Text><Repealed>[Repealed, 2012, c. 19, s. 66]</Repealed></Text></Section><Heading level="2"><TitleText>Mediation and Panel Reviews</TitleText><Note>[Repealed, 2012, c. 19, s. 66]</Note></Heading><Section><Label>29</Label><Text><Repealed>[Repealed, 2012, c. 19, s. 66]</Repealed></Text></Section><Section><Label>30</Label><Text><Repealed>[Repealed, 2012, c. 19, s. 66]</Repealed></Text></Section><Section><Label>31</Label><Text><Repealed>[Repealed, 2012, c. 19, s. 66]</Repealed></Text></Section><Section><Label>32</Label><Text><Repealed>[Repealed, 2012, c. 19, s. 66]</Repealed></Text></Section><Section><Label>33</Label><Text><Repealed>[Repealed, 2012, c. 19, s. 66]</Repealed></Text></Section><Section><Label>34</Label><Text><Repealed>[Repealed, 2012, c. 19, s. 66]</Repealed></Text></Section><Section><Label>35</Label><Text><Repealed>[Repealed, 2012, c. 19, s. 66]</Repealed></Text></Section><Section><Label>36</Label><Text><Repealed>[Repealed, 2012, c. 19, s. 66]</Repealed></Text></Section><Heading level="2"><TitleText>Decision of Responsible Authority</TitleText><Note>[Repealed, 2012, c. 19, s. 66]</Note></Heading><Section><Label>37</Label><Text><Repealed>[Repealed, 2012, c. 19, s. 66]</Repealed></Text></Section><Heading level="2"><TitleText>Follow-up Program</TitleText><Note>[Repealed, 2012, c. 19, s. 66]</Note></Heading><Section><Label>38</Label><Text><Repealed>[Repealed, 2012, c. 19, s. 66]</Repealed></Text></Section><Heading level="2"><TitleText>Certificate</TitleText><Note>[Repealed, 2012, c. 19, s. 66]</Note></Heading><Section><Label>39</Label><Text><Repealed>[Repealed, 2012, c. 19, s. 66]</Repealed></Text></Section><Heading level="2"><TitleText>Joint Review Panels</TitleText><Note>[Repealed, 2012, c. 19, s. 66]</Note></Heading><Section><Label>40</Label><Text><Repealed>[Repealed, 2012, c. 19, s. 66]</Repealed></Text></Section><Section><Label>41</Label><Text><Repealed>[Repealed, 2012, c. 19, s. 66]</Repealed></Text></Section><Section><Label>42</Label><Text><Repealed>[Repealed, 2012, c. 19, s. 66]</Repealed></Text></Section><Heading level="2"><TitleText>Public Hearing by a Federal Authority</TitleText><Note>[Repealed, 2012, c. 19, s. 66]</Note></Heading><Section><Label>43</Label><Text><Repealed>[Repealed, 2012, c. 19, s. 66]</Repealed></Text></Section><Section><Label>44</Label><Text><Repealed>[Repealed, 2012, c. 19, s. 66]</Repealed></Text></Section><Section><Label>45</Label><Text><Repealed>[Repealed, 2012, c. 19, s. 66]</Repealed></Text></Section><Heading level="1"><TitleText>Transboundary and Related Environmental Effects</TitleText><Note>[Repealed, 2012, c. 19, s. 66]</Note></Heading><Section><Label>46</Label><Text><Repealed>[Repealed, 2012, c. 19, s. 66]</Repealed></Text></Section><Section><Label>47</Label><Text><Repealed>[Repealed, 2012, c. 19, s. 66]</Repealed></Text></Section><Section><Label>48</Label><Text><Repealed>[Repealed, 2012, c. 19, s. 66]</Repealed></Text></Section><Section><Label>49</Label><Text><Repealed>[Repealed, 2012, c. 19, s. 66]</Repealed></Text></Section><Section><Label>50</Label><Text><Repealed>[Repealed, 2012, c. 19, s. 66]</Repealed></Text></Section><Section><Label>51</Label><Text><Repealed>[Repealed, 2012, c. 19, s. 66]</Repealed></Text></Section><Section><Label>52</Label><Text><Repealed>[Repealed, 2012, c. 19, s. 66]</Repealed></Text></Section><Section><Label>53</Label><Text><Repealed>[Repealed, 2012, c. 19, s. 66]</Repealed></Text></Section><Heading level="1"><TitleText>Agreements and Arrangements</TitleText><Note>[Repealed, 2012, c. 19, s. 66]</Note></Heading><Section><Label>54</Label><Text><Repealed>[Repealed, 2012, c. 19, s. 66]</Repealed></Text></Section><Heading level="1"><TitleText>Canadian Environmental Assessment Registry</TitleText><Note>[Repealed, 2012, c. 19, s. 66]</Note></Heading><Heading level="2"><TitleText>Establishment of Registry</TitleText><Note>[Repealed, 2012, c. 19, s. 66]</Note></Heading><Section><Label>55</Label><Text><Repealed>[Repealed, 2012, c. 19, s. 66]</Repealed></Text></Section><Heading level="2"><TitleText>Internet Site</TitleText><Note>[Repealed, 2012, c. 19, s. 66]</Note></Heading><Section><Label>55.1</Label><Text><Repealed>[Repealed, 2012, c. 19, s. 66]</Repealed></Text></Section><Section><Label>55.2</Label><Text><Repealed>[Repealed, 2012, c. 19, s. 66]</Repealed></Text></Section><Section><Label>55.3</Label><Text><Repealed>[Repealed, 2012, c. 19, s. 66]</Repealed></Text></Section><Heading level="2"><TitleText>Project Files</TitleText><Note>[Repealed, 2012, c. 19, s. 66]</Note></Heading><Section><Label>55.4</Label><Text><Repealed>[Repealed, 2012, c. 19, s. 66]</Repealed></Text></Section><Heading level="2"><TitleText>General</TitleText><Note>[Repealed, 2012, c. 19, s. 66]</Note></Heading><Section><Label>55.5</Label><Text><Repealed>[Repealed, 2012, c. 19, s. 66]</Repealed></Text></Section><Section><Label>55.6</Label><Text><Repealed>[Repealed, 2012, c. 19, s. 66]</Repealed></Text></Section><Heading level="1"><TitleText>Relevant Information</TitleText><Note>[Repealed, 2012, c. 19, s. 66]</Note></Heading><Section><Label>56</Label><Text><Repealed>[Repealed, 2012, c. 19, s. 66]</Repealed></Text></Section><Section><Label>56.1</Label><Text><Repealed>[Repealed, 2012, c. 19, s. 66]</Repealed></Text></Section><Heading level="1"><TitleText>Judicial Review</TitleText><Note>[Repealed, 2012, c. 19, s. 66]</Note></Heading><Section><Label>57</Label><Text><Repealed>[Repealed, 2012, c. 19, s. 66]</Repealed></Text></Section><Heading level="1"><TitleText>Administration</TitleText><Note>[Repealed, 2012, c. 19, s. 66]</Note></Heading><Heading level="2"><TitleText>Minister’s Powers</TitleText><Note>[Repealed, 2012, c. 19, s. 66]</Note></Heading><Section><Label>58</Label><Text><Repealed>[Repealed, 2012, c. 19, s. 66]</Repealed></Text></Section><Heading level="2"><TitleText>Regulations</TitleText><Note>[Repealed, 2012, c. 19, s. 66]</Note></Heading><Section><Label>59</Label><Text><Repealed>[Repealed, 2012, c. 19, s. 66]</Repealed></Text></Section><Section><Label>60</Label><Text><Repealed>[Repealed, 2012, c. 19, s. 66]</Repealed></Text></Section><Heading level="1"><TitleText>Canadian Environmental Assessment Agency</TitleText><Note>[Repealed, 2012, c. 19, s. 66]</Note></Heading><Section><Label>61</Label><Text><Repealed>[Repealed, 2012, c. 19, s. 66]</Repealed></Text></Section><Section><Label>62</Label><Text><Repealed>[Repealed, 2012, c. 19, s. 66]</Repealed></Text></Section><Section><Label>63</Label><Text><Repealed>[Repealed, 2012, c. 19, s. 66]</Repealed></Text></Section><Section><Label>64</Label><Text><Repealed>[Repealed, 2012, c. 19, s. 66]</Repealed></Text></Section><Section><Label>65</Label><Text><Repealed>[Repealed, 2012, c. 19, s. 66]</Repealed></Text></Section><Section><Label>66</Label><Text><Repealed>[Repealed, 2012, c. 19, s. 66]</Repealed></Text></Section><Section><Label>67</Label><Text><Repealed>[Repealed, 2012, c. 19, s. 66]</Repealed></Text></Section><Section><Label>68</Label><Text><Repealed>[Repealed, 2012, c. 19, s. 66]</Repealed></Text></Section><Section><Label>69</Label><Text><Repealed>[Repealed, 2012, c. 19, s. 66]</Repealed></Text></Section><Section><Label>70</Label><Text><Repealed>[Repealed, 2012, c. 19, s. 66]</Repealed></Text></Section><Heading level="1"><TitleText>Annual Report</TitleText><Note>[Repealed, 2012, c. 19, s. 66]</Note></Heading><Section><Label>71</Label><Text><Repealed>[Repealed, 2012, c. 19, s. 66]</Repealed></Text></Section><Heading level="1"><TitleText>Review</TitleText><Note>[Repealed, 2012, c. 19, s. 66]</Note></Heading><Section><Label>72</Label><Text><Repealed>[Repealed, 2012, c. 19, s. 66]</Repealed></Text></Section><Heading level="1"><TitleText>Transitional</TitleText><Note>[Repealed, 2012, c. 19, s. 66]</Note></Heading><Section><Label>73</Label><Text><Repealed>[Repealed, 2012, c. 19, s. 66]</Repealed></Text></Section><Section><Label>74</Label><Text><Repealed>[Repealed, 2012, c. 19, s. 66]</Repealed></Text></Section><Heading level="1"><TitleText>Consequential Amendments</TitleText><Note>[Repealed, 2012, c. 19, s. 66]</Note></Heading><Section><Label>75 to 81</Label><Text><Repealed>[Repealed, 2012, c. 19, s. 66]</Repealed></Text></Section><Heading level="1"><TitleText>Coming into Force</TitleText><Note>[Repealed, 2012, c. 19, s. 66]</Note></Heading><Section><Label>82</Label><Text><Repealed>[Repealed, 2012, c. 19, s. 66]</Repealed></Text></Section></Body><Schedule bilingual="no" spanlanguages="no"><ScheduleFormHeading><Label>SCHEDULE</Label><OriginatingRef>(Section 7.1)</OriginatingRef><TitleText>Projects and Classes of Projects</TitleText></ScheduleFormHeading><Repealed>[Repealed, 2012, c. 19, s. 66]</Repealed></Schedule></Statute>