﻿<?xml version="1.0" encoding="utf-8"?><!DOCTYPE Statute PUBLIC "-//Justice Canada//DTD Statute v2.0.0//EN" "Dtd/Version_2.0.0/Statute/Statute.dtd"><Statute bill-origin="commons" bill-type="govt-public" xml:lang="en" in-force="yes"><Identification><LongTitle>An Act respecting the Canadian Dairy Commission</LongTitle><ShortTitle status="official">Canadian Dairy Commission Act</ShortTitle><RunningHead>Canadian Dairy Commission</RunningHead><BillHistory><Stages stage="consolidation"><Date><YYYY>2018</YYYY><MM>08</MM><DD>20</DD></Date></Stages></BillHistory><Chapter><ConsolidatedNumber official="yes">C-15</ConsolidatedNumber></Chapter></Identification><Body><Heading level="1"><TitleText>Short Title</TitleText></Heading><Section><MarginalNote>Short title</MarginalNote><Label>1</Label><Text>This Act may be cited as the <XRefExternal reference-type="act">Canadian Dairy Commission Act</XRefExternal>.</Text><HistoricalNote>R.S., c. C-7, s. 1.</HistoricalNote></Section><Heading level="1"><TitleText>Interpretation</TitleText></Heading><Section><MarginalNote>Definitions</MarginalNote><Label>2</Label><Text>In this Act,</Text><Definition><MarginalNote><DefinedTermEn>Board</DefinedTermEn></MarginalNote><MarginalNote><DefinedTermFr>office</DefinedTermFr></MarginalNote><Text><DefinedTermEn>Board</DefinedTermEn> means a body that is constituted under the laws of a province for the purpose of regulating the production for marketing, or the marketing, in intraprovincial trade of any dairy product;</Text></Definition><Definition><MarginalNote><DefinedTermEn>Commission</DefinedTermEn></MarginalNote><MarginalNote><DefinedTermFr>Commission</DefinedTermFr></MarginalNote><Text><DefinedTermEn>Commission</DefinedTermEn> means the Canadian Dairy Commission continued by section 3;</Text></Definition><Definition><MarginalNote><DefinedTermEn>cream</DefinedTermEn></MarginalNote><MarginalNote><DefinedTermFr>crème</DefinedTermFr></MarginalNote><Text><DefinedTermEn>cream</DefinedTermEn> means cream derived from milk;</Text></Definition><Definition><MarginalNote><DefinedTermEn>dairy product</DefinedTermEn></MarginalNote><MarginalNote><DefinedTermFr>produits laitiers</DefinedTermFr></MarginalNote><Text><DefinedTermEn>dairy product</DefinedTermEn> means milk, cream, butter, cheese, condensed milk, evaporated milk, milk powder, dry milk, ice-cream, malted milk or any other product manufactured wholly or mainly from milk and includes sherbet;</Text></Definition><Definition><MarginalNote><DefinedTermEn>market</DefinedTermEn></MarginalNote><MarginalNote><DefinedTermFr>commercialisation</DefinedTermFr></MarginalNote><Text><DefinedTermEn>market</DefinedTermEn> means to market in interprovincial or export trade;</Text></Definition><Definition><MarginalNote><DefinedTermEn>milk</DefinedTermEn></MarginalNote><MarginalNote><DefinedTermFr>lait</DefinedTermFr></MarginalNote><Text><DefinedTermEn>milk</DefinedTermEn> means milk from cows;</Text></Definition><Definition><MarginalNote><DefinedTermEn>Minister</DefinedTermEn></MarginalNote><MarginalNote><DefinedTermFr>ministre</DefinedTermFr></MarginalNote><Text><DefinedTermEn>Minister</DefinedTermEn> means the Minister of Agriculture and Agri-Food;</Text></Definition><Definition><MarginalNote><DefinedTermEn>place</DefinedTermEn></MarginalNote><MarginalNote><DefinedTermFr>lieu</DefinedTermFr></MarginalNote><Text><DefinedTermEn>place</DefinedTermEn> includes any vehicle, vessel, railway car or aircraft;</Text></Definition><Definition><MarginalNote><DefinedTermEn>regulated product</DefinedTermEn></MarginalNote><MarginalNote><DefinedTermFr>produits réglementés</DefinedTermFr></MarginalNote><Text><DefinedTermEn>regulated product</DefinedTermEn> means a dairy product the marketing of which is regulated or prohibited by regulations made under this Act.</Text></Definition><HistoricalNote>R.S., 1985, c. C-15, s. 2; 1994, c. 38, s. 25; 1995, c. 23, s. 1; 2006, c. 9, s. 239.</HistoricalNote></Section><Heading level="1"><TitleText>Constitution of the Commission</TitleText></Heading><Section><MarginalNote>Commission continued</MarginalNote><Label>3</Label><Subsection><Label>(1)</Label><Text>The Canadian Dairy Commission is continued as a corporation consisting of a Chairperson, a Chief Executive Officer and one other member.</Text></Subsection><Subsection><MarginalNote>Appointment of members</MarginalNote><Label>(2)</Label><Text>Notwithstanding section 105 of the <XRefExternal reference-type="act">Financial Administration Act</XRefExternal>, each member of the Commission shall be appointed by the Governor in Council to hold office during pleasure for such term as the Governor in Council considers appropriate.</Text></Subsection><Subsection><Label>(3)</Label><Text><Repealed>[Repealed, 2009, c. 2, s. 379]</Repealed></Text></Subsection><Subsection><Label>(4)</Label><Text><Repealed>[Repealed, 2006, c. 9, s. 240]</Repealed></Text></Subsection><Subsection><MarginalNote>Remuneration and expenses</MarginalNote><Label>(5)</Label><Text>Each member of the Commission shall be paid such salary or other remuneration, and may be paid such travel and living expenses incurred in connection with the performance of his duties, as are fixed by the Governor in Council.</Text></Subsection><Subsection><MarginalNote>Retirement age</MarginalNote><Label>(6)</Label><Text>A member of the Commission ceases to hold office on reaching the age of seventy years.</Text></Subsection><Subsection><MarginalNote>Temporary substitute member</MarginalNote><Label>(7)</Label><Text>If any member of the Commission is absent or unable to act, the Governor in Council may appoint a temporary substitute member for such term and on such conditions as the Governor in Council prescribes.</Text></Subsection><Subsection><MarginalNote>Head office</MarginalNote><Label>(8)</Label><Text>The head office of the Commission shall be in the city of Ottawa, but meetings of the Commission may be held at such other places as the Commission may decide.</Text></Subsection><HistoricalNote>R.S., 1985, c. C-15, s. 3; R.S., 1985, c. 1 (4th Supp.), s. 44(E); 2006, c. 9, s. 240; 2009, c. 2, s. 379.</HistoricalNote></Section><Section><MarginalNote>Agent of Her Majesty</MarginalNote><Label>4</Label><Text>The Commission is for all purposes of this Act an agent of Her Majesty in right of Canada.</Text><HistoricalNote>R.S., c. C-7, s. 4; 1984, c. 31, s. 14.</HistoricalNote></Section><Heading level="1"><TitleText>Consultative Committee</TitleText></Heading><Section><MarginalNote>Consultative Committee</MarginalNote><Label>5</Label><Subsection><Label>(1)</Label><Text>The Minister shall appoint a Consultative Committee consisting of a chairperson and eight other members.</Text></Subsection><Subsection><MarginalNote>Tenure of members</MarginalNote><Label>(2)</Label><Text>Each member of the Consultative Committee shall be appointed for a term not exceeding three years, except that of those members first appointed three shall be appointed for a term of two years, three shall be appointed for a term of three years and three shall be appointed for a term of four years.</Text></Subsection><HistoricalNote>R.S., 1985, c. C-15, s. 5; 2006, c. 9, s. 241(E).</HistoricalNote></Section><Section><MarginalNote>Functions of Consultative Committee</MarginalNote><Label>6</Label><Subsection><Label>(1)</Label><Text>The Consultative Committee shall meet at such times as are fixed by the Commission and shall advise the Commission on such matters relating to the production and marketing of dairy products as are referred to it by the Commission.</Text></Subsection><Subsection><MarginalNote>Remuneration and expenses</MarginalNote><Label>(2)</Label><Text>The members of the Consultative Committee may be paid for their services such remuneration and expenses as are fixed by the Governor in Council.</Text></Subsection><HistoricalNote>R.S., c. C-7, s. 6.</HistoricalNote></Section><Heading level="1"><TitleText>Staff</TitleText></Heading><Section><MarginalNote>Officers and employees</MarginalNote><Label>7</Label><Subsection><Label>(1)</Label><Text>The Commission may appoint such officers and employees as are necessary for the proper conduct of the work of the Commission and prescribe their duties and, subject to the approval of the Treasury Board, the conditions of their employment.</Text></Subsection><Subsection><MarginalNote>Salaries and expenses of staff</MarginalNote><Label>(2)</Label><Text>The officers and employees of the Commission appointed as provided in subsection (1) shall be paid such salaries and expenses as are fixed by the Commission with the approval of the Treasury Board.</Text></Subsection><HistoricalNote>R.S., c. C-7, s. 7.</HistoricalNote></Section><Heading level="1"><TitleText>Objects of the Commission</TitleText></Heading><Section><MarginalNote>Objects of Commission</MarginalNote><Label>8</Label><Text>The objects of the Commission are to provide efficient producers of milk and cream with the opportunity of obtaining a fair return for their labour and investment and to provide consumers of dairy products with a continuous and adequate supply of dairy products of high quality.</Text><HistoricalNote>R.S., c. C-7, s. 8.</HistoricalNote></Section><Heading level="1"><TitleText>Powers of the Commission</TitleText></Heading><Section><MarginalNote>Powers</MarginalNote><Label>9</Label><Subsection><Label>(1)</Label><Text>The Commission may</Text><Paragraph><Label>(a)</Label><Text>purchase any dairy product and sell, or otherwise dispose of, any dairy product purchased by it;</Text></Paragraph><Paragraph><Label>(b)</Label><Text>package, process, store, ship, insure, import or export any dairy product purchased by the Commission;</Text></Paragraph><Paragraph><Label>(c)</Label><Text>make payments for the benefit of producers of milk and cream for the purpose of providing protection for the income of those producers from the sale of those products, which payments may be made on the basis of volume, quality or on any other basis that the Commission deems appropriate;</Text></Paragraph><Paragraph><Label>(d)</Label><Text>make investigations into any matter relating to the production, processing or marketing of any dairy product, including the cost of producing, processing or marketing that product;</Text></Paragraph><Paragraph><Label>(e)</Label><Text>undertake and assist in the promotion of the use of dairy products, the improvement of the quality and variety of and the publication of information in relation to those products;</Text></Paragraph><Paragraph><Label>(f)</Label><Text>establish and operate a pool or pools in respect of the marketing of milk or cream, including</Text><Subparagraph><Label>(i)</Label><Text>distributing money to producers of milk or cream received from the marketing of any quantity of milk or cream, or any component, class, variety or grade of milk or cream from the pool or pools, and</Text></Subparagraph><Subparagraph><Label>(ii)</Label><Text>deducting from the money distributed under subparagraph (i) any necessary and proper expenses of operating the pool or pools;</Text></Subparagraph></Paragraph><Paragraph><Label>(g)</Label><Text>establish the price, or minimum or maximum price, paid or to be paid to the Commission, or to producers of milk or cream, the basis on which that payment is to be made and the terms and manner of payment that is to be made in respect of the marketing of any quantity of milk or cream, or any component, class, variety or grade of milk or cream;</Text></Paragraph><Paragraph><Label>(h)</Label><Text>collect the price paid or to be paid to the Commission, or to any producer in respect of the marketing of any quantity of milk or cream, or any component, class, variety or grade of milk or cream, or recover that price in a court of competent jurisdiction;</Text></Paragraph><Paragraph><Label>(i)</Label><Text>subject to an agreement entered into under section 9.1, establish and operate a program in respect of the quantities and prices of milk or cream, or of any component, class, variety or grade of milk or cream, necessary for the competitive international trade in, and the promotion and facilitation of the marketing of, dairy products, including</Text><Subparagraph><Label>(i)</Label><Text>distributing money for the purpose of the equalization of returns to producers in respect of that milk or cream, or that component, class, variety or grade, from which those dairy products are made, and</Text></Subparagraph><Subparagraph><Label>(ii)</Label><Text>deducting from the money distributed under subparagraph (i) any necessary and proper expenses of operating the program; and</Text></Subparagraph></Paragraph><Paragraph><Label>(j)</Label><Text>do all acts and things necessary or incidental to the exercise of any of its powers or the carrying out of any of its functions under this Act.</Text></Paragraph></Subsection><Subsection><MarginalNote>Inquiries</MarginalNote><Label>(2)</Label><Text>For the purpose of carrying out any investigation under paragraph (1)(d), the Commission has all the powers of a commissioner appointed under Part I of the <XRefExternal reference-type="act">Inquiries Act</XRefExternal>.</Text></Subsection><Subsection><MarginalNote>Rules of procedure</MarginalNote><Label>(3)</Label><Text>The Commission may make the rules it deems necessary for the regulation of its proceedings, for the fixing of a quorum for any of its meetings and generally for the conduct of its activities under this Act.</Text></Subsection><HistoricalNote>R.S., 1985, c. C-15, s. 9; 1994, c. 26, s. 19; 1995, c. 23, s. 2.</HistoricalNote></Section><Section><MarginalNote>Delegation to Boards, etc.</MarginalNote><Label>9.1</Label><Text>The Commission may, with the approval of the Governor in Council, enter into an agreement with a province or a Board, providing for the coordinated marketing of dairy products, including the granting of authority for the performance</Text><Paragraph><Label>(a)</Label><Text>by the Board of any powers of the Commission set out in paragraphs 9(1)(f) to (i);</Text></Paragraph><Paragraph><Label>(b)</Label><Text>by the Commission of any similar powers that the Board is authorized by the laws of a province to exercise; or</Text></Paragraph><Paragraph><Label>(c)</Label><Text>by the Commission of any similar powers that it is authorized to exercise by the lieutenant governor in council of a province.</Text></Paragraph><HistoricalNote>1995, c. 23, s. 3.</HistoricalNote></Section><Heading level="1"><TitleText>Duties of the Commission</TitleText></Heading><Section><MarginalNote>Commission to submit program to Minister</MarginalNote><Label>10</Label><Subsection><Label>(1)</Label><Text>Each year, following determination by the Governor in Council pursuant to the <XRefExternal reference-type="act">Farm Income Protection Act</XRefExternal> of the total amount to be paid by the Minister to the Commission for the purpose of providing protection for the income of producers of milk and cream from the sale of those products, the Commission shall submit to the Minister an outline of the program by which it proposes to carry out its functions under this Act for the following fiscal year.</Text></Subsection><Subsection><MarginalNote>Manner of carrying out functions</MarginalNote><Label>(2)</Label><Text>The Commission shall carry out its functions under this Act in a manner that will achieve its objects and meet its obligations from the moneys available to it under this Act.</Text></Subsection><HistoricalNote>R.S., 1985, c. C-15, s. 10; 1994, c. 26, s. 20.</HistoricalNote></Section><Section><MarginalNote>Directions</MarginalNote><Label>11</Label><Subsection><Label>(1)</Label><Text>In exercising its powers under this Act or the regulations in relation to the importation or exportation of any dairy product, the Commission shall comply with any directions from time to time given to it by the Minister.</Text></Subsection><Subsection><MarginalNote>Application of <XRefExternal reference-type="act">Financial Administration Act</XRefExternal></MarginalNote><Label>(2)</Label><Text>Subsections 89(2) to (6) and section 153 of the <XRefExternal reference-type="act">Financial Administration Act</XRefExternal> apply, with such modifications as the circumstances require, to a direction given under subsection (1) as though it were a directive referred to in those provisions.</Text></Subsection><HistoricalNote>R.S., c. C-7, s. 11; 1984, c. 31, s. 14.</HistoricalNote></Section><Heading level="1"><TitleText>Regulations</TitleText></Heading><Section><MarginalNote>Regulations</MarginalNote><Label>12</Label><Subsection><Label>(1)</Label><Text>The Governor in Council may make regulations regulating the marketing of any dairy product, including regulations</Text><Paragraph><Label>(a)</Label><Text>providing for the marketing of any dairy product on a quota basis;</Text></Paragraph><Paragraph><Label>(b)</Label><Text>designating the agencies through which any regulated product shall be marketed;</Text></Paragraph><Paragraph><Label>(c)</Label><Text>providing for the issue of licences to persons engaged in the production or processing of a regulated product for market, prescribing the fees for those licences and providing for their cancellation or suspension;</Text></Paragraph><Paragraph><Label>(d)</Label><Text>prohibiting persons from engaging in the marketing of any dairy product, or any class, variety or grade of such a product, in whole or in part, except under the authority of a licence;</Text></Paragraph><Paragraph><Label>(e)</Label><Text>prescribing the books and records to be kept by persons engaged in the production or processing of a regulated product for market and the information to be furnished by those persons;</Text></Paragraph><Paragraph><Label>(f)</Label><Text>authorizing the Commission to fix, impose and collect levies or charges from persons engaged in the marketing of any dairy product or the production or processing of a regulated product for market and for those purposes to classify those persons into groups, fix the levies or charges payable by the members of the different groups and to use those levies or charges for the purpose of carrying out its functions under this Act;</Text></Paragraph><Paragraph><Label>(g)</Label><Text>providing for the seizure and disposal of any regulated product marketed in contravention of any regulation made under this section; and</Text></Paragraph><Paragraph><Label>(h)</Label><Text>generally, for carrying out the purposes and provisions of this Act.</Text></Paragraph></Subsection><Subsection><MarginalNote>Regulation may be general or specific</MarginalNote><Label>(2)</Label><Text>A regulation made under subsection (1) may be general or restricted to a specific dairy product, area, or group or class of persons.</Text></Subsection><HistoricalNote>R.S., c. C-7, s. 12.</HistoricalNote></Section><Section><MarginalNote>Regulations</MarginalNote><Label>13</Label><Text>The Governor in Council may make regulations requiring the registration of producers of milk and cream as a condition of the making of any payment under paragraph 9(1)(c) for the benefit of those producers and prescribing the books and records to be kept and the information to be furnished to the Commission by or on behalf of those producers.</Text><HistoricalNote>R.S., c. C-7, s. 13.</HistoricalNote></Section><Heading level="1"><TitleText>Financial</TitleText></Heading><Section><MarginalNote>Expenses paid out of appropriations</MarginalNote><Label>14</Label><Text>All expenditures for salaries, travel expenses and expenses of administration shall be paid out of moneys appropriated by Parliament for the purpose, other than</Text><Paragraph><Label>(a)</Label><Text>expenditures that in the opinion of the Minister are directly attributable to action taken by the Commission to provide protection for the income of producers of any dairy product from the sale of that product; and</Text></Paragraph><Paragraph><Label>(b)</Label><Text>necessary and proper expenses incurred by the Commission in exercising any of its powers set out in paragraphs 9(1)(f) to (i).</Text></Paragraph><HistoricalNote>R.S., 1985, c. C-15, s. 14; 1994, c. 26, s. 21; 1995, c. 23, s. 4.</HistoricalNote></Section><Section><MarginalNote>Canadian Dairy Commission Account</MarginalNote><Label>15</Label><Subsection><Label>(1)</Label><Text>There shall be established in the accounts of Canada a special account to be known as the Canadian Dairy Commission Account, in this section called the "Account".</Text></Subsection><Subsection><MarginalNote>Credits to Account</MarginalNote><Label>(2)</Label><Text>There shall be credited to the Account</Text><Paragraph><Label>(a)</Label><Text>all moneys received by the Commission from its operations described in paragraphs 9(1)(a) and (b);</Text></Paragraph><Paragraph><Label>(b)</Label><Text>all licence fees, levies and charges paid to the Commission;</Text></Paragraph><Paragraph><Label>(c)</Label><Text>all loans made to the Commission by the Minister of Finance pursuant to section 16; and</Text></Paragraph><Paragraph><Label>(d)</Label><Text>all amounts paid to the Commission by the Minister under the <XRefExternal reference-type="act">Farm Income Protection Act</XRefExternal> for the purpose of providing protection for the income of producers of any dairy product from the sale of that product.</Text></Paragraph></Subsection><Subsection><MarginalNote>Charges to Account</MarginalNote><Label>(3)</Label><Text>There shall be paid out of the Consolidated Revenue Fund and charged to the Account</Text><Paragraph><Label>(a)</Label><Text>all expenditures under this Act, except those to be paid pursuant to section 14;</Text></Paragraph><Paragraph><Label>(b)</Label><Text>all amounts paid to the Minister of Finance in repayment of loans made to the Commission pursuant to section 16 or as interest on those loans; and</Text></Paragraph><Paragraph><Label>(c)</Label><Text>any excess licence fees, levies and charges paid to the Commission.</Text></Paragraph></Subsection><Subsection><MarginalNote>Limit on payments</MarginalNote><Label>(4)</Label><Text>No payment shall be made out of the Consolidated Revenue Fund under this section in excess of the amount of the balance to the credit of the Account.</Text></Subsection><HistoricalNote>R.S., 1985, c. C-15, s. 15; 1994, c. 26, s. 22; 1995, c. 23, s. 5.</HistoricalNote></Section><Section><MarginalNote>Loans to Commission</MarginalNote><Label>16</Label><Subsection><Label>(1)</Label><Text>At the request of the Commission, the Minister of Finance may, out of the Consolidated Revenue Fund, make loans to the Commission on such terms and conditions as are approved by the Governor in Council for the purpose of exercising any of the powers of the Commission described in paragraphs 9(1)(a) and (b).</Text></Subsection><Subsection><MarginalNote>Limit</MarginalNote><Label>(2)</Label><Text>The total aggregate amount outstanding at any time of loans made under subsection (1) and amounts drawn under subsection 16.1(2) shall not exceed three hundred million dollars.</Text></Subsection><HistoricalNote>R.S., 1985, c. C-15, s. 16; 1992, c. 1, s. 144(F); 1995, c. 23, s. 6.</HistoricalNote></Section><Section><MarginalNote>Pool bank account</MarginalNote><Label>16.1</Label><Subsection><Label>(1)</Label><Text>The Commission may establish an account with any member of the Canadian Payments Association for the purpose of, and may deduct from the account any necessary and proper expenses incurred in, exercising any of its powers set out in paragraphs 9(1)(f) to (i).</Text></Subsection><Subsection><MarginalNote>Line of credit</MarginalNote><Label>(2)</Label><Text>The Commission may, with the approval of the Minister of Finance, establish and use a line of credit with any member of the Canadian Payments Association for the purpose of exercising any of its powers set out in paragraphs 9(1)(f) to (i).</Text></Subsection><HistoricalNote>1995, c. 23, s. 7.</HistoricalNote></Section><Heading level="1"><TitleText>Enforcement</TitleText></Heading><Section><MarginalNote>Inspectors</MarginalNote><Label>17</Label><Subsection><Label>(1)</Label><Text>The Commission may appoint or designate any person as an inspector for the purposes of this Act.</Text></Subsection><Subsection><MarginalNote>Certificate to be produced</MarginalNote><Label>(2)</Label><Text>The Commission shall furnish every inspector with a certificate of appointment or designation and on entering any place under subsection 18(1) an inspector shall, if so required, produce the certificate to the person in charge of that place.</Text></Subsection><HistoricalNote>R.S., c. C-7, ss. 18, 19.</HistoricalNote></Section><Section><MarginalNote>Powers of inspectors</MarginalNote><Label>18</Label><Subsection><Label>(1)</Label><Text>Subject to subsection (1.1), an inspector may at any reasonable time</Text><Paragraph><Label>(a)</Label><Text>enter any place in which the inspector believes on reasonable grounds there is any regulated product; and</Text></Paragraph><Paragraph><Label>(b)</Label><Text>require any person to produce for inspection, or for the purpose of obtaining copies thereof or extracts therefrom, any books, records or documents relating to that product.</Text></Paragraph></Subsection><Subsection><MarginalNote>Warrant required to enter dwelling-house</MarginalNote><Label>(1.1)</Label><Text>Where any place referred to in paragraph (1)(a) is a dwelling-house, an inspector may not enter that dwelling-house without the consent of the occupant except under the authority of a warrant issued under subsection (1.2).</Text></Subsection><Subsection><MarginalNote>Authority to issue warrant</MarginalNote><Label>(1.2)</Label><Text>Where on <Language xml:lang="la">ex parte</Language> application a justice of the peace is satisfied by information on oath</Text><Paragraph><Label>(a)</Label><Text>that the conditions for entry described in paragraph (1)(a) exist in relation to a dwelling-house,</Text></Paragraph><Paragraph><Label>(b)</Label><Text>that entry to the dwelling-house is necessary for any purpose relating to the administration or enforcement of this Act, and</Text></Paragraph><Paragraph><Label>(c)</Label><Text>that entry to the dwelling-house has been refused or that there are reasonable grounds for believing that entry thereto will be refused,</Text></Paragraph><ContinuedSectionSubsection><Text>the justice of the peace may issue a warrant under his hand authorizing the inspector named therein to enter that dwelling-house subject to such conditions as may be specified in the warrant.</Text></ContinuedSectionSubsection></Subsection><Subsection><MarginalNote>Use of force</MarginalNote><Label>(1.3)</Label><Text>In executing a warrant issued under subsection (1.2), the inspector named therein shall not use force unless the inspector is accompanied by a peace officer and the use of force has been specifically authorized in the warrant.</Text></Subsection><Subsection><MarginalNote>Assistance to inspectors</MarginalNote><Label>(2)</Label><Text>The owner or persons in charge of any place referred to in subsection (1) and every person found in that place shall give the inspector all reasonable assistance to enable the inspector to carry out his duties and functions under this Act and shall furnish the inspector with any information he may reasonably require with respect to any regulated product found in that place.</Text></Subsection><HistoricalNote>R.S., 1985, c. C-15, s. 18; R.S., 1985, c. 31 (1st Supp.), s. 4.</HistoricalNote></Section><Section><MarginalNote>Obstruction and false statements</MarginalNote><Label>19</Label><Text>No person shall obstruct or hinder, or make any false or misleading statement either orally or in writing to, an inspector engaged in carrying out his duties or functions under this Act or any regulation made under this Act.</Text><HistoricalNote>R.S., c. C-7, s. 20.</HistoricalNote></Section><Heading level="1"><TitleText>Offences and Punishment</TitleText></Heading><Section><MarginalNote>Contravention of Act or regulations</MarginalNote><Label>20</Label><Subsection><Label>(1)</Label><Text>Every person who, or whose employee or agent, contravenes or fails to comply with any provision of this Act or any regulation made under this Act is guilty of an offence and liable</Text><Paragraph><Label>(a)</Label><Text>on summary conviction to a fine not exceeding five hundred dollars or to imprisonment for a term not exceeding six months or to both; or</Text></Paragraph><Paragraph><Label>(b)</Label><Text>on conviction on indictment to a fine not exceeding two thousand dollars or to imprisonment for a term not exceeding one year or to both.</Text></Paragraph></Subsection><Subsection><MarginalNote>Offence by employee or agent</MarginalNote><Label>(2)</Label><Text>In a prosecution for an offence under this section it is sufficient proof of the offence to establish that it was committed by an employee or agent of the accused, whether or not the employee or agent is identified.</Text></Subsection><Subsection><MarginalNote>Defence</MarginalNote><Label>(3)</Label><Text>Where it is established in any prosecution for an offence under this section that the offence was committed by an employee or agent of the accused, it is a defence to the accused that he exercised all due diligence to prevent the commission of the offence.</Text></Subsection><Subsection><MarginalNote>Injunction</MarginalNote><Label>(4)</Label><Text>The Commission may, with the approval of the Attorney General of Canada, seek injunctive relief in any court of competent jurisdiction, where the Commission believes on reasonable grounds that a person or their employee or agent has failed to comply with any provision of this Act or any regulation.</Text></Subsection><HistoricalNote>R.S., 1985, c. C-15, s. 20; 1995, c. 23, s. 8.</HistoricalNote></Section><Heading level="1"><TitleText>General</TitleText></Heading><Section><MarginalNote>Inclusion of dairy product on Import Control List</MarginalNote><Label>21</Label><Text>The Governor in Council may include on the Import Control List established under the <XRefExternal reference-type="act">Export and Import Permits Act</XRefExternal> any dairy product the import of which the Governor in Council deems it necessary to control for the purpose of implementing any action taken under this Act to support the price of that dairy product or that has the effect of supporting the price of that dairy product.</Text><HistoricalNote>R.S., c. C-7, s. 17.</HistoricalNote></Section></Body><Schedule id="RelatedProvs"><ScheduleFormHeading type="amending"><TitleText>RELATED PROVISIONS</TitleText></ScheduleFormHeading><BillPiece><Heading level="5" style="nifrp"><TitleText>
                    — 2006, c. 9, s. 242</TitleText></Heading><Section><MarginalNote>Transitional — Chairman</MarginalNote><Label>242</Label><Text>On the day on which this section comes into force, the person occupying the position of Chairman of the Canadian Dairy Commission ceases to occupy that position and becomes the Chief Executive Officer of the Commission as if appointed to that position under section 3 of the <XRefExternal reference-type="act">Canadian Dairy Commission Act</XRefExternal> for a period equal to the remainder of the person’s term of office as Chairman.</Text></Section></BillPiece></Schedule></Statute>