﻿<?xml version="1.0" encoding="utf-8"?><!--Arbortext, Inc., 1988-2004, v.4002--><!DOCTYPE Statute PUBLIC "-//Justice Canada//DTD Statute v2.0.0//EN" "Dtd/Version_2.0.0/Statute/Statute.dtd"><Statute bill-origin="commons" bill-type="govt-public" xml:lang="en" in-force="yes"><Identification><BillNumber>C-43</BillNumber><Parliament><Session>2</Session><Number>41</Number><RegnalYear><Year-s>62-63</Year-s><Monarch>Elizabeth II</Monarch></RegnalYear><Year-s>2013-2014</Year-s></Parliament><LongTitle>An Act to establish the Canadian High Arctic Research Station</LongTitle><ShortTitle status="official">Canadian High Arctic Research Station Act</ShortTitle><RunningHead>Canadian High Arctic Research Station</RunningHead><BillHistory><Stages stage="consolidation"><Date><YYYY>2018</YYYY><MM>08</MM><DD>20</DD></Date></Stages><Stages stage="assented-to"><Date><YYYY>2014</YYYY><MM>12</MM><DD>16</DD></Date></Stages></BillHistory><Chapter><ConsolidatedNumber official="no">C-17.8</ConsolidatedNumber><AnnualStatuteId><AnnualStatuteNumber>39, s. 145</AnnualStatuteNumber><YYYY>2014</YYYY></AnnualStatuteId></Chapter><ReaderNote><Note status="editorial">[Enacted by section 145 of chapter 39 of the Statutes of Canada, 2014, in force June 1, 2015, <Emphasis style="italic">see</Emphasis> SI/2015-36.]</Note></ReaderNote></Identification><Introduction><Enacts><Provision format-ref="indent-0-0" language-align="yes" list-item="no"><Text /></Provision></Enacts></Introduction><Body><Heading level="1"><TitleText>Short Title</TitleText></Heading><Section><MarginalNote>Short title</MarginalNote><Label>1</Label><Text>This Act may be cited as the <XRefExternal reference-type="act">Canadian High Arctic Research Station Act</XRefExternal>.</Text></Section><Heading level="1"><TitleText>Interpretation</TitleText></Heading><Section><MarginalNote>Definitions</MarginalNote><Label>2</Label><Text>The following definitions apply in this Act.</Text><Definition><Text><DefinedTermEn>Arctic</DefinedTermEn>, when used in relation to Canada, means those parts of Canada</Text><Paragraph><Label>(a)</Label><Text>north of sixty degrees north latitude; or</Text></Paragraph><Paragraph><Label>(b)</Label><Text>south of sixty degrees north latitude but north of the southern limit of the discontinuous permafrost zone. (<DefinedTermFr>Arctique</DefinedTermFr>)</Text></Paragraph></Definition><Definition><Text><DefinedTermEn>Board</DefinedTermEn> means the Board of Directors of CHARS. (<DefinedTermFr>conseil</DefinedTermFr>)</Text></Definition><Definition><Text><DefinedTermEn>CHARS</DefinedTermEn> means the Canadian High Arctic Research Station established by subsection <XRefInternal>4</XRefInternal>(1). (<DefinedTermFr>SCREA</DefinedTermFr>)</Text></Definition><Definition><Text><DefinedTermEn>immovable</DefinedTermEn> has the same meaning as in section 2 of the <XRefExternal reference-type="act">Federal Real Property and Federal Immovables Act</XRefExternal>. (<DefinedTermFr>immeuble</DefinedTermFr>)</Text></Definition><Definition><Text><DefinedTermEn>Minister</DefinedTermEn> means the Minister designated under section <XRefInternal>3</XRefInternal>. (<DefinedTermFr>ministre</DefinedTermFr>)</Text></Definition><Definition><Text><DefinedTermEn>real property</DefinedTermEn> has the same meaning as in section 2 of the <XRefExternal reference-type="act">Federal Real Property and Federal Immovables Act</XRefExternal>. (<DefinedTermFr>biens réels</DefinedTermFr>)</Text></Definition><HistoricalNote>2014, c. 39, s. 145 “2”; 2018, c. 12, s. 247.</HistoricalNote></Section><Heading level="1"><TitleText>Designation</TitleText></Heading><Section><MarginalNote>Designation of Minister</MarginalNote><Label>3</Label><Text>The Governor in Council may, by order, designate any federal minister to be the Minister referred to in this Act.</Text></Section><Heading level="1"><TitleText>CHARS Established</TitleText></Heading><Section><MarginalNote>CHARS established</MarginalNote><Label>4</Label><Subsection><Label>(1)</Label><Text>A corporation is established to be called the Canadian High Arctic Research Station.</Text></Subsection><Subsection><MarginalNote>Agent of Her Majesty</MarginalNote><Label>(2)</Label><Text>CHARS is for all its purposes an agent of Her Majesty in right of Canada and it may exercise its powers only as an agent of Her Majesty.</Text></Subsection></Section><Heading level="1"><TitleText>Purpose</TitleText></Heading><Section><MarginalNote>Purpose</MarginalNote><Label>5</Label><Text>The purpose of CHARS is to</Text><Paragraph><Label>(a)</Label><Text>advance knowledge of the Canadian Arctic in order to improve economic opportunities, environmental stewardship and the quality of life of its residents and all other Canadians;</Text></Paragraph><Paragraph><Label>(b)</Label><Text>promote the development and dissemination of knowledge of the other circumpolar regions, including the Antarctic;</Text></Paragraph><Paragraph><Label>(c)</Label><Text>strengthen Canada’s leadership on Arctic issues; and</Text></Paragraph><Paragraph><Label>(d)</Label><Text>establish a hub for scientific research in the Canadian Arctic.</Text></Paragraph></Section><Heading level="1"><TitleText>Powers and Functions</TitleText></Heading><Section><MarginalNote>CHARS — functions</MarginalNote><Label>6</Label><Subsection><Label>(1)</Label><Text>In carrying out its purpose, CHARS is to</Text><Paragraph><Label>(a)</Label><Text>undertake scientific research and develop technology;</Text></Paragraph><Paragraph><Label>(b)</Label><Text>plan, direct, manage and implement programs and projects relating to scientific research and the development of technology;</Text></Paragraph><Paragraph><Label>(c)</Label><Text>promote the testing, application, transfer, diffusion and commercialization of technology;</Text></Paragraph><Paragraph><Label>(d)</Label><Text>encourage integration across disciplines and activities;</Text></Paragraph><Paragraph><Label>(e)</Label><Text>publish and disseminate studies, reports and other documents;</Text></Paragraph><Paragraph><Label>(f)</Label><Text>complement national and international networks of expertise and of facilities; and</Text></Paragraph><Paragraph><Label>(g)</Label><Text>perform any other functions that the Minister assigns to it.</Text></Paragraph></Subsection><Subsection><MarginalNote>CHARS — powers</MarginalNote><Label>(2)</Label><Text>In carrying out its purpose, CHARS may</Text><Paragraph><Label>(a)</Label><Text>construct, manage and operate research facilities and systems;</Text></Paragraph><Paragraph><Label>(b)</Label><Text>spend any money that it receives through the conduct of its operations, in the fiscal year in which the money is received or in subsequent fiscal years;</Text></Paragraph><Paragraph><Label>(c)</Label><Text>provide services and facilities to any department, board or agency of the Government of Canada, or to any other government or any organization or person;</Text></Paragraph><Paragraph><Label>(d)</Label><Text>make recoverable expenditures on behalf of any department, board or agency of the Government of Canada, or on behalf of any other government or any organization or person;</Text></Paragraph><Paragraph><Label>(e)</Label><Text>license, assign, sell or otherwise make available, and receive fees, royalties and payment for, any patent, copyright, industrial design, trademark, trade secret or other similar property right held, controlled or administered by CHARS;</Text></Paragraph><Paragraph><Label>(f)</Label><Text>enter into contracts, agreements, memoranda of understanding or other arrangements in the name of Her Majesty in right of Canada or of CHARS;</Text></Paragraph><Paragraph><Label>(g)</Label><Text>lease personal property or movables, acquire any money, securities or other personal property or movables, including by purchase, gift or bequest or legacy, and — subject to any terms of the acquisition — spend or invest the money or securities;</Text></Paragraph><Paragraph><Label>(h)</Label><Text>acquire real property or immovables, have the administration of the real property or immovables or acquire a <DefinitionRef>licence</DefinitionRef> as defined in section 2 of the <XRefExternal reference-type="act">Federal Real Property and Federal Immovables Act</XRefExternal>;</Text></Paragraph><Paragraph><Label>(i)</Label><Text>as lessor, lease any personal property or movables referred to in paragraph (g) or dispose by any means of property or movables acquired under that paragraph, subject to any terms on which the property or movables were acquired;</Text></Paragraph><Paragraph><Label>(j)</Label><Text>subject to any terms on which the real property or immovables were acquired, dispose of any real property or immovables or give a licence as defined in section 2 of the <XRefExternal reference-type="act">Federal Real Property and Federal Immovables Act</XRefExternal>; and</Text></Paragraph><Paragraph><Label>(k)</Label><Text>undertake any other activities that the Board considers conducive to the furtherance of CHARS’s purpose and to the performance of its functions and exercise of its powers.</Text></Paragraph></Subsection><Subsection><MarginalNote>Approval of Governor in Council</MarginalNote><Label>(3)</Label><Text>Despite paragraphs (2)(h) and (j), CHARS may acquire or dispose of real property or immovables only with the approval of the Governor in Council.</Text></Subsection><Subsection><MarginalNote>Exception</MarginalNote><Label>(4)</Label><Text>Subsection (3) does not apply to any</Text><Paragraph><Label>(a)</Label><Text>lease of real property or of an immovable; or</Text></Paragraph><Paragraph><Label>(b)</Label><Text>disposition to a public utility or municipality of an easement or any other interest in real property, other than a fee simple, or of a servitude or any other immovable real right, other than the ownership of an immovable, if the disposition is necessary for the utility or municipality to carry out its activities, including the construction or maintenance of a public work.</Text></Paragraph><Paragraph><Label>(c)</Label><Text><Repealed>[Repealed, 2018, c. 12, s. 248]</Repealed></Text></Paragraph></Subsection><Subsection><MarginalNote>Property of Her Majesty</MarginalNote><Label>(5)</Label><Text>Property acquired by CHARS is property of Her Majesty in right of Canada and title to it may be held in the name of Her Majesty in right of Canada or of CHARS.</Text></Subsection><Subsection><MarginalNote>Transfer of administration</MarginalNote><Label>(6)</Label><Text>Paragraph 16(1)(g) of the <XRefExternal reference-type="act">Federal Real Property and Federal Immovables Act</XRefExternal> applies to CHARS as if it were an <DefinitionRef>agent corporation</DefinitionRef> as defined in that Act.</Text></Subsection><HistoricalNote>2014, c. 39, s. 145 “6”; 2018, c. 12, s. 248.</HistoricalNote></Section><Section><MarginalNote>Minister</MarginalNote><Label>7</Label><Subsection><Label>(1)</Label><Text>The Minister may refer matters relating to Arctic science and technology to CHARS for its consideration.</Text></Subsection><Subsection><MarginalNote>Advice</MarginalNote><Label>(2)</Label><Text>CHARS must advise the Minister in respect of any matter that is referred to it under subsection (1).</Text></Subsection><Subsection><MarginalNote>Reports</MarginalNote><Label>(3)</Label><Text>The Minister may require CHARS to provide him or her with reports on its activities and operations, and may make such a report available to the public.</Text></Subsection></Section><Heading level="1"><TitleText>Board of Directors</TitleText></Heading><Section><MarginalNote>Oversight of CHARS</MarginalNote><Label>8</Label><Subsection><Label>(1)</Label><Text>The organization and administration of CHARS are to be overseen by a Board of Directors consisting of nine members, including a Chairperson and a Vice-chairperson. The members of the Board are to be appointed by the Governor in Council to hold office on a part-time basis.</Text></Subsection><Subsection><MarginalNote>Approval of plans and budgets</MarginalNote><Label>(2)</Label><Text>The Board’s oversight function includes approving CHARS’s science and technology plan as well as annual workplans and budgets referred to in subsection <XRefInternal>17</XRefInternal>(2).</Text></Subsection><Subsection><MarginalNote>Qualifications of members</MarginalNote><Label>(3)</Label><Text>Persons appointed to the Board must have knowledge or experience that will assist CHARS in carrying out its purpose, having regard to the ethnic, linguistic and regional diversity of Canada’s Arctic.</Text></Subsection></Section><Section><MarginalNote>Terms of office</MarginalNote><Label>9</Label><Subsection><Label>(1)</Label><Text>Members of the Board are appointed to hold office during pleasure for terms of up to five years.</Text></Subsection><Subsection><MarginalNote>Reappointment</MarginalNote><Label>(2)</Label><Text>A member of the Board is eligible for reappointment for a second term of office in the same or another capacity.</Text></Subsection></Section><Section><MarginalNote>Remuneration</MarginalNote><Label>10</Label><Text>Members of the Board are to be paid the remuneration that is fixed by the Governor in Council.</Text></Section><Section><MarginalNote>Expenses</MarginalNote><Label>11</Label><Text>Members of the Board are entitled to be paid reasonable travel and living expenses while absent from their ordinary place of residence in the course of their duties under this Act.</Text></Section><Heading level="1"><TitleText>Chairperson</TitleText></Heading><Section><MarginalNote>Chairperson’s role</MarginalNote><Label>12</Label><Text>The Chairperson presides over meetings of the Board and performs any other duties that are assigned by the Board.</Text></Section><Section><MarginalNote>Acting Chairperson</MarginalNote><Label>13</Label><Text>In the event of the absence or incapacity of the Chairperson, or a vacancy in that office, the Vice-chairperson acts as Chairperson.</Text></Section><Heading level="1"><TitleText>President of CHARS</TitleText></Heading><Section><MarginalNote>Appointment of President</MarginalNote><Label>14</Label><Subsection><Label>(1)</Label><Text>The President of CHARS is to be appointed by the Governor in Council to hold office during pleasure on a full-time basis for a term of up to five years.</Text></Subsection><Subsection><MarginalNote>Reappointment</MarginalNote><Label>(2)</Label><Text>The President is eligible for reappointment for one or more further terms of office.</Text></Subsection></Section><Section><MarginalNote>Remuneration</MarginalNote><Label>15</Label><Text>The President is to be paid the remuneration that is fixed by the Governor in Council.</Text></Section><Section><MarginalNote>Expenses</MarginalNote><Label>16</Label><Text>The President is entitled to be paid reasonable travel and living expenses while absent from his or her ordinary place of work in the course of his or her duties under this Act.</Text></Section><Section><MarginalNote>President’s role</MarginalNote><Label>17</Label><Subsection><Label>(1)</Label><Text>The President is the chief executive officer of CHARS and is responsible for its day-to-day management and direction.</Text></Subsection><Subsection><MarginalNote>Plans and budgets</MarginalNote><Label>(2)</Label><Text>The President must submit to the Board for approval</Text><Paragraph><Label>(a)</Label><Text>CHARS’s science and technology plan, which must be submitted at intervals of five years or less; and</Text></Paragraph><Paragraph><Label>(b)</Label><Text>annual workplans and budgets.</Text></Paragraph></Subsection></Section><Section><MarginalNote>Acting President</MarginalNote><Label>18</Label><Subsection><Label>(1)</Label><Text>In the event of the absence or incapacity of the President, or a vacancy in that office, the Board must appoint an employee of CHARS to act as President.</Text></Subsection><Subsection><MarginalNote>Maximum acting period</MarginalNote><Label>(2)</Label><Text>However, the acting President may act as President for longer than 90 days only with the approval of the Governor in Council.</Text></Subsection></Section><Heading level="1"><TitleText>Human Resources</TitleText></Heading><Section><MarginalNote>Authority</MarginalNote><Label>19</Label><Subsection><Label>(1)</Label><Text>CHARS has authority over all matters relating to human resources management, including the determination of the terms and conditions of employment of its employees.</Text></Subsection><Subsection><MarginalNote>Supervision of CHARS employees</MarginalNote><Label>(2)</Label><Text>The President is to exercise supervision over and direction of the activities of the employees of CHARS.</Text></Subsection></Section><Section><MarginalNote>Human resources management</MarginalNote><Label>20</Label><Text>CHARS may, in the exercise of its authority in relation to human resources management,</Text><Paragraph><Label>(a)</Label><Text>determine its requirements with respect to human resources and provide for the allocation and effective utilization of human resources;</Text></Paragraph><Paragraph><Label>(b)</Label><Text>provide for the classification of CHARS positions;</Text></Paragraph><Paragraph><Label>(c)</Label><Text>determine and regulate the pay to which its employees are entitled for services rendered, the hours of work and leave of those employees and any related matters;</Text></Paragraph><Paragraph><Label>(d)</Label><Text>determine and regulate the payments that may be made to its employees by way of reimbursement for travel or other expenses and by way of allowances in respect of expenses and conditions arising out of their employment; and</Text></Paragraph><Paragraph><Label>(e)</Label><Text>take any other measures that CHARS considers necessary for effective human resources management.</Text></Paragraph></Section><Section><MarginalNote>CHARS’s power to appoint</MarginalNote><Label>21</Label><Text>CHARS has the exclusive right and authority to appoint any employees that it considers necessary for carrying out its purpose.</Text></Section><Section><MarginalNote>Mobility to departments</MarginalNote><Label>22</Label><Subsection><Label>(1)</Label><Text>For the purpose of deployments or appointments made, or advertised internal appointment processes, under the <XRefExternal reference-type="act">Public Service Employment Act</XRefExternal>, employees of CHARS must be treated as if they were employees within the meaning of that Act and had the rights of recourse provided by that Act.</Text></Subsection><Subsection><MarginalNote>When deployments made subject to terms</MarginalNote><Label>(2)</Label><Text>The Public Service Commission may, in consultation with the President of the Treasury Board, set terms and conditions for the deployment of CHARS’s employees to departments and agencies under the <XRefExternal reference-type="act">Public Service Employment Act</XRefExternal> if, in the opinion of the Commission, the principles governing CHARS’s staffing program are incompatible with those governing staffing under that Act.</Text></Subsection><Subsection><MarginalNote>Mobility to CHARS</MarginalNote><Label>(3)</Label><Text>When CHARS considers employees within the meaning of the <XRefExternal reference-type="act">Public Service Employment Act</XRefExternal> for employment within CHARS, it must treat them as if they were employees of CHARS and had the rights of recourse of CHARS’s employees.</Text></Subsection></Section><Section><MarginalNote>Public Service Commission review</MarginalNote><Label>23</Label><Text>The Public Service Commission may periodically review the compatibility of the principles governing CHARS’s staffing program with those governing staffing under the <XRefExternal reference-type="act">Public Service Employment Act</XRefExternal> and may report its findings in its annual report.</Text></Section><Section><MarginalNote>Political activities</MarginalNote><Label>24</Label><Text>Part 7 of the <XRefExternal reference-type="act">Public Service Employment Act</XRefExternal> applies to the President and employees of CHARS. For the purposes of that Part, the President is deemed to be a deputy head as defined in subsection 2(1) of that Act and the employees of CHARS are deemed to be employees as defined in that subsection.</Text></Section><Heading level="1"><TitleText>Offices and Meetings</TitleText></Heading><Section><MarginalNote>Head office and other offices</MarginalNote><Label>25</Label><Text>CHARS’s head office is to be in Cambridge Bay, Nunavut. The Board may establish other offices elsewhere in Canada that it considers necessary for carrying out CHARS’s purpose.</Text></Section><Section><MarginalNote>Meetings</MarginalNote><Label>26</Label><Subsection><Label>(1)</Label><Text>Subject to subsection (2), the Board must meet at least three times in each year at the times and places that the Chairperson selects.</Text></Subsection><Subsection><MarginalNote>Northern meetings</MarginalNote><Label>(2)</Label><Text>At least one of the Board’s meetings in each year must be held at CHARS’s head office.</Text></Subsection></Section><Section><MarginalNote>Committees</MarginalNote><Label>27</Label><Text>The Board may appoint advisory or other committees. Each committee must include at least one person who is a member of the Board.</Text></Section><Heading level="1"><TitleText>Bylaws</TitleText></Heading><Section><MarginalNote>Bylaws</MarginalNote><Label>28</Label><Text>The Board may make bylaws for the administration, management and control of the property, business and activities of CHARS, including bylaws</Text><Paragraph><Label>(a)</Label><Text>respecting the constitution of any committees appointed under section <XRefInternal>27</XRefInternal> and the roles and duties of those committees;</Text></Paragraph><Paragraph><Label>(b)</Label><Text>fixing reasonable allowances or expenses for those appointed to a committee under section <XRefInternal>27</XRefInternal> who are not members of the Board; and</Text></Paragraph><Paragraph><Label>(c)</Label><Text>respecting the procedure at meetings of the Board and its committees.</Text></Paragraph></Section><Heading level="1"><TitleText>General</TitleText></Heading><Section><MarginalNote>Inventions</MarginalNote><Label>29</Label><Text>Despite section 9 of the <XRefExternal reference-type="act">Public Servants Inventions Act</XRefExternal>, the administration and control of any invention made by an officer or employee of CHARS and vested in Her Majesty by that Act, and any patent issued with respect to the invention, are vested in CHARS.</Text></Section><Section><MarginalNote>Proceedings</MarginalNote><Label>30</Label><Text>Actions, suits or other legal proceedings in respect of any right or obligation acquired or incurred by CHARS on behalf of Her Majesty in right of Canada, whether in its name or in the name of Her Majesty, may be brought or taken by or against CHARS in the name of CHARS in any court that has jurisdiction with respect to the subject-matter of the claim.</Text></Section></Body><Schedule id="RelatedProvs"><ScheduleFormHeading type="amending"><TitleText>RELATED PROVISIONS</TitleText></ScheduleFormHeading><BillPiece><Heading level="5" style="nifrp"><TitleText>
                    — 2014, c. 39, s. 146</TitleText></Heading><Section><MarginalNote>Definitions</MarginalNote><Label>146</Label><Text>The following definitions apply in this section and in sections <XRefInternal>147</XRefInternal> to <XRefInternal>156</XRefInternal>.</Text><Definition><Text><DefinedTermEn>CHARS</DefinedTermEn> means the Canadian High Arctic Research Station established by subsection 4(1) of the <XRefExternal reference-type="act">Canadian High Arctic Research Station Act</XRefExternal>, enacted by section <XRefInternal>145</XRefInternal>. (<DefinedTermFr>SCREA</DefinedTermFr>)</Text></Definition><Definition><Text><DefinedTermEn>Commission</DefinedTermEn> means the Canadian Polar Commission established by section 3 of the <XRefExternal reference-type="act">Canadian Polar Commission Act</XRefExternal>, as that section read immediately before section <XRefInternal>169</XRefInternal> comes into force. (<DefinedTermFr>Commission</DefinedTermFr>)</Text></Definition></Section><Heading level="5" style="nifrp"><TitleText>
                    — 2014, c. 39, s. 147</TitleText></Heading><Section><MarginalNote>Board of Directors of Commission</MarginalNote><Label>147</Label><Text>Despite subsection 8(1) of the <XRefExternal reference-type="act">Canadian High Arctic Research Station Act</XRefExternal>, enacted by section <XRefInternal>145</XRefInternal>, the persons who, immediately before the day on which section <XRefInternal>145</XRefInternal> comes into force, held the office of Vice-Chairperson or other member of the Board of Directors of the Commission — other than the office of Chairperson of that Board — hold the office, beginning on that day, of Vice-chairperson or other member of the Board of Directors of CHARS, respectively, until the expiry of their appointment, their removal from office or their resignation.</Text></Section><Heading level="5" style="nifrp"><TitleText>
                    — 2014, c. 39, s. 148</TitleText></Heading><Section><MarginalNote>Employment — Commission</MarginalNote><Label>148</Label><Text>Nothing in this Division is to be construed as affecting the status of any person who, immediately before the day on which section <XRefInternal>145</XRefInternal> comes into force, occupied a position in the Commission, except that the person, beginning on that day, occupies their position in CHARS.</Text></Section><Heading level="5" style="nifrp"><TitleText>
                    — 2014, c. 39, s. 149</TitleText></Heading><Section><MarginalNote>Employment — Arctic Science and Technology Directorate</MarginalNote><Label>149</Label><Text>Nothing in this Division is to be construed as affecting the status of any person who, immediately before the day on which this section comes into force, occupied a position in the portion of the Department of Indian Affairs and Northern Development known as the Arctic Science and Technology Directorate, except that the person, beginning on that day, occupies their position in CHARS.</Text></Section><Heading level="5" style="nifrp"><TitleText>
                    — 2014, c. 39, s. 150</TitleText></Heading><Section><MarginalNote>Commission’s actions deemed CHARS’s</MarginalNote><Label>150</Label><Text>Everything done, or purported to have been done, by the Commission or its Board of Directors before the day on which section <XRefInternal>145</XRefInternal> comes into force is deemed, on that day, to have been done by CHARS or its Board of Directors, respectively.</Text></Section><Heading level="5" style="nifrp"><TitleText>
                    — 2014, c. 39, s. 151</TitleText></Heading><Section><MarginalNote>References — Commission</MarginalNote><Label>151</Label><Text>Every reference to the Commission in any deed, contract, agreement or other document is, beginning on the day on which section <XRefInternal>145</XRefInternal> comes into force, to be read as a reference to CHARS unless the context otherwise requires.</Text></Section><Heading level="5" style="nifrp"><TitleText>
                    — 2014, c. 39, s. 152</TitleText></Heading><Section><MarginalNote>Transfer of rights, property and obligations — Commission</MarginalNote><Label>152</Label><Text>All rights, personal property or movables and real property or immovables of the Commission and all obligations of the Commission are transferred to CHARS on the day on which section <XRefInternal>145</XRefInternal> comes into force.</Text></Section><Heading level="5" style="nifrp"><TitleText>
                    — 2014, c. 39, s. 153</TitleText></Heading><Section><MarginalNote>Commencement of legal proceedings</MarginalNote><Label>153</Label><Text>Every action, suit or other legal proceeding in respect of an obligation or liability incurred by the Commission may, beginning on the day on which section <XRefInternal>145</XRefInternal> comes into force, be brought against CHARS.</Text></Section><Heading level="5" style="nifrp"><TitleText>
                    — 2014, c. 39, s. 154</TitleText></Heading><Section><MarginalNote>Continuation of legal proceedings</MarginalNote><Label>154</Label><Text>In every action, suit or other legal proceeding to which the Commission is party that is pending in any court immediately before the day on which section <XRefInternal>145</XRefInternal> comes into force, CHARS takes the place of the Commission as party on that day, and, beginning on that day, the action, suit or proceeding may be continued by or against CHARS in the same manner and to the same extent as it could have been continued by or against the Commission.</Text></Section><Heading level="5" style="nifrp"><TitleText>
                    — 2014, c. 39, s. 155</TitleText></Heading><Section><MarginalNote>Transfer of appropriations — Commission</MarginalNote><Label>155</Label><Text>Any amount that is appropriated by an Act of Parliament for the fiscal year in which section <XRefInternal>145</XRefInternal> comes into force to defray the charges and expenses of the Commission and that is unexpended on the day on which that section comes into force is deemed, on that day, to be an amount appropriated to defray the charges and expenses of CHARS.</Text></Section><Heading level="5" style="nifrp"><TitleText>
                    — 2014, c. 39, s. 156</TitleText></Heading><Section><MarginalNote>Transfer of appropriations — Arctic Science and Technology Directorate</MarginalNote><Label>156</Label><Text>Any amount that is appropriated by an Act of Parliament for the fiscal year in which this section comes into force to defray the charges and expenses of the Department of Indian Affairs and Northern Development related to the portion of that Department known as the Arctic Science and Technology Directorate and that is unexpended on the day on which this section comes into force is deemed, on that day, to be an amount appropriated to defray the charges and expenses of CHARS.</Text></Section></BillPiece></Schedule></Statute>