﻿<?xml version="1.0" encoding="utf-8"?><!DOCTYPE Statute PUBLIC "-//Justice Canada//DTD Statute v2.0.0//EN" "Dtd/Version_2.0.0/Statute/Statute.dtd"><Statute bill-origin="commons" bill-type="govt-public" xml:lang="en" in-force="yes"><Identification><LongTitle>An Act to establish the Canadian Security Intelligence Service</LongTitle><ShortTitle status="official">Canadian Security Intelligence Service Act</ShortTitle><RunningHead>Canadian Security Intelligence Service</RunningHead><BillHistory><Stages stage="consolidation"><Date><YYYY>2018</YYYY><MM>08</MM><DD>20</DD></Date></Stages></BillHistory><Chapter><ConsolidatedNumber official="yes">C-23</ConsolidatedNumber></Chapter></Identification><Body><Heading level="1"><TitleText>Short Title</TitleText></Heading><Section><MarginalNote>Short title</MarginalNote><Label>1</Label><Text>This Act may be cited as the <XRefExternal reference-type="act">Canadian Security Intelligence Service Act</XRefExternal>.</Text><HistoricalNote>1984, c. 21, s. 1.</HistoricalNote></Section><Heading level="1"><TitleText>Interpretation</TitleText></Heading><Section><MarginalNote>Definitions</MarginalNote><Label>2</Label><Text>In this Act,</Text><Definition><MarginalNote><DefinedTermEn>department</DefinedTermEn></MarginalNote><MarginalNote><DefinedTermFr>ministère</DefinedTermFr></MarginalNote><Text><DefinedTermEn>department</DefinedTermEn>, in relation to the government of Canada or of a province, includes</Text><Paragraph><Label>(a)</Label><Text>any portion of a department of the Government of Canada or of the province, and</Text></Paragraph><Paragraph><Label>(b)</Label><Text>any Ministry of State, institution or other body of the Government of Canada or of the province or any portion thereof;</Text></Paragraph></Definition><Definition><MarginalNote><DefinedTermEn>Deputy Minister</DefinedTermEn></MarginalNote><MarginalNote><DefinedTermFr>sous-ministre</DefinedTermFr></MarginalNote><Text><DefinedTermEn>Deputy Minister</DefinedTermEn> means the Deputy Minister of Public Safety and Emergency Preparedness and includes any person acting for or on behalf of the Deputy Minister of Public Safety and Emergency Preparedness;</Text></Definition><Definition><MarginalNote><DefinedTermEn>Director</DefinedTermEn></MarginalNote><MarginalNote><DefinedTermFr>directeur</DefinedTermFr></MarginalNote><Text><DefinedTermEn>Director</DefinedTermEn> means the Director of the Service;</Text></Definition><Definition><MarginalNote><DefinedTermEn>employee</DefinedTermEn></MarginalNote><MarginalNote><DefinedTermFr>employé</DefinedTermFr></MarginalNote><Text><DefinedTermEn>employee</DefinedTermEn> means a person who is appointed as an employee of the Service pursuant to subsection 8(1) or has become an employee of the Service pursuant to subsection 66(1) of the <XRefExternal reference-type="act">Canadian Security Intelligence Service Act</XRefExternal>, chapter 21 of the Statutes of Canada, 1984, and includes a person who is attached or seconded to the Service as an employee;</Text></Definition><Definition><MarginalNote><DefinedTermEn>foreign state</DefinedTermEn></MarginalNote><MarginalNote><DefinedTermFr>État étranger</DefinedTermFr></MarginalNote><Text><DefinedTermEn>foreign state</DefinedTermEn> means any state other than Canada;</Text></Definition><Definition><MarginalNote><DefinedTermEn>human source</DefinedTermEn></MarginalNote><MarginalNote><DefinedTermFr>source humaine</DefinedTermFr></MarginalNote><Text><DefinedTermEn>human source</DefinedTermEn> means an individual who, after having received a promise of confidentiality, has provided, provides or is likely to provide information to the Service;</Text></Definition><Definition><Text><DefinedTermEn>Inspector General</DefinedTermEn><Repealed>[Repealed, 2012, c. 19, s. 378]</Repealed></Text></Definition><Definition><MarginalNote><DefinedTermEn>intercept</DefinedTermEn></MarginalNote><MarginalNote><DefinedTermFr>intercepter</DefinedTermFr></MarginalNote><Text><DefinedTermEn>intercept</DefinedTermEn> has the same meaning as in section 183 of the <XRefExternal reference-type="act">Criminal Code</XRefExternal>;</Text></Definition><Definition><MarginalNote><DefinedTermEn>judge</DefinedTermEn></MarginalNote><MarginalNote><DefinedTermFr>juge</DefinedTermFr></MarginalNote><Text><DefinedTermEn>judge</DefinedTermEn> means a judge of the Federal Court designated by the Chief Justice thereof for the purposes of this Act;</Text></Definition><Definition><MarginalNote><DefinedTermEn>Minister</DefinedTermEn></MarginalNote><MarginalNote><DefinedTermFr>ministre</DefinedTermFr></MarginalNote><Text><DefinedTermEn>Minister</DefinedTermEn> means the Minister of Public Safety and Emergency Preparedness;</Text></Definition><Definition><MarginalNote><DefinedTermEn>place</DefinedTermEn></MarginalNote><MarginalNote><DefinedTermFr>lieux</DefinedTermFr></MarginalNote><Text><DefinedTermEn>place</DefinedTermEn> includes any conveyance;</Text></Definition><Definition><MarginalNote><DefinedTermEn>Review Committee</DefinedTermEn></MarginalNote><MarginalNote><DefinedTermFr>comité de surveillance</DefinedTermFr></MarginalNote><Text><DefinedTermEn>Review Committee</DefinedTermEn> means the Security Intelligence Review Committee established by subsection 34(1);</Text></Definition><Definition><MarginalNote><DefinedTermEn>security assessment</DefinedTermEn></MarginalNote><MarginalNote><DefinedTermFr>évaluation de sécurité</DefinedTermFr></MarginalNote><Text><DefinedTermEn>security assessment</DefinedTermEn> means an appraisal of the loyalty to Canada and, so far as it relates thereto, the reliability of an individual;</Text></Definition><Definition><MarginalNote><DefinedTermEn>Service</DefinedTermEn></MarginalNote><MarginalNote><DefinedTermFr>Service</DefinedTermFr></MarginalNote><Text><DefinedTermEn>Service</DefinedTermEn> means the Canadian Security Intelligence Service established by subsection 3(1);</Text></Definition><Definition><MarginalNote><DefinedTermEn>threats to the security of Canada</DefinedTermEn></MarginalNote><MarginalNote><DefinedTermFr>menaces envers la sécurité du Canada</DefinedTermFr></MarginalNote><Text><DefinedTermEn>threats to the security of Canada</DefinedTermEn> means</Text><Paragraph><Label>(a)</Label><Text>espionage or sabotage that is against Canada or is detrimental to the interests of Canada or activities directed toward or in support of such espionage or sabotage,</Text></Paragraph><Paragraph><Label>(b)</Label><Text>foreign influenced activities within or relating to Canada that are detrimental to the interests of Canada and are clandestine or deceptive or involve a threat to any person,</Text></Paragraph><Paragraph><Label>(c)</Label><Text>activities within or relating to Canada directed toward or in support of the threat or use of acts of serious violence against persons or property for the purpose of achieving a political, religious or ideological objective within Canada or a foreign state, and</Text></Paragraph><Paragraph><Label>(d)</Label><Text>activities directed toward undermining by covert unlawful acts, or directed toward or intended ultimately to lead to the destruction or overthrow by violence of, the constitutionally established system of government in Canada,</Text></Paragraph><ContinuedDefinition><Text>but does not include lawful advocacy, protest or dissent, unless carried on in conjunction with any of the activities referred to in paragraphs (a) to (d).</Text></ContinuedDefinition></Definition><HistoricalNote>R.S., 1985, c. C-23, s. 2; 2001, c. 41, s. 89; 2005, c. 10, s. 13; 2012, c. 19, s. 378; 2015, c. 9, s. 2.</HistoricalNote></Section><Heading level="1"><Label>PART I</Label><TitleText>Canadian Security Intelligence Service</TitleText></Heading><Heading level="2"><TitleText>Establishment of Service</TitleText></Heading><Section><MarginalNote>Establishment of Service</MarginalNote><Label>3</Label><Subsection><Label>(1)</Label><Text>The Canadian Security Intelligence Service is hereby established, consisting of the Director and employees of the Service.</Text></Subsection><Subsection><MarginalNote>Principal office</MarginalNote><Label>(2)</Label><Text>The principal office of the Service shall be in the National Capital Region described in the schedule to the <XRefExternal reference-type="act">National Capital Act</XRefExternal>.</Text></Subsection><Subsection><MarginalNote>Other offices</MarginalNote><Label>(3)</Label><Text>The Director may, with the approval of the Minister, establish other offices of the Service elsewhere in Canada.</Text></Subsection><HistoricalNote>1984, c. 21, s. 3.</HistoricalNote></Section><Heading level="2"><TitleText>Director</TitleText></Heading><Section><MarginalNote>Appointment</MarginalNote><Label>4</Label><Subsection><Label>(1)</Label><Text>The Governor in Council shall appoint the Director of the Service.</Text></Subsection><Subsection><MarginalNote>Term of office</MarginalNote><Label>(2)</Label><Text>The Director shall be appointed to hold office during pleasure for a term not exceeding five years.</Text></Subsection><Subsection><MarginalNote>Re-appointment</MarginalNote><Label>(3)</Label><Text>Subject to subsection (4), the Director is eligible, on the expiration of a first or any subsequent term of office, to be re-appointed for a further term not exceeding five years.</Text></Subsection><Subsection><MarginalNote>Limitation</MarginalNote><Label>(4)</Label><Text>No person shall hold office as Director for terms exceeding ten years in the aggregate.</Text></Subsection><Subsection><MarginalNote>Absence or incapacity</MarginalNote><Label>(5)</Label><Text>In the event of the absence or incapacity of the Director, or if the office of Director is vacant, the Governor in Council may appoint another person to hold office instead of the Director for a term not exceeding six months, and that person shall, while holding that office, have all of the powers, duties and functions of the Director under this Act or any other Act of Parliament and be paid such salary or other remuneration and expenses as may be fixed by the Governor in Council.</Text></Subsection><HistoricalNote>1984, c. 21, s. 4.</HistoricalNote></Section><Section><MarginalNote>Salary and expenses</MarginalNote><Label>5</Label><Subsection><Label>(1)</Label><Text>The Director is entitled to be paid a salary to be fixed by the Governor in Council and shall be paid reasonable travel and living expenses incurred by the Director in the performance of duties and functions under this Act.</Text></Subsection><Subsection><MarginalNote>Pension benefits</MarginalNote><Label>(2)</Label><Text>The provisions of the <XRefExternal reference-type="act">Public Service Superannuation Act</XRefExternal>, other than those relating to tenure of office, apply to the Director, except that a person appointed as Director from outside the public service, as defined in the <XRefExternal reference-type="act">Public Service Superannuation Act</XRefExternal>, may, by notice in writing given to the President of the Treasury Board not more than sixty days after the date of appointment, elect to participate in the pension plan provided by the <XRefExternal reference-type="act">Diplomatic Service (Special) Superannuation Act</XRefExternal>, in which case the provisions of that Act, other than those relating to tenure of office, apply to the Director from the date of appointment and the provisions of the <XRefExternal reference-type="act">Public Service Superannuation Act</XRefExternal> do not apply.</Text></Subsection><HistoricalNote>R.S., 1985, c. C-23, s. 5; 2003, c. 22, s. 225(E).</HistoricalNote></Section><Heading level="2"><TitleText>Management of Service</TitleText></Heading><Section><MarginalNote>Role of Director</MarginalNote><Label>6</Label><Subsection><Label>(1)</Label><Text>The Director, under the direction of the Minister, has the control and management of the Service and all matters connected therewith.</Text></Subsection><Subsection><MarginalNote>Minister may issue directions</MarginalNote><Label>(2)</Label><Text>In providing the direction referred to in subsection (1), the Minister may issue to the Director written directions with respect to the Service and a copy of any such direction shall, forthwith after it is issued, be given to the Review Committee.</Text></Subsection><Subsection><MarginalNote>Directions deemed not to be statutory instruments</MarginalNote><Label>(3)</Label><Text>Directions issued by the Minister under subsection (2) shall be deemed not to be statutory instruments for the purposes of the <XRefExternal reference-type="act">Statutory Instruments Act</XRefExternal>.</Text></Subsection><Subsection><MarginalNote>Periodic reports by Director</MarginalNote><Label>(4)</Label><Text>The Director shall, in relation to every 12-month period or any lesser period that is specified by the Minister, submit to the Minister, at any times that the Minister specifies, reports with respect to the Service’s operational activities during that period, and shall cause the Review Committee to be given a copy of each such report.</Text></Subsection><Subsection><MarginalNote>Measures to reduce threats to the security of Canada</MarginalNote><Label>(5)</Label><Text>The reports shall include, among other things, the following information in respect of the Service’s operational activities, during the period for which the report is made, to reduce threats to the security of Canada:</Text><Paragraph><Label>(a)</Label><Text>for each of the paragraphs of the definition <DefinedTermEn>threats to the security of Canada</DefinedTermEn> in section 2, a general description of the measures that were taken during the period in respect of the threat within the meaning of that paragraph and the number of those measures;</Text></Paragraph><Paragraph><Label>(b)</Label><Text>the number of warrants issued under subsection 21.1(3) during the period and the number of applications for warrants made under subsection 21.1(1) that were refused during the period; and</Text></Paragraph><Paragraph><Label>(c)</Label><Text>for each threat to the security of Canada for which warrants have been issued under subsection 21.1(3) before or during the period, a general description of the measures that were taken under the warrants during the period.</Text></Paragraph></Subsection><HistoricalNote>R.S., 1985, c. C-23, s. 6; 2012, c. 19, s. 379; 2015, c. 20, s. 40.</HistoricalNote></Section><Section><MarginalNote>Consultation with Deputy Minister</MarginalNote><Label>7</Label><Subsection><Label>(1)</Label><Text>The Director shall consult the Deputy Minister on</Text><Paragraph><Label>(a)</Label><Text>the general operational policies of the Service; and</Text></Paragraph><Paragraph><Label>(b)</Label><Text>any matter with respect to which consultation is required by directions issued under subsection 6(2).</Text></Paragraph></Subsection><Subsection><MarginalNote>Consultation with Deputy Minister — warrant</MarginalNote><Label>(2)</Label><Text>The Director or any employee who is designated by the Minister for the purpose of applying for a warrant under section 21, 21.1 or 23 shall consult the Deputy Minister before applying for the warrant or the renewal of the warrant.</Text></Subsection><Subsection><MarginalNote>Advice by Deputy Minister</MarginalNote><Label>(3)</Label><Text>The Deputy Minister shall advise the Minister with respect to directions issued under subsection 6(2) or that should, in the opinion of the Deputy Minister, be issued under that subsection.</Text></Subsection><HistoricalNote>R.S., 1985, c. C-23, s. 7; 2015, c. 20, s. 41.</HistoricalNote></Section><Section><MarginalNote>Powers and functions of Director</MarginalNote><Label>8</Label><Subsection><Label>(1)</Label><Text>Notwithstanding the <XRefExternal reference-type="act">Financial Administration Act</XRefExternal> and the <XRefExternal reference-type="act">Public Service Employment Act</XRefExternal>, the Director has exclusive authority to appoint employees and, in relation to the human resources management of employees, other than persons attached or seconded to the Service as employees,</Text><Paragraph><Label>(a)</Label><Text>to provide for the terms and conditions of their employment; and</Text></Paragraph><Paragraph><Label>(b)</Label><Text>subject to the regulations,</Text><Subparagraph><Label>(i)</Label><Text>to exercise the powers and perform the functions of the Treasury Board relating to human resources management under the <XRefExternal reference-type="act">Financial Administration Act</XRefExternal>, and</Text></Subparagraph><Subparagraph><Label>(ii)</Label><Text>to exercise the powers and perform the functions assigned to the Public Service Commission by or pursuant to the <XRefExternal reference-type="act">Public Service Employment Act</XRefExternal>.</Text></Subparagraph></Paragraph></Subsection><Subsection><MarginalNote>Discipline and grievances of employees</MarginalNote><Label>(2)</Label><Text>Notwithstanding the <XRefExternal reference-type="act">Federal Public Sector Labour Relations Act</XRefExternal> but subject to subsection (3) and the regulations, the Director may establish procedures respecting the conduct and discipline of, and the presentation, consideration and adjudication of grievances in relation to, employees, other than persons attached or seconded to the Service as employees.</Text></Subsection><Subsection><MarginalNote>Adjudication of employee grievances</MarginalNote><Label>(3)</Label><Text>When a grievance is referred to adjudication, the adjudication shall not be heard or determined by any person, other than a full-time member of the Federal Public Sector Labour Relations and Employment Board referred to in subsection 4(1) of the <XRefExternal reference-type="act">Federal Public Sector Labour Relations and Employment Board Act</XRefExternal>.</Text></Subsection><Subsection><MarginalNote>Regulations</MarginalNote><Label>(4)</Label><Text>The Governor in Council may make regulations</Text><Paragraph><Label>(a)</Label><Text>governing the exercise of the powers and the performance of the duties and functions of the Director referred to in subsection (1); and</Text></Paragraph><Paragraph><Label>(b)</Label><Text>in relation to employees to whom subsection (2) applies, governing their conduct and discipline and the presentation, consideration and adjudication of grievances.</Text></Paragraph></Subsection><HistoricalNote>R.S., 1985, c. C-23, s. 8; 2003, c. 22, ss. 143, 234; 2013, c. 40, s. 449; 2017, c. 9, ss. 42, 55.</HistoricalNote></Section><Section><MarginalNote>Process for resolution of disputes of support staff</MarginalNote><Label>9</Label><Subsection><Label>(1)</Label><Text>Notwithstanding the <XRefExternal reference-type="act">Federal Public Sector Labour Relations Act</XRefExternal>,</Text><Paragraph><Label>(a)</Label><Text>the process for resolution of a dispute applicable to employees of the Service in a bargaining unit determined for the purposes of that Act is by the referral of the dispute to arbitration; and</Text></Paragraph><Paragraph><Label>(b)</Label><Text>the process for resolution of a dispute referred to in paragraph (a) shall not be altered pursuant to that Act.</Text></Paragraph></Subsection><Subsection><MarginalNote><XRefExternal reference-type="act">Public Service Superannuation Act</XRefExternal></MarginalNote><Label>(2)</Label><Text>Employees of the Service shall be deemed to be employed in the public service for the purposes of the <XRefExternal reference-type="act">Public Service Superannuation Act</XRefExternal>.</Text></Subsection><HistoricalNote>R.S., 1985, c. C-23, s. 9; 2003, c. 22, ss. 144(E), 225(E); 2017, c. 9, s. 55.</HistoricalNote></Section><Section><Label>9.1</Label><Text><Repealed>[Repealed, 2003, c. 22, s. 145]</Repealed></Text></Section><Section><MarginalNote>Oaths</MarginalNote><Label>10</Label><Text>The Director and every employee shall, before commencing the duties of office, take an oath of allegiance and the oaths set out in the schedule.</Text><HistoricalNote>1984, c. 21, s. 10.</HistoricalNote></Section><Section><MarginalNote>Certificate</MarginalNote><Label>11</Label><Text>A certificate purporting to be issued by or under the authority of the Director and stating that the person to whom it is issued is an employee or is a person, or a person included in a class of persons, to whom a warrant issued under section 21 or 23 is directed is evidence of the statements contained therein and is admissible in evidence without proof of the signature or official character of the person purporting to have issued it.</Text><HistoricalNote>1984, c. 21, s. 11.</HistoricalNote></Section><Heading level="2"><TitleText>Duties and Functions of Service</TitleText></Heading><Section><MarginalNote>Collection, analysis and retention</MarginalNote><Label>12</Label><Subsection><Label>(1)</Label><Text>The Service shall collect, by investigation or otherwise, to the extent that it is strictly necessary, and analyse and retain information and intelligence respecting activities that may on reasonable grounds be suspected of constituting threats to the security of Canada and, in relation thereto, shall report to and advise the Government of Canada.</Text></Subsection><Subsection><MarginalNote>No territorial limit</MarginalNote><Label>(2)</Label><Text>For greater certainty, the Service may perform its duties and functions under subsection (1) within or outside Canada.</Text></Subsection><HistoricalNote>R.S., 1985, c. C-23, s. 12; 2015, c. 9, s. 3.</HistoricalNote></Section><Section><MarginalNote>Measures to reduce threats to the security of Canada</MarginalNote><Label>12.1</Label><Subsection><Label>(1)</Label><Text>If there are reasonable grounds to believe that a particular activity constitutes a threat to the security of Canada, the Service may take measures, within or outside Canada, to reduce the threat.</Text></Subsection><Subsection><MarginalNote>Limits</MarginalNote><Label>(2)</Label><Text>The measures shall be reasonable and proportional in the circumstances, having regard to the nature of the threat, the nature of the measures and the reasonable availability of other means to reduce the threat.</Text></Subsection><Subsection><MarginalNote>Warrant</MarginalNote><Label>(3)</Label><Text>The Service shall not take measures to reduce a threat to the security of Canada if those measures will contravene a right or freedom guaranteed by the <XRefExternal reference-type="act">Canadian Charter of Rights and Freedoms</XRefExternal> or will be contrary to other Canadian law, unless the Service is authorized to take them by a warrant issued under section 21.1.</Text></Subsection><Subsection><MarginalNote>Clarification</MarginalNote><Label>(4)</Label><Text>For greater certainty, nothing in subsection (1) confers on the Service any law enforcement power.</Text></Subsection><HistoricalNote>2015, c. 20, s. 42.</HistoricalNote></Section><Section><MarginalNote>Prohibited conduct</MarginalNote><Label>12.2</Label><Subsection><Label>(1)</Label><Text>In taking measures to reduce a threat to the security of Canada, the Service shall not</Text><Paragraph><Label>(a)</Label><Text>cause, intentionally or by criminal negligence, death or bodily harm to an individual;</Text></Paragraph><Paragraph><Label>(b)</Label><Text>wilfully attempt in any manner to obstruct, pervert or defeat the course of justice; or</Text></Paragraph><Paragraph><Label>(c)</Label><Text>violate the sexual integrity of an individual.</Text></Paragraph></Subsection><Subsection><MarginalNote>Definition of <DefinedTermEn>bodily harm</DefinedTermEn></MarginalNote><Label>(2)</Label><Text>In subsection (1), <DefinedTermEn>bodily harm</DefinedTermEn> has the same meaning as in section 2 of the <XRefExternal reference-type="act">Criminal Code</XRefExternal>.</Text></Subsection><HistoricalNote>2015, c. 20, s. 42.</HistoricalNote></Section><Section><MarginalNote>Security assessments</MarginalNote><Label>13</Label><Subsection><Label>(1)</Label><Text>The Service may provide security assessments to departments of the Government of Canada.</Text></Subsection><Subsection><MarginalNote>Arrangements with provinces</MarginalNote><Label>(2)</Label><Text>The Service may, with the approval of the Minister, enter into an arrangement with</Text><Paragraph><Label>(a)</Label><Text>the government of a province or any department thereof, or</Text></Paragraph><Paragraph><Label>(b)</Label><Text>any police force in a province, with the approval of the Minister responsible for policing in the province,</Text></Paragraph><ContinuedSectionSubsection><Text>authorizing the Service to provide security assessments.</Text></ContinuedSectionSubsection></Subsection><Subsection><MarginalNote>Arrangements with foreign states</MarginalNote><Label>(3)</Label><Text>The Service may, with the approval of the Minister after consultation by the Minister with the Minister of Foreign Affairs, enter into an arrangement with the government of a foreign state or an institution thereof or an international organization of states or an institution thereof authorizing the Service to provide the government, institution or organization with security assessments.</Text></Subsection><HistoricalNote>R.S., 1985, c. C-23, s. 13; 1995, c. 5, s. 25.</HistoricalNote></Section><Section><MarginalNote>Advice to Ministers</MarginalNote><Label>14</Label><Text>The Service may</Text><Paragraph><Label>(a)</Label><Text>advise any minister of the Crown on matters relating to the security of Canada, or</Text></Paragraph><Paragraph><Label>(b)</Label><Text>provide any minister of the Crown with information relating to security matters or criminal activities,</Text></Paragraph><ContinuedSectionSubsection><Text>that is relevant to the exercise of any power or the performance of any duty or function by that Minister under the <XRefExternal reference-type="act">Citizenship Act</XRefExternal> or the <XRefExternal reference-type="act">Immigration and Refugee Protection Act</XRefExternal>.</Text></ContinuedSectionSubsection><HistoricalNote>R.S., 1985, c. C-23, s. 14; 2001, c. 27, s. 223.</HistoricalNote></Section><Section><MarginalNote>Investigations</MarginalNote><Label>15</Label><Subsection><Label>(1)</Label><Text>The Service may conduct such investigations as are required for the purpose of providing security assessments pursuant to section 13 or advice pursuant to section 14.</Text></Subsection><Subsection><MarginalNote>No territorial limit</MarginalNote><Label>(2)</Label><Text>For greater certainty, the Service may conduct the investigations referred to in subsection (1) within or outside Canada.</Text></Subsection><HistoricalNote>R.S., 1985, c. C-23, s. 15; 2015, c. 9, s. 4.</HistoricalNote></Section><Section><MarginalNote>Collection of information concerning foreign states and persons</MarginalNote><Label>16</Label><Subsection><Label>(1)</Label><Text>Subject to this section, the Service may, in relation to the defence of Canada or the conduct of the international affairs of Canada, assist the Minister of National Defence or the Minister of Foreign Affairs, within Canada, in the collection of information or intelligence relating to the capabilities, intentions or activities of</Text><Paragraph><Label>(a)</Label><Text>any foreign state or group of foreign states; or</Text></Paragraph><Paragraph><Label>(b)</Label><Text>any person other than</Text><Subparagraph><Label>(i)</Label><Text>a Canadian citizen,</Text></Subparagraph><Subparagraph><Label>(ii)</Label><Text>a permanent resident within the meaning of subsection 2(1) of the <XRefExternal reference-type="act">Immigration and Refugee Protection Act</XRefExternal>, or</Text></Subparagraph><Subparagraph><Label>(iii)</Label><Text>a corporation incorporated by or under an Act of Parliament or of the legislature of a province.</Text></Subparagraph></Paragraph></Subsection><Subsection><MarginalNote>Limitation</MarginalNote><Label>(2)</Label><Text>The assistance provided pursuant to subsection (1) shall not be directed at any person referred to in subparagraph (1)(b)(i), (ii) or (iii).</Text></Subsection><Subsection><MarginalNote>Personal consent of Ministers required</MarginalNote><Label>(3)</Label><Text>The Service shall not perform its duties and functions under subsection (1) unless it does so</Text><Paragraph><Label>(a)</Label><Text>on the personal request in writing of the Minister of National Defence or the Minister of Foreign Affairs; and</Text></Paragraph><Paragraph><Label>(b)</Label><Text>with the personal consent in writing of the Minister.</Text></Paragraph></Subsection><HistoricalNote>R.S., 1985, c. C-23, s. 16; 1995, c. 5, s. 25; 2001, c. 27, s. 224; 2015, c. 3, s. 34(F), c. 9, s. 5(F).</HistoricalNote></Section><Section><MarginalNote>Cooperation</MarginalNote><Label>17</Label><Subsection><Label>(1)</Label><Text>For the purpose of performing its duties and functions under this Act, the Service may,</Text><Paragraph><Label>(a)</Label><Text>with the approval of the Minister, enter into an arrangement or otherwise cooperate with</Text><Subparagraph><Label>(i)</Label><Text>any department of the Government of Canada or the government of a province or any department thereof, or</Text></Subparagraph><Subparagraph><Label>(ii)</Label><Text>any police force in a province, with the approval of the Minister responsible for policing in the province; or</Text></Subparagraph></Paragraph><Paragraph><Label>(b)</Label><Text>with the approval of the Minister after consultation by the Minister with the Minister of Foreign Affairs, enter into an arrangement or otherwise cooperate with the government of a foreign state or an institution thereof or an international organization of states or an institution thereof.</Text></Paragraph></Subsection><Subsection><MarginalNote>Copies of arrangements to Review Committee</MarginalNote><Label>(2)</Label><Text>Where a written arrangement is entered into pursuant to subsection (1) or subsection 13(2) or (3), a copy thereof shall be given forthwith to the Review Committee.</Text></Subsection><HistoricalNote>R.S., 1985, c. C-23, s. 17; 1995, c. 5, s. 25.</HistoricalNote></Section><Section><MarginalNote>Offence to disclose identity</MarginalNote><Label>18</Label><Subsection><Label>(1)</Label><Text>Subject to subsection (2), no person shall knowingly disclose any information that they obtained or to which they had access in the course of the performance of their duties and functions under this Act or their participation in the administration or enforcement of this Act and from which could be inferred the identity of an employee who was, is or is likely to become engaged in covert operational activities of the Service or the identity of a person who was an employee engaged in such activities.</Text></Subsection><Subsection><MarginalNote>Exceptions</MarginalNote><Label>(2)</Label><Text>A person may disclose information referred to in subsection (1) for the purposes of the performance of duties and functions under this Act or any other Act of Parliament or the administration or enforcement of this Act or as required by any other law or in the circumstances described in any of paragraphs 19(2)(a) to (d).</Text></Subsection><Subsection><MarginalNote>Offence</MarginalNote><Label>(3)</Label><Text>Every one who contravenes subsection (1)</Text><Paragraph><Label>(a)</Label><Text>is guilty of an indictable offence and liable to imprisonment for a term not exceeding five years; or</Text></Paragraph><Paragraph><Label>(b)</Label><Text>is guilty of an offence punishable on summary conviction.</Text></Paragraph></Subsection><HistoricalNote>R.S., 1985, c. C-23, s. 18; 2015, c. 9, s. 6.</HistoricalNote></Section><Section><MarginalNote>Purpose of section — human sources</MarginalNote><Label>18.1</Label><Subsection><Label>(1)</Label><Text>The purpose of this section is to ensure that the identity of human sources is kept confidential in order to protect their life and security and to encourage individuals to provide information to the Service.</Text></Subsection><Subsection><MarginalNote>Prohibition on disclosure</MarginalNote><Label>(2)</Label><Text>Subject to subsections (3) and (8), no person shall, in a proceeding before a court, person or body with jurisdiction to compel the production of information, disclose the identity of a human source or any information from which the identity of a human source could be inferred.</Text></Subsection><Subsection><MarginalNote>Exception — consent</MarginalNote><Label>(3)</Label><Text>The identity of a human source or information from which the identity of a human source could be inferred may be disclosed in a proceeding referred to in subsection (2) if the human source and the Director consent to the disclosure of that information.</Text></Subsection><Subsection><MarginalNote>Application to judge</MarginalNote><Label>(4)</Label><Text>A party to a proceeding referred to in subsection (2), an <Language xml:lang="la">amicus curiae</Language> who is appointed in respect of the proceeding or a person who is appointed to act as a special advocate if the proceeding is under the <XRefExternal reference-type="act">Immigration and Refugee Protection Act</XRefExternal> may apply to a judge for one of the following orders if it is relevant to the proceeding:</Text><Paragraph><Label>(a)</Label><Text>an order declaring that an individual is not a human source or that information is not information from which the identity of a human source could be inferred; or</Text></Paragraph><Paragraph><Label>(b)</Label><Text>if the proceeding is a prosecution of an offence, an order declaring that the disclosure of the identity of a human source or information from which the identity of a human source could be inferred is essential to establish the accused’s innocence and that it may be disclosed in the proceeding.</Text></Paragraph></Subsection><Subsection><MarginalNote>Contents and service of application</MarginalNote><Label>(5)</Label><Text>The application and the applicant’s affidavit deposing to the facts relied on in support of the application shall be filed in the Registry of the Federal Court. The applicant shall, without delay after the application and affidavit are filed, serve a copy of them on the Attorney General of Canada.</Text></Subsection><Subsection><MarginalNote>Attorney General of Canada</MarginalNote><Label>(6)</Label><Text>Once served, the Attorney General of Canada is deemed to be a party to the application.</Text></Subsection><Subsection><MarginalNote>Hearing</MarginalNote><Label>(7)</Label><Text>The hearing of the application shall be held in private and in the absence of the applicant and their counsel, unless the judge orders otherwise.</Text></Subsection><Subsection><MarginalNote>Order — disclosure to establish innocence</MarginalNote><Label>(8)</Label><Text>If the judge grants an application made under paragraph (4)(b), the judge may order the disclosure that the judge considers appropriate subject to any conditions that the judge specifies.</Text></Subsection><Subsection><MarginalNote>Effective date of order</MarginalNote><Label>(9)</Label><Text>If the judge grants an application made under subsection (4), any order made by the judge does not take effect until the time provided to appeal the order has expired or, if the order is appealed and is confirmed, until either the time provided to appeal the judgement confirming the order has expired or all rights of appeal have been exhausted.</Text></Subsection><Subsection><MarginalNote>Confidentiality</MarginalNote><Label>(10)</Label><Text>The judge shall ensure the confidentiality of the following:</Text><Paragraph><Label>(a)</Label><Text>the identity of any human source and any information from which the identity of a human source could be inferred; and</Text></Paragraph><Paragraph><Label>(b)</Label><Text>information and other evidence provided in respect of the application if, in the judge’s opinion, its disclosure would be injurious to national security or endanger the safety of any person.</Text></Paragraph></Subsection><Subsection><MarginalNote>Confidentiality on appeal</MarginalNote><Label>(11)</Label><Text>In the case of an appeal, subsection (10) applies, with any necessary modifications, to the court to which the appeal is taken.</Text></Subsection><HistoricalNote>2015, c. 9, s. 7.</HistoricalNote></Section><Section><MarginalNote>Authorized disclosure of information</MarginalNote><Label>19</Label><Subsection><Label>(1)</Label><Text>Information obtained in the performance of the duties and functions of the Service under this Act shall not be disclosed by the Service except in accordance with this section.</Text></Subsection><Subsection><MarginalNote>Idem</MarginalNote><Label>(2)</Label><Text>The Service may disclose information referred to in subsection (1) for the purposes of the performance of its duties and functions under this Act or the administration or enforcement of this Act or as required by any other law and may also disclose such information,</Text><Paragraph><Label>(a)</Label><Text>where the information may be used in the investigation or prosecution of an alleged contravention of any law of Canada or a province, to a peace officer having jurisdiction to investigate the alleged contravention and to the Attorney General of Canada and the Attorney General of the province in which proceedings in respect of the alleged contravention may be taken;</Text></Paragraph><Paragraph><Label>(b)</Label><Text>where the information relates to the conduct of the international affairs of Canada, to the Minister of Foreign Affairs or a person designated by the Minister of Foreign Affairs for the purpose;</Text></Paragraph><Paragraph><Label>(c)</Label><Text>where the information is relevant to the defence of Canada, to the Minister of National Defence or a person designated by the Minister of National Defence for the purpose; or</Text></Paragraph><Paragraph><Label>(d)</Label><Text>where, in the opinion of the Minister, disclosure of the information to any minister of the Crown or person in the federal public administration is essential in the public interest and that interest clearly outweighs any invasion of privacy that could result from the disclosure, to that minister or person.</Text></Paragraph></Subsection><Subsection><MarginalNote>Report to Review Committee</MarginalNote><Label>(3)</Label><Text>The Director shall, as soon as practicable after a disclosure referred to in paragraph (2)(d) is made, submit a report to the Review Committee with respect to the disclosure.</Text></Subsection><HistoricalNote>R.S., 1985, c. C-23, s. 19; 1995, c. 5, s. 25; 2003, c. 22, s. 224(E).</HistoricalNote></Section><Section><MarginalNote>Protection of employees</MarginalNote><Label>20</Label><Subsection><Label>(1)</Label><Text>The Director and employees have, in performing the duties and functions of the Service under this Act, the same protection under the law as peace officers have in performing their duties and functions as peace officers.</Text></Subsection><Subsection><MarginalNote>Unlawful conduct</MarginalNote><Label>(2)</Label><Text>If the Director is of the opinion that an employee may, on a particular occasion, have acted unlawfully in the purported performance of the duties and functions of the Service under this Act, the Director shall cause to be submitted a report in respect thereof to the Minister.</Text></Subsection><Subsection><MarginalNote>Report and comments to Attorney General of Canada</MarginalNote><Label>(3)</Label><Text>The Minister shall cause to be given to the Attorney General of Canada a copy of any report that he receives pursuant to subsection (2), together with any comment that he considers appropriate in the circumstances.</Text></Subsection><Subsection><MarginalNote>Copies to Review Committee</MarginalNote><Label>(4)</Label><Text>A copy of anything given to the Attorney General of Canada pursuant to subsection (3) shall be given forthwith to the Review Committee.</Text></Subsection><HistoricalNote>1984, c. 21, s. 20.</HistoricalNote></Section><Heading level="1"><Label>PART II</Label><TitleText>Judicial Control</TitleText></Heading><Section><MarginalNote>Application for warrant</MarginalNote><Label>21</Label><Subsection><Label>(1)</Label><Text>If the Director or any employee designated by the Minister for the purpose believes, on reasonable grounds, that a warrant under this section is required to enable the Service to investigate, within or outside Canada, a threat to the security of Canada or to perform its duties and functions under section 16, the Director or employee may, after having obtained the Minister’s approval, make an application in accordance with subsection (2) to a judge for a warrant under this section.</Text></Subsection><Subsection><MarginalNote>Matters to be specified in application for warrant</MarginalNote><Label>(2)</Label><Text>An application to a judge under subsection (1) shall be made in writing and be accompanied by an affidavit of the applicant deposing to the following matters, namely,</Text><Paragraph><Label>(a)</Label><Text>the facts relied on to justify the belief, on reasonable grounds, that a warrant under this section is required to enable the Service to investigate a threat to the security of Canada or to perform its duties and functions under section 16;</Text></Paragraph><Paragraph><Label>(b)</Label><Text>that other investigative procedures have been tried and have failed or why it appears that they are unlikely to succeed, that the urgency of the matter is such that it would be impractical to carry out the investigation using only other investigative procedures or that without a warrant under this section it is likely that information of importance with respect to the threat to the security of Canada or the performance of the duties and functions under section 16 referred to in paragraph (a) would not be obtained;</Text></Paragraph><Paragraph><Label>(c)</Label><Text>the type of communication proposed to be intercepted, the type of information, records, documents or things proposed to be obtained and the powers referred to in paragraphs (3)(a) to (c) proposed to be exercised for that purpose;</Text></Paragraph><Paragraph><Label>(d)</Label><Text>the identity of the person, if known, whose communication is proposed to be intercepted or who has possession of the information, record, document or thing proposed to be obtained;</Text></Paragraph><Paragraph><Label>(e)</Label><Text>the persons or classes of persons to whom the warrant is proposed to be directed;</Text></Paragraph><Paragraph><Label>(f)</Label><Text>a general description of the place where the warrant is proposed to be executed, if a general description of that place can be given;</Text></Paragraph><Paragraph><Label>(g)</Label><Text>the period, not exceeding sixty days or one year, as the case may be, for which the warrant is requested to be in force that is applicable by virtue of subsection (5); and</Text></Paragraph><Paragraph><Label>(h)</Label><Text>any previous application made under subsection (1) in relation to a person who is identified in the affidavit in accordance with paragraph (d), the date on which each such application was made, the name of the judge to whom it was made and the judge’s decision on it.</Text></Paragraph></Subsection><Subsection><MarginalNote>Issuance of warrant</MarginalNote><Label>(3)</Label><Text>Notwithstanding any other law but subject to the <XRefExternal reference-type="act">Statistics Act</XRefExternal>, where the judge to whom an application under subsection (1) is made is satisfied of the matters referred to in paragraphs (2)(a) and (b) set out in the affidavit accompanying the application, the judge may issue a warrant authorizing the persons to whom it is directed to intercept any communication or obtain any information, record, document or thing and, for that purpose,</Text><Paragraph><Label>(a)</Label><Text>to enter any place or open or obtain access to any thing;</Text></Paragraph><Paragraph><Label>(b)</Label><Text>to search for, remove or return, or examine, take extracts from or make copies of or record in any other manner the information, record, document or thing; or</Text></Paragraph><Paragraph><Label>(c)</Label><Text>to install, maintain or remove any thing.</Text></Paragraph></Subsection><Subsection><MarginalNote>Activities outside Canada</MarginalNote><Label>(3.1)</Label><Text>Without regard to any other law, including that of any foreign state, a judge may, in a warrant issued under subsection (3), authorize activities outside Canada to enable the Service to investigate a threat to the security of Canada.</Text></Subsection><Subsection><MarginalNote>Matters to be specified in warrant</MarginalNote><Label>(4)</Label><Text>There shall be specified in a warrant issued under subsection (3)</Text><Paragraph><Label>(a)</Label><Text>the type of communication authorized to be intercepted, the type of information, records, documents or things authorized to be obtained and the powers referred to in paragraphs (3)(a) to (c) authorized to be exercised for that purpose;</Text></Paragraph><Paragraph><Label>(b)</Label><Text>the identity of the person, if known, whose communication is to be intercepted or who has possession of the information, record, document or thing to be obtained;</Text></Paragraph><Paragraph><Label>(c)</Label><Text>the persons or classes of persons to whom the warrant is directed;</Text></Paragraph><Paragraph><Label>(d)</Label><Text>a general description of the place where the warrant may be executed, if a general description of that place can be given;</Text></Paragraph><Paragraph><Label>(e)</Label><Text>the period for which the warrant is in force; and</Text></Paragraph><Paragraph><Label>(f)</Label><Text>such terms and conditions as the judge considers advisable in the public interest.</Text></Paragraph></Subsection><Subsection><MarginalNote>Maximum duration of warrant</MarginalNote><Label>(5)</Label><Text>A warrant shall not be issued under subsection (3) for a period exceeding</Text><Paragraph><Label>(a)</Label><Text>sixty days where the warrant is issued to enable the Service to investigate a threat to the security of Canada within the meaning of paragraph (d) of the definition of that expression in section 2; or</Text></Paragraph><Paragraph><Label>(b)</Label><Text>one year in any other case.</Text></Paragraph></Subsection><HistoricalNote>R.S., 1985, c. C-23, s. 21; 2015, c. 9, s. 8, c. 20, s. 43.</HistoricalNote></Section><Section><MarginalNote>Application for warrant — measures to reduce threats to the security of Canada</MarginalNote><Label>21.1</Label><Subsection><Label>(1)</Label><Text>If the Director or any employee who is designated by the Minister for the purpose believes on reasonable grounds that a warrant under this section is required to enable the Service to take measures, within or outside Canada, to reduce a threat to the security of Canada, the Director or employee may, after having obtained the Minister’s approval, make an application in accordance with subsection (2) to a judge for a warrant under this section.</Text></Subsection><Subsection><MarginalNote>Matters to be specified in application</MarginalNote><Label>(2)</Label><Text>An application to a judge under subsection (1) shall be made in writing and be accompanied by the applicant’s affidavit deposing to the following matters:</Text><Paragraph><Label>(a)</Label><Text>the facts relied on to justify the belief on reasonable grounds that a warrant under this section is required to enable the Service to take measures to reduce a threat to the security of Canada;</Text></Paragraph><Paragraph><Label>(b)</Label><Text>the measures proposed to be taken;</Text></Paragraph><Paragraph><Label>(c)</Label><Text>the reasonableness and proportionality, in the circumstances, of the proposed measures, having regard to the nature of the threat, the nature of the measures and the reasonable availability of other means to reduce the threat;</Text></Paragraph><Paragraph><Label>(d)</Label><Text>the identity of the persons, if known, who are directly affected by the proposed measures;</Text></Paragraph><Paragraph><Label>(e)</Label><Text>the persons or classes of persons to whom the warrant is proposed to be directed;</Text></Paragraph><Paragraph><Label>(f)</Label><Text>a general description of the place where the warrant is proposed to be executed, if a general description of that place can be given;</Text></Paragraph><Paragraph><Label>(g)</Label><Text>the period, not exceeding 60 days or 120 days, as the case may be, for which the warrant is requested to be in force that is applicable by virtue of subsection (6); and</Text></Paragraph><Paragraph><Label>(h)</Label><Text>any previous application made under subsection (1) in relation to a person who is identified in the affidavit in accordance with paragraph (d), the date on which each such application was made, the name of the judge to whom it was made and the judge’s decision on it.</Text></Paragraph></Subsection><Subsection><MarginalNote>Issuance of warrant</MarginalNote><Label>(3)</Label><Text>Despite any other law but subject to the <XRefExternal reference-type="act">Statistics Act</XRefExternal>, if the judge to whom an application under subsection (1) is made is satisfied of the matters referred to in paragraphs (2)(a) and (c) that are set out in the affidavit accompanying the application, the judge may issue a warrant authorizing the persons to whom it is directed to take the measures specified in it and, for that purpose,</Text><Paragraph><Label>(a)</Label><Text>to enter any place or open or obtain access to any thing;</Text></Paragraph><Paragraph><Label>(b)</Label><Text>to search for, remove or return, or examine, take extracts from or make copies of or record in any other manner the information, record, document or thing;</Text></Paragraph><Paragraph><Label>(c)</Label><Text>to install, maintain or remove any thing; or</Text></Paragraph><Paragraph><Label>(d)</Label><Text>to do any other thing that is reasonably necessary to take those measures.</Text></Paragraph></Subsection><Subsection><MarginalNote>Measures taken outside Canada</MarginalNote><Label>(4)</Label><Text>Without regard to any other law, including that of any foreign state, a judge may, in a warrant issued under subsection (3), authorize the measures specified in it to be taken outside Canada.</Text></Subsection><Subsection><MarginalNote>Matters to be specified in warrant</MarginalNote><Label>(5)</Label><Text>There shall be specified in a warrant issued under subsection (3)</Text><Paragraph><Label>(a)</Label><Text>the measures authorized to be taken;</Text></Paragraph><Paragraph><Label>(b)</Label><Text>the identity of the persons, if known, who are directly affected by the measures;</Text></Paragraph><Paragraph><Label>(c)</Label><Text>the persons or classes of persons to whom the warrant is directed;</Text></Paragraph><Paragraph><Label>(d)</Label><Text>a general description of the place where the warrant may be executed, if a general description of that place can be given;</Text></Paragraph><Paragraph><Label>(e)</Label><Text>the period for which the warrant is in force; and</Text></Paragraph><Paragraph><Label>(f)</Label><Text>any terms and conditions that the judge considers advisable in the public interest.</Text></Paragraph></Subsection><Subsection><MarginalNote>Maximum duration of warrant</MarginalNote><Label>(6)</Label><Text>A warrant shall not be issued under subsection (3) for a period exceeding</Text><Paragraph><Label>(a)</Label><Text>60 days if the warrant is issued to enable the Service to take measures to reduce a threat to the security of Canada within the meaning of paragraph (d) of the definition <DefinedTermEn>threats to the security of Canada</DefinedTermEn> in section 2; or</Text></Paragraph><Paragraph><Label>(b)</Label><Text>120 days in any other case.</Text></Paragraph></Subsection><HistoricalNote>2015, c. 20, s. 44.</HistoricalNote></Section><Section><MarginalNote>Renewal of warrant</MarginalNote><Label>22</Label><Text>On application in writing to a judge for the renewal of a warrant issued under subsection 21(3) made by a person entitled to apply for such a warrant after having obtained the approval of the Minister, the judge may, from time to time, renew the warrant for a period not exceeding the period for which the warrant may be issued pursuant to subsection 21(5) if satisfied by evidence on oath that</Text><Paragraph><Label>(a)</Label><Text>the warrant continues to be required to enable the Service to investigate a threat to the security of Canada or to perform its duties and functions under section 16; and</Text></Paragraph><Paragraph><Label>(b)</Label><Text>any of the matters referred to in paragraph 21(2)(b) are applicable in the circumstances.</Text></Paragraph><HistoricalNote>1984, c. 21, s. 22.</HistoricalNote></Section><Section><MarginalNote>Renewal of warrant — measures to reduce threats to the security of Canada</MarginalNote><Label>22.1</Label><Subsection><Label>(1)</Label><Text>On application in writing to a judge for the renewal of a warrant issued under subsection 21.1(3) made by a person who is entitled, after having obtained the Minister’s approval, to apply for such a warrant and who believes on reasonable grounds that the warrant continues to be required to enable the Service to take the measures specified in it to reduce a threat to the security of Canada, the judge may renew the warrant if the judge is satisfied by evidence on oath of the following matters:</Text><Paragraph><Label>(a)</Label><Text>the facts relied on to justify the belief on reasonable grounds that the warrant continues to be required to enable the Service to take the measures specified in it to reduce a threat to the security of Canada; and</Text></Paragraph><Paragraph><Label>(b)</Label><Text>the continued reasonableness and proportionality, in the circumstances, of the measures specified in the warrant, having regard to the nature of the threat, the nature of the measures and the reasonable availability of other means to reduce the threat.</Text></Paragraph></Subsection><Subsection><MarginalNote>Limits on renewal</MarginalNote><Label>(2)</Label><Text>A warrant issued under subsection 21.1(3) may be renewed only twice, with each renewal being for a period not exceeding the period for which it may be issued under subsection 21.1(6).</Text></Subsection><HistoricalNote>2015, c. 20, s. 45.</HistoricalNote></Section><Section><MarginalNote>Limits on execution of warrant</MarginalNote><Label>22.2</Label><Text>A person to whom — or a person who is included in a class of persons to whom — a warrant issued under section 21.1 is directed may take the measures specified in it only if, at the time that they take them, they believe on reasonable grounds that the measures are reasonable and proportional in the circumstances, having regard to the nature of the threat to the security of Canada, the nature of the measures and the reasonable availability of other means to reduce the threat.</Text><HistoricalNote>2015, c. 20, s. 45.</HistoricalNote></Section><Section><MarginalNote>Assistance order</MarginalNote><Label>22.3</Label><Subsection><Label>(1)</Label><Text>A judge may order any person to provide assistance if the person’s assistance may reasonably be considered to be required to give effect to a warrant issued under section 21 or 21.1.</Text></Subsection><Subsection><MarginalNote>Confidentiality</MarginalNote><Label>(2)</Label><Text>The judge may include in the order any measure that the judge considers necessary in the public interest to ensure the confidentiality of the order, including the identity of any person who is required to provide assistance under the order and any other information concerning the provision of the assistance.</Text></Subsection><HistoricalNote>2015, c. 20, s. 45.</HistoricalNote></Section><Section><MarginalNote>Warrant authorizing removal</MarginalNote><Label>23</Label><Subsection><Label>(1)</Label><Text>On application in writing by the Director or any employee who is designated by the Minister for the purpose, a judge may, if the judge thinks fit, issue a warrant authorizing the persons to whom the warrant is directed to remove from any place any thing installed in accordance with a warrant issued under subsection 21(3) or 21.1(3) and, for that purpose, to enter any place or open or obtain access to any thing.</Text></Subsection><Subsection><MarginalNote>Matters to be specified in warrant</MarginalNote><Label>(2)</Label><Text>There shall be specified in a warrant issued under subsection (1) the matters referred to in paragraphs 21(4)(c) to (f) or 21.1(5)(c) to (f), as the case may be.</Text></Subsection><HistoricalNote>R.S., 1985, c. C-23, s. 23; 2015, c. 20, s. 45.</HistoricalNote></Section><Section><MarginalNote>Warrant to have effect notwithstanding other laws</MarginalNote><Label>24</Label><Text>Notwithstanding any other law, a warrant issued under section 21 or 23</Text><Paragraph><Label>(a)</Label><Text>authorizes every person or person included in a class of persons to whom the warrant is directed,</Text><Subparagraph><Label>(i)</Label><Text>in the case of a warrant issued under section 21, to exercise the powers specified in the warrant for the purpose of intercepting communications of the type specified therein or obtaining information, records, documents or things of the type specified therein, or</Text></Subparagraph><Subparagraph><Label>(ii)</Label><Text>in the case of a warrant issued under section 23, to execute the warrant; and</Text></Subparagraph></Paragraph><Paragraph><Label>(b)</Label><Text>authorizes any other person to assist a person who that other person believes on reasonable grounds is acting in accordance with such a warrant.</Text></Paragraph><HistoricalNote>1984, c. 21, s. 24.</HistoricalNote></Section><Section><MarginalNote>Authorization to request assistance</MarginalNote><Label>24.1</Label><Subsection><Label>(1)</Label><Text>A person to whom — or a person who is included in a class of persons to whom — a warrant issued under section 21.1 is directed may request that another person assist them in taking any measure that the requester is authorized to take under the warrant if the requester believes on reasonable grounds that the measure is reasonable and proportional in the circumstances, having regard to the nature of the threat to the security of Canada, the nature of the measure and the reasonable availability of other means to reduce the threat.</Text></Subsection><Subsection><MarginalNote>Person giving assistance</MarginalNote><Label>(2)</Label><Text>A person to whom a request is made under subsection (1) is justified in assisting the requester in taking the measure if the person believes on reasonable grounds that the requester has the authority to take the measure.</Text></Subsection><HistoricalNote>2015, c. 20, s. 46.</HistoricalNote></Section><Section><MarginalNote><XRefExternal reference-type="act">Crown Liability and Proceedings Act</XRefExternal> not to apply</MarginalNote><Label>25</Label><Text>No action lies under section 18 of the <XRefExternal reference-type="act">Crown Liability and Proceedings Act</XRefExternal> in respect of</Text><Paragraph><Label>(a)</Label><Text>the use or disclosure in accordance with this Act of any communication intercepted under the authority of a warrant issued under section 21 or 21.1; or</Text></Paragraph><Paragraph><Label>(b)</Label><Text>the disclosure pursuant to this Act of the existence of any such communication.</Text></Paragraph><HistoricalNote>R.S., 1985, c. C-23, s. 25; 1993, c. 34, s. 49; 2015, c. 20, s. 47.</HistoricalNote></Section><Section><MarginalNote>Exclusion of Part VI of <XRefExternal reference-type="act">Criminal Code</XRefExternal></MarginalNote><Label>26</Label><Text>Part VI of the <XRefExternal reference-type="act">Criminal Code</XRefExternal> does not apply in relation to any interception of a communication under the authority of a warrant issued under section 21 or 21.1 or in relation to any communication so intercepted.</Text><HistoricalNote>R.S., 1985, c. C-23, s. 26; 2015, c. 20, s. 48.</HistoricalNote></Section><Section><MarginalNote>Hearing of applications</MarginalNote><Label>27</Label><Text>An application under section 21, 21.1 or 23 for a warrant, an application under section 22 or 22.1 for the renewal of a warrant or an application for an order under section 22.3 shall be heard in private in accordance with regulations made under section 28.</Text><HistoricalNote>R.S., 1985, c. C-23, s. 27; 2015, c. 20, s. 48.</HistoricalNote></Section><Section><MarginalNote>Regulations</MarginalNote><Label>28</Label><Text>The Governor in Council may make regulations</Text><Paragraph><Label>(a)</Label><Text>prescribing the forms of warrants that may be issued under section 21, 21.1 or 23;</Text></Paragraph><Paragraph><Label>(b)</Label><Text>governing the practice and procedure of, and security requirements applicable to, hearings of applications for those warrants, for renewals of those warrants and for orders that may be made under section 22.3; and</Text></Paragraph><Paragraph><Label>(c)</Label><Text>notwithstanding the <XRefExternal reference-type="act">Federal Courts Act</XRefExternal> and any rules made thereunder, specifying the places where those hearings may be held and the places where, and the manner in which, records or documents concerning those hearings shall be kept.</Text></Paragraph><HistoricalNote>R.S., 1985, c. C-23, s. 28; 2002, c. 8, s. 182; 2015, c. 20, s. 49.</HistoricalNote></Section><Heading level="1"><Label>PART III</Label><TitleText>Review</TitleText></Heading><Heading level="2"><TitleText>Interpretation</TitleText></Heading><Section><MarginalNote>Definition of <DefinedTermEn>deputy head</DefinedTermEn></MarginalNote><Label>29</Label><Text>In this Part, <DefinedTermEn>deputy head</DefinedTermEn> means, in relation to</Text><Paragraph><Label>(a)</Label><Text>a department named in Schedule I to the <XRefExternal reference-type="act">Financial Administration Act</XRefExternal>, the deputy minister thereof,</Text></Paragraph><Paragraph><Label>(b)</Label><Text>the Canadian Forces, the Chief of the Defence Staff,</Text></Paragraph><Paragraph><Label>(c)</Label><Text>the Royal Canadian Mounted Police, the Commissioner,</Text></Paragraph><Paragraph><Label>(d)</Label><Text>the Service, the Director, and</Text></Paragraph><Paragraph><Label>(e)</Label><Text>any other portion of the federal public administration, the person designated by order in council pursuant to this paragraph and for the purposes of this Part to be the deputy head of that portion of the federal public administration.</Text></Paragraph><HistoricalNote>R.S., 1985, c. C-23, s. 29; 2003, c. 22, s. 224(E).</HistoricalNote></Section><Section><Label>30</Label><Text><Repealed>[Repealed, 2012, c. 19, s. 380]</Repealed></Text></Section><Section><Label>31</Label><Text><Repealed>[Repealed, 2012, c. 19, s. 380]</Repealed></Text></Section><Section><Label>32</Label><Text><Repealed>[Repealed, 2012, c. 19, s. 380]</Repealed></Text></Section><Section><Label>33</Label><Text><Repealed>[Repealed, 2012, c. 19, s. 380]</Repealed></Text></Section><Heading level="2"><TitleText>Security Intelligence Review Committee</TitleText></Heading><Section><MarginalNote>Security Intelligence Review Committee</MarginalNote><Label>34</Label><Subsection><Label>(1)</Label><Text>There is hereby established a committee, to be known as the Security Intelligence Review Committee, consisting of a Chairman and not less than two and not more than four other members, all of whom shall be appointed by the Governor in Council from among members of the Queen’s Privy Council for Canada who are not members of the Senate or the House of Commons, after consultation by the Prime Minister of Canada with the Leader of the Opposition in the House of Commons and the leader in the House of Commons of each party having at least twelve members in that House.</Text></Subsection><Subsection><MarginalNote>Term of office</MarginalNote><Label>(2)</Label><Text>Each member of the Review Committee shall be appointed to hold office during good behaviour for a term not exceeding five years.</Text></Subsection><Subsection><MarginalNote>Re-appointment</MarginalNote><Label>(3)</Label><Text>A member of the Review Committee is eligible to be re-appointed for a term not exceeding five years.</Text></Subsection><Subsection><MarginalNote>Expenses</MarginalNote><Label>(4)</Label><Text>Each member of the Review Committee is entitled to be paid, for each day that the member performs duties and functions under this Act, such remuneration as is fixed by the Governor in Council and shall be paid reasonable travel and living expenses incurred by the member in the performance of those duties and functions.</Text></Subsection><HistoricalNote>1984, c. 21, s. 34.</HistoricalNote></Section><Section><MarginalNote>Chairman of the Review Committee</MarginalNote><Label>35</Label><Subsection><Label>(1)</Label><Text>The Chairman of the Review Committee is the chief executive officer of the Committee.</Text></Subsection><Subsection><MarginalNote>Acting Chairman of the Review Committee</MarginalNote><Label>(2)</Label><Text>The Chairman of the Review Committee may designate another member of the Committee to act as the Chairman in the event of the absence or incapacity of the Chairman and, if no such designation is in force or the office of Chairman is vacant, the Minister may designate a member of the Committee to act as the Chairman.</Text></Subsection><HistoricalNote>1984, c. 21, s. 35.</HistoricalNote></Section><Section><MarginalNote>Staff of Review Committee</MarginalNote><Label>36</Label><Text>The Review Committee may, with the approval of the Treasury Board,</Text><Paragraph><Label>(a)</Label><Text>engage a secretary and such other staff as it requires; and</Text></Paragraph><Paragraph><Label>(b)</Label><Text>fix and pay the remuneration and expenses of persons engaged pursuant to paragraph (a).</Text></Paragraph><HistoricalNote>1984, c. 21, s. 36.</HistoricalNote></Section><Section><MarginalNote>Compliance with security requirements</MarginalNote><Label>37</Label><Text>Every member of the Review Committee and every person engaged by it shall comply with all security requirements applicable by or under this Act to an employee and shall take the oath of secrecy set out in the schedule.</Text><HistoricalNote>1984, c. 21, s. 37.</HistoricalNote></Section><Section><MarginalNote>Functions of Review Committee</MarginalNote><Label>38</Label><Subsection><Label>(1)</Label><Text>The functions of the Review Committee are</Text><Paragraph><Label>(a)</Label><Text>to review generally the performance by the Service of its duties and functions and, in connection therewith,</Text><Subparagraph><Label>(i)</Label><Text><Repealed>[Repealed, 2012, c. 19, s. 381]</Repealed></Text></Subparagraph><Subparagraph><Label>(ii)</Label><Text>to review directions issued by the Minister under subsection 6(2),</Text></Subparagraph><Subparagraph><Label>(iii)</Label><Text>to review arrangements entered into by the Service pursuant to subsections 13(2) and (3) and 17(1) and to monitor the provision of information and intelligence pursuant to those arrangements,</Text></Subparagraph><Subparagraph><Label>(iv)</Label><Text>to review any report or comment given to it pursuant to subsection 20(4),</Text></Subparagraph><Subparagraph><Label>(v)</Label><Text>to monitor any request referred to in paragraph 16(3)(a) made to the Service,</Text></Subparagraph><Subparagraph><Label>(vi)</Label><Text>to review the regulations, and</Text></Subparagraph><Subparagraph><Label>(vii)</Label><Text>to compile and analyse statistics on the operational activities of the Service;</Text></Subparagraph></Paragraph><Paragraph><Label>(b)</Label><Text>to arrange for reviews to be conducted, or to conduct reviews, pursuant to section 40; and</Text></Paragraph><Paragraph><Label>(c)</Label><Text>to conduct investigations in relation to</Text><Subparagraph><Label>(i)</Label><Text>complaints made to the Committee under sections 41 and 42,</Text></Subparagraph><Subparagraph><Label>(ii)</Label><Text>reports made to the Committee pursuant to section 19 of the <XRefExternal reference-type="act">Citizenship Act</XRefExternal>, and</Text></Subparagraph><Subparagraph><Label>(iii)</Label><Text>matters referred to the Committee pursuant to section 45 of the <XRefExternal reference-type="act">Canadian Human Rights Act</XRefExternal>.</Text></Subparagraph></Paragraph></Subsection><Subsection><MarginalNote>Review of measures</MarginalNote><Label>(1.1)</Label><Text>In reviewing the performance by the Service of its duties and functions the Review Committee shall, each fiscal year, review at least one aspect of the Service’s performance in taking measures to reduce threats to the security of Canada.</Text></Subsection><Subsection><MarginalNote>Review Committee’s other functions</MarginalNote><Label>(2)</Label><Text>As soon as the circumstances permit after receiving a copy of a report referred to in subsection 6(4), the Review Committee shall submit to the Minister a certificate stating the extent to which it is satisfied with the report and whether any of the Service’s operational activities described in the report, in its opinion,</Text><Paragraph><Label>(a)</Label><Text>is not authorized by or under this Act or contravenes any directions issued by the Minister under subsection 6(2); or</Text></Paragraph><Paragraph><Label>(b)</Label><Text>involves an unreasonable or unnecessary exercise by the Service of any of its powers.</Text></Paragraph></Subsection><HistoricalNote>R.S., 1985, c. C-23, s. 38; 2001, c. 27, s. 225; 2012, c. 19, s. 381; 2015, c. 20, s. 50.</HistoricalNote></Section><Section><MarginalNote>Committee procedures</MarginalNote><Label>39</Label><Subsection><Label>(1)</Label><Text>Subject to this Act, the Review Committee may determine the procedure to be followed in the performance of any of its duties or functions.</Text></Subsection><Subsection><MarginalNote>Access to information</MarginalNote><Label>(2)</Label><Text>Despite subsection 18.1(2), any other Act of Parliament or any privilege under the law of evidence, but subject to subsection (3), the Review Committee is entitled</Text><Paragraph><Label>(a)</Label><Text>to have access to any information under the control of the Service that relates to the performance of the duties and functions of the Committee and to receive from the Director and employees such information, reports and explanations as the Committee deems necessary for the performance of its duties and functions; and</Text></Paragraph><Paragraph><Label>(b)</Label><Text>during any investigation referred to in paragraph 38(c), to have access to any information under the control of the deputy head concerned that is relevant to the investigation.</Text></Paragraph></Subsection><Subsection><MarginalNote>Idem</MarginalNote><Label>(3)</Label><Text>No information described in subsection (2), other than a confidence of the Queen’s Privy Council for Canada in respect of which subsection 39(1) of the <XRefExternal reference-type="act">Canada Evidence Act</XRefExternal> applies, may be withheld from the Committee on any grounds.</Text></Subsection><HistoricalNote>R.S., 1985, c. C-23, s. 39; 2012, c. 19, s. 382; 2015, c. 9, s. 9.</HistoricalNote></Section><Section><MarginalNote>Review</MarginalNote><Label>40</Label><Subsection><Label>(1)</Label><Text>For the purpose of ensuring that the activities of the Service are carried out in accordance with this Act, the regulations and directions issued by the Minister under subsection 6(2) and that the activities do not involve any unreasonable or unnecessary exercise by the Service of any of its powers, the Review Committee may</Text><Paragraph><Label>(a)</Label><Text>direct the Service to conduct a review of the Service’s specific activities and provide the Committee with a report on the review; or</Text></Paragraph><Paragraph><Label>(b)</Label><Text>if it considers that a review by the Service would be inappropriate, conduct such a review itself.</Text></Paragraph></Subsection><Subsection><MarginalNote>Report of findings</MarginalNote><Label>(2)</Label><Text>On completion of a review conducted under subsection (1), the Review Committee shall provide the Minister and the Director with the following:</Text><Paragraph><Label>(a)</Label><Text>in the case of a review conducted by the Service, the Service’s report to the Committee along with any recommendations that the Committee considers appropriate; and</Text></Paragraph><Paragraph><Label>(b)</Label><Text>in the case of a review conducted by the Committee, its own report, which is to contain the findings of the review and any recommendations that the Committee considers appropriate.</Text></Paragraph></Subsection><HistoricalNote>R.S., 1985, c. C-23, s. 40; 2012, c. 19, s. 383.</HistoricalNote></Section><Heading level="2"><TitleText>Complaints</TitleText></Heading><Section><MarginalNote>Complaints</MarginalNote><Label>41</Label><Subsection><Label>(1)</Label><Text>Any person may make a complaint to the Review Committee with respect to any act or thing done by the Service and the Committee shall, subject to subsection (2), investigate the complaint if</Text><Paragraph><Label>(a)</Label><Text>the complainant has made a complaint to the Director with respect to that act or thing and the complainant has not received a response within such period of time as the Committee considers reasonable or is dissatisfied with the response given; and</Text></Paragraph><Paragraph><Label>(b)</Label><Text>the Committee is satisfied that the complaint is not trivial, frivolous, vexatious or made in bad faith.</Text></Paragraph></Subsection><Subsection><MarginalNote>Other redress available</MarginalNote><Label>(2)</Label><Text>The Review Committee shall not investigate a complaint in respect of which the complainant is entitled to seek redress by means of a grievance procedure established pursuant to this Act or the <XRefExternal reference-type="act">Federal Public Sector Labour Relations Act</XRefExternal>.</Text></Subsection><HistoricalNote>R.S., 1985, c. C-23, s. 41; 2003, c. 22, s. 146(E); 2017, c. 9, s. 55.</HistoricalNote></Section><Section><MarginalNote>Denial of security clearance</MarginalNote><Label>42</Label><Subsection><Label>(1)</Label><Text>Where, by reason only of the denial of a security clearance required by the Government of Canada, a decision is made by a deputy head to deny employment to an individual or to dismiss, demote or transfer an individual or to deny a promotion or transfer to an individual, the deputy head shall send, within ten days after the decision is made, a notice informing the individual of the denial of the security clearance.</Text></Subsection><Subsection><MarginalNote>Idem</MarginalNote><Label>(2)</Label><Text>Where, by reason only of the denial of a security clearance required by the Government of Canada to be given in respect of an individual, a decision is made to deny the individual or any other person a contract to provide goods or services to the Government of Canada, the deputy head concerned shall send, within ten days after the decision is made, a notice informing the individual and, where applicable, the other person of the denial of the security clearance.</Text></Subsection><Subsection><MarginalNote>Receipt and investigation of complaints</MarginalNote><Label>(3)</Label><Text>The Review Committee shall receive and investigate a complaint from</Text><Paragraph><Label>(a)</Label><Text>any individual referred to in subsection (1) who has been denied a security clearance; or</Text></Paragraph><Paragraph><Label>(b)</Label><Text>any person who has been denied a contract to provide goods or services to the Government of Canada by reason only of the denial of a security clearance in respect of that person or any individual.</Text></Paragraph></Subsection><Subsection><MarginalNote>Time within which complaint is to be made</MarginalNote><Label>(4)</Label><Text>A complaint under subsection (3) shall be made within thirty days after receipt of the notice referred to in subsection (1) or (2) or within such longer period as the Review Committee allows.</Text></Subsection><HistoricalNote>1984, c. 21, s. 42.</HistoricalNote></Section><Section><MarginalNote>Member of the Committee authorized to act alone</MarginalNote><Label>43</Label><Text>A member of the Review Committee may exercise any of the powers or perform any of the duties or functions of the Committee under this Part in relation to complaints.</Text><HistoricalNote>1984, c. 21, s. 43.</HistoricalNote></Section><Section><MarginalNote>Complaints submitted on behalf of complainants</MarginalNote><Label>44</Label><Text>Nothing in this Act precludes the Review Committee from receiving and investigating complaints described in sections 41 and 42 that are submitted by a person authorized by the complainant to act on behalf of the complainant, and a reference to a complainant in any other section includes a reference to a person so authorized.</Text><HistoricalNote>1984, c. 21, s. 44.</HistoricalNote></Section><Section><MarginalNote>Written complaint</MarginalNote><Label>45</Label><Text>A complaint under this Part shall be made to the Review Committee in writing unless the Committee authorizes otherwise.</Text><HistoricalNote>1984, c. 21, s. 45.</HistoricalNote></Section><Section><MarginalNote>Statement and notice of hearing to be sent to the complainant</MarginalNote><Label>46</Label><Text>The Review Committee shall, as soon as practicable after receiving a complaint made under section 42, send to the complainant a statement summarizing such information available to the Committee as will enable the complainant to be as fully informed as possible of the circumstances giving rise to the denial of the security clearance and shall send a copy of the statement to the Director and the deputy head concerned.</Text><HistoricalNote>1984, c. 21, s. 46.</HistoricalNote></Section><Heading level="2"><TitleText>Investigations</TitleText></Heading><Section><MarginalNote>Notice of intention to investigate</MarginalNote><Label>47</Label><Text>Before commencing an investigation of a complaint referred to in paragraph 38(c) other than an investigation under section 41, the Review Committee shall notify the Director and, where applicable, the deputy head concerned of its intention to carry out the investigation and shall inform the Director and the deputy head of the substance of the complaint.</Text><HistoricalNote>1984, c. 21, s. 47.</HistoricalNote></Section><Section><MarginalNote>Investigations in private</MarginalNote><Label>48</Label><Subsection><Label>(1)</Label><Text>Every investigation of a complaint under this Part by the Review Committee shall be conducted in private.</Text></Subsection><Subsection><MarginalNote>Right to make representations</MarginalNote><Label>(2)</Label><Text>In the course of an investigation of a complaint under this Part by the Review Committee, the complainant, deputy head concerned and the Director shall be given an opportunity to make representations to the Review Committee, to present evidence and to be heard personally or by counsel, but no one is entitled as of right to be present during, to have access to or to comment on representations made to the Review Committee by any other person.</Text></Subsection><HistoricalNote>1984, c. 21, s. 48.</HistoricalNote></Section><Section><MarginalNote>Canadian Human Rights Commission may comment</MarginalNote><Label>49</Label><Text>In the course of an investigation of a complaint under this Part, the Review Committee shall, where appropriate, ask the Canadian Human Rights Commission for its opinion or comments with respect to the complaint.</Text><HistoricalNote>1984, c. 21, s. 49.</HistoricalNote></Section><Section><MarginalNote>Powers of Review Committee</MarginalNote><Label>50</Label><Text>The Review Committee has, in relation to the investigation of any complaint under this Part, power</Text><Paragraph><Label>(a)</Label><Text>to summon and enforce the appearance of persons before the Committee and to compel them to give oral or written evidence on oath and to produce such documents and things as the Committee deems requisite to the full investigation and consideration of the complaint in the same manner and to the same extent as a superior court of record;</Text></Paragraph><Paragraph><Label>(b)</Label><Text>to administer oaths; and</Text></Paragraph><Paragraph><Label>(c)</Label><Text>to receive and accept such evidence and other information, whether on oath or by affidavit or otherwise, as the Committee sees fit, whether or not that evidence or information is or would be admissible in a court of law.</Text></Paragraph><HistoricalNote>1984, c. 21, s. 50.</HistoricalNote></Section><Section><MarginalNote>Evidence in other proceedings</MarginalNote><Label>51</Label><Text>Except in a prosecution of a person for an offence under section 133 of the <XRefExternal reference-type="act">Criminal Code</XRefExternal> (false statements in extra-judicial proceedings) in respect of a statement made under this Act, evidence given by a person in proceedings under this Part and evidence of the existence of the proceedings are inadmissible against that person in a court or in any other proceedings.</Text><HistoricalNote>1984, c. 21, s. 51.</HistoricalNote></Section><Section><MarginalNote>Report of findings</MarginalNote><Label>52</Label><Subsection><Label>(1)</Label><Text>The Review Committee shall,</Text><Paragraph><Label>(a)</Label><Text>on completion of an investigation in relation to a complaint under section 41, provide the Minister and the Director with a report containing the findings of the investigation and any recommendations that the Committee considers appropriate; and</Text></Paragraph><Paragraph><Label>(b)</Label><Text>at the same time as or after a report is provided pursuant to paragraph (a), report the findings of the investigation to the complainant and may, if it thinks fit, report to the complainant any recommendations referred to in that paragraph.</Text></Paragraph></Subsection><Subsection><MarginalNote>Idem</MarginalNote><Label>(2)</Label><Text>On completion of an investigation in relation to a complaint under section 42, the Review Committee shall provide the Minister, the Director, the deputy head concerned and the complainant with a report containing any recommendations that the Committee considers appropriate, and those findings of the investigation that the Committee considers it fit to report to the complainant.</Text></Subsection><HistoricalNote>1984, c. 21, s. 52.</HistoricalNote></Section><Heading level="2"><TitleText>Reports</TitleText></Heading><Section><MarginalNote>Annual reports</MarginalNote><Label>53</Label><Subsection><Label>(1)</Label><Text>The Review Committee shall, not later than September 30 in each fiscal year, submit to the Minister a report of the activities of the Committee during the preceding fiscal year and the Minister shall cause the report to be laid before each House of Parliament on any of the first fifteen days on which that House is sitting after the day the Minister receives it.</Text></Subsection><Subsection><MarginalNote>Additional information</MarginalNote><Label>(2)</Label><Text>In addition, the report shall specify the number of warrants issued under section 21.1 in the fiscal year and the number of applications for warrants made under that section that were refused in that year.</Text></Subsection><HistoricalNote>R.S., 1985, c. C-23, s. 53; R.S., 1985, c. 1 (4th Supp.), s. 7; 2015, c. 20, s. 51.</HistoricalNote></Section><Section><MarginalNote>Minister’s briefings</MarginalNote><Label>54</Label><Subsection><Label>(1)</Label><Text>At least once a year, and at any other time at the Minister’s request, the Review Committee, or a person engaged by it and designated by it for the purposes of this section, shall meet the Minister and brief him or her on any matter that relates to the performance by the Service of its duties and functions.</Text></Subsection><Subsection><MarginalNote>Special reports</MarginalNote><Label>(2)</Label><Text>The Review Committee may, on request by the Minister or at any other time, furnish the Minister with a special report concerning any matter that relates to the performance of its duties and functions.</Text></Subsection><HistoricalNote>R.S., 1985, c. C-23, s. 54; 2012, c. 19, s. 384.</HistoricalNote></Section><Section><MarginalNote>Protection of confidential information</MarginalNote><Label>55</Label><Text>The Review Committee shall consult with the Director in order to ensure compliance with section 37 in preparing</Text><Paragraph><Label>(a)</Label><Text>a statement under section 46 of this Act, subsection 45(6) of the <XRefExternal reference-type="act">Canadian Human Rights Act</XRefExternal> or subsection 19(5) of the <XRefExternal reference-type="act">Citizenship Act</XRefExternal>; or</Text></Paragraph><Paragraph><Label>(b)</Label><Text>a report under paragraph 52(1)(b), subsection 52(2) or section 53 of this Act, subsection 46(1) of the <XRefExternal reference-type="act">Canadian Human Rights Act</XRefExternal> or subsection 19(6) of the <XRefExternal reference-type="act">Citizenship Act</XRefExternal>.</Text></Paragraph><HistoricalNote>R.S., 1985, c. C-23, s. 55; 2001, c. 27, s. 226.</HistoricalNote></Section><Heading level="1"><Label>PART IV</Label><TitleText>Review by Parliament</TitleText></Heading><Section><MarginalNote>Review of Act after five years</MarginalNote><Label>56</Label><Subsection><Label>(1)</Label><Text>After July 16, 1989, a comprehensive review of the provisions and operation of this Act shall be undertaken by such committee of the House of Commons or of both Houses of Parliament as may be designated or established by Parliament for that purpose.</Text></Subsection><Subsection><MarginalNote>Report to Parliament</MarginalNote><Label>(2)</Label><Text>The committee referred to in subsection (1) shall, within a year after a review is undertaken pursuant to that subsection or within such further time as Parliament may authorize, submit a report on the review to Parliament including a statement of any changes the committee recommends.</Text></Subsection><HistoricalNote>1984, c. 21, s. 69.</HistoricalNote></Section></Body><Schedule bilingual="no" spanlanguages="no"><ScheduleFormHeading><Label>SCHEDULE</Label><OriginatingRef>(Section 10)</OriginatingRef></ScheduleFormHeading><FormGroup><ScheduleFormHeading><TitleText>Oath of Office</TitleText></ScheduleFormHeading><Provision format-ref="indent-0-0" language-align="yes" pointsize="8"><Text>I, <Leader leader="dot" length="3.5pc" />, swear that I will faithfully and impartially to the best of my abilities perform the duties required of me as (the Director, an employee) of the Canadian Security Intelligence Service. So help me God.</Text></Provision></FormGroup><FormGroup><ScheduleFormHeading><TitleText>Oath of Secrecy</TitleText></ScheduleFormHeading><Provision format-ref="indent-0-0" language-align="yes" pointsize="8"><Text>I, <Leader leader="dot" length="3.5pc" />, swear that I will not, without due authority, disclose or make known to any person any information acquired by me by reason of the duties performed by me on behalf of or under the direction of the Canadian Security Intelligence Service or by reason of any office or employment held by me pursuant to the <XRefExternal reference-type="act">Canadian Security Intelligence Service Act</XRefExternal>. So help me God.</Text></Provision></FormGroup><HistoricalNote>1984, c. 21, Sch.</HistoricalNote></Schedule><Schedule id="RelatedProvs"><ScheduleFormHeading type="amending"><TitleText>RELATED PROVISIONS</TitleText></ScheduleFormHeading><BillPiece><Heading level="5" style="nifrp"><TitleText>
                    — 2005, c. 38, s. 16, as amended by 2005, c. 38, par. 144(8)(a)(E)</TitleText></Heading><Section><MarginalNote>Definitions</MarginalNote><Label>16</Label><Text>The following definitions apply in sections 17 to 19 and 21 to 28.</Text><Definition><Text><DefinedTermEn>former agency</DefinedTermEn> means the portion of the federal public administration known as the Canada Border Services Agency. (<DefinedTermFr>ancienne agence</DefinedTermFr>)</Text></Definition><Definition><Text><DefinedTermEn>new agency</DefinedTermEn> means the Canada Border Services Agency established under subsection <XRefInternal>3</XRefInternal>(1). (<DefinedTermFr>nouvelle agence</DefinedTermFr>)</Text></Definition><Definition><Text><DefinedTermEn>order P.C. 2003-2064</DefinedTermEn> means Order in Council P.C. 2003-2064 of December 12, 2003, registered as SI/2003-216. (<DefinedTermFr>décret C.P. 2003-2064</DefinedTermFr>)</Text></Definition></Section><Heading level="5" style="nifrp"><TitleText>
                    — 2005, c. 38, par. 19(1)(f)</TitleText></Heading><Section><MarginalNote>References</MarginalNote><Label>19</Label><Subsection><Label>(1)</Label><Text>A reference to the former agency in any of the following is deemed to be a reference to the new agency:</Text><Paragraph><Label>(f)</Label><Text>any order of the Governor in Council made under paragraph 29(e) of the <XRefExternal reference-type="act">Canadian Security Intelligence Service Act</XRefExternal>;</Text></Paragraph></Subsection></Section><Heading level="5" style="nifrp"><TitleText>
                    — 2005, c. 38, par. 19(2)(a)</TitleText></Heading><Section><MarginalNote>Deputy head</MarginalNote><Label>19</Label><Subsection><Label>(2)</Label><Text>The designation of a person as deputy head of the former agency in any of the following is deemed to be a designation of the President of the new agency as deputy head of that agency:</Text><Paragraph><Label>(a)</Label><Text>any order of the Governor in Council made under paragraph 29(e) of the <XRefExternal reference-type="act">Canadian Security Intelligence Service Act</XRefExternal>; and</Text></Paragraph></Subsection></Section></BillPiece></Schedule></Statute>