﻿<?xml version="1.0" encoding="utf-8"?><!DOCTYPE Statute PUBLIC "-//Justice Canada//DTD Statute v2.0.0//EN" "Dtd/Version_2.0.0/Statute/Statute.dtd"><Statute bill-origin="commons" bill-type="govt-public" xml:lang="en" in-force="yes"><Identification><LongTitle>An Act respecting the Caughnawaga Indian Reserve and to amend the Indian Act</LongTitle><ShortTitle status="unofficial">Caughnawaga Indian Reserve Act</ShortTitle><RunningHead>Caughnawaga Indian Reserve</RunningHead><BillHistory><Stages stage="assented-to"><Date><YYYY>1934</YYYY><MM>June</MM><DD>28</DD></Date></Stages><Stages stage="consolidation"><Date><YYYY>2018</YYYY><MM>08</MM><DD>20</DD></Date></Stages></BillHistory><Chapter><ConsolidatedNumber official="no">C-27.2</ConsolidatedNumber><AnnualStatuteId revised-statute="no"><AnnualStatuteNumber>29</AnnualStatuteNumber><YYYY>1934</YYYY></AnnualStatuteId></Chapter></Identification><Introduction><Preamble salutation="no"><Provision format-ref="indent-0-0" language-align="no"><MarginalNote>Preamble R.S., 1886, c. 44; R.S., 1927, c. 98 R.S., 1886, c. 43</MarginalNote><Text /></Provision></Preamble><Enacts><Provision format-ref="indent-0-0" language-align="no"><Text>WHEREAS by Order in Council of the fifth March, 1889 (P.C. 466), the provisions of <XRefExternal reference-type="act">The Indian Advancement Act</XRefExternal>, being chapter forty-four of the Revised Statutes of Canada, 1886, were applied to the Iroquois Indians of Caughnawaga in the province of Quebec, and, for the purpose of giving effect to the application of the said Act, the reserve at Caughnawaga was designated the Caughnawaga Indian Reserve, and was divided into six sections, as therein set out; and whereas by Order in Council of the 12th July, 1906 (P.C. 1419), in the purported exercise of the powers conferred by section four of <XRefExternal reference-type="act">The Indian Advancement Act</XRefExternal>, as enacted by section one of chapter thirty of the statutes of 1890, it was provided that the division of the Caughnawaga Indian Reserve into sections be done away with, and that the said reserve be comprised in one section; and whereas it appears that there was no provision of <XRefExternal reference-type="act">The Indian Act</XRefExternal> or of any other statute authorizing the making of the last mentioned Order in Council, and that the same was and is, therefore, void and of no effect; and whereas it is expedient that anything duly done or suffered pursuant to the provisions of the said last mentioned Order in Council be validated, and that provision be made for again dividing the reserve into six sections: Therefore His Majesty, by and with the advice and consent of the Senate and House of Commons of Canada, enacts as follows:</Text></Provision></Enacts></Introduction><Body><Section><MarginalNote>Acts and proceedings validated</MarginalNote><Label>1</Label><Text>All acts committed, proceedings taken or things done or suffered under or pursuant to the provisions of the said Order in Council of the 12th July, 1906 (P.C. 1419), are hereby declared to have been valid and effective to all intents and purposes as if the said Order in Council had been lawfully made.</Text></Section><Section><Label>2</Label><Text>[Amendment to another Act]</Text></Section></Body></Statute>