﻿<?xml version="1.0" encoding="utf-8"?><!DOCTYPE Statute PUBLIC "-//Justice Canada//DTD Statute v2.0.0//EN" "Dtd/Version_2.0.0/Statute/Statute.dtd"><Statute bill-origin="commons" bill-type="govt-public" xml:lang="en" in-force="yes"><Identification><LongTitle>An Act to implement the Convention on the Prohibition of the Development, Production, Stockpiling and Use of Chemical Weapons and on their Destruction</LongTitle><ShortTitle status="official">Chemical Weapons Convention Implementation Act</ShortTitle><RunningHead>Chemical Weapons Convention Implementation</RunningHead><BillHistory><Stages stage="assented-to"><Date><YYYY>1995</YYYY><MM>7</MM><DD>13</DD></Date></Stages><Stages stage="consolidation"><Date><YYYY>2018</YYYY><MM>08</MM><DD>20</DD></Date></Stages></BillHistory><Chapter><ConsolidatedNumber official="no">C-27.6</ConsolidatedNumber><AnnualStatuteId revised-statute="no"><AnnualStatuteNumber>25</AnnualStatuteNumber><YYYY>1995</YYYY></AnnualStatuteId></Chapter></Identification><Introduction><Enacts><Provision language-align="no" format-ref="indent-0-0"><Text>Her Majesty, by and with the advice and consent of the Senate and House of Commons of Canada, enacts as follows:</Text></Provision></Enacts></Introduction><Body><Heading level="1"><TitleText>Short Title</TitleText></Heading><Section><MarginalNote>Short title</MarginalNote><Label>1</Label><Text>This Act may be cited as the <XRefExternal reference-type="act">Chemical Weapons Convention Implementation Act</XRefExternal>.</Text></Section><Heading level="1"><TitleText>Interpretation</TitleText></Heading><Section><MarginalNote>Definitions</MarginalNote><Label>2</Label><Subsection><Label>(1)</Label><Text>In this Act,</Text><Definition><MarginalNote><DefinedTermEn>Convention</DefinedTermEn></MarginalNote><MarginalNote><DefinedTermFr>Convention</DefinedTermFr></MarginalNote><Text><DefinedTermEn>Convention</DefinedTermEn> means the Convention on the Prohibition of the Development, Production, Stockpiling and Use of Chemical Weapons and on their Destruction, signed at Paris, France on January 13, 1993, as amended from time to time pursuant to Article XV of the Convention and portions of which are set out in the schedule to this Act;</Text></Definition><Definition><MarginalNote><DefinedTermEn>international inspector</DefinedTermEn></MarginalNote><MarginalNote><DefinedTermFr>inspecteur international</DefinedTermFr></MarginalNote><Text><DefinedTermEn>international inspector</DefinedTermEn> means a person who holds a certificate issued by the Minister under section 12;</Text></Definition><Definition><MarginalNote><DefinedTermEn>Minister</DefinedTermEn></MarginalNote><MarginalNote><DefinedTermFr>ministre</DefinedTermFr></MarginalNote><Text><DefinedTermEn>Minister</DefinedTermEn> means such member of the Queen’s Privy Council for Canada as may be designated by the Governor in Council to be the Minister for the purposes of this Act;</Text></Definition><Definition><MarginalNote><DefinedTermEn>National Authority</DefinedTermEn></MarginalNote><MarginalNote><DefinedTermFr>autorité nationale</DefinedTermFr></MarginalNote><Text><DefinedTermEn>National Authority</DefinedTermEn> means the portion of the federal public administration designated as the National Authority for Canada under subsection 3(1);</Text></Definition><Definition><MarginalNote><DefinedTermEn>place</DefinedTermEn></MarginalNote><MarginalNote><DefinedTermFr>lieu</DefinedTermFr></MarginalNote><Text><DefinedTermEn>place</DefinedTermEn> includes any means of transport;</Text></Definition><Definition><MarginalNote><DefinedTermEn>prescribed</DefinedTermEn></MarginalNote><MarginalNote><DefinitionEnOnly>Version anglaise seulement</DefinitionEnOnly></MarginalNote><Text><DefinedTermEn>prescribed</DefinedTermEn> means prescribed by the regulations;</Text></Definition><Definition><MarginalNote><DefinedTermEn>representative of the National Authority</DefinedTermEn></MarginalNote><MarginalNote><DefinedTermFr>représentant de l’autorité nationale</DefinedTermFr></MarginalNote><Text><DefinedTermEn>representative of the National Authority</DefinedTermEn> means a representative of the National Authority designated under subsection 3(2).</Text></Definition></Subsection><Subsection><MarginalNote>Other words and expressions</MarginalNote><Label>(2)</Label><Text>Unless the context otherwise requires, all words and expressions used in this Act have the same meaning as in the Convention.</Text></Subsection><Subsection><MarginalNote>Convention provisions prevail where inconsistency</MarginalNote><Label>(3)</Label><Text>In the event of any inconsistency between the provisions set out in the schedule and the provisions of the Convention, the provisions of the Convention prevail.</Text></Subsection><HistoricalNote>1995, c. 25, s. 2; 2003, c. 22, s. 224(E).</HistoricalNote></Section><Heading level="1"><TitleText>National Authority</TitleText></Heading><Section><MarginalNote>National Authority</MarginalNote><Label>3</Label><Subsection><Label>(1)</Label><Text>For the purposes of implementing Canada’s obligations under the Convention and of giving effect to paragraph 4 of Article VII of the Convention, the Minister may designate any portion of the federal public administration to be the National Authority for Canada.</Text></Subsection><Subsection><MarginalNote>Representatives</MarginalNote><Label>(2)</Label><Text>For the purposes of implementing Canada’s obligations under the Convention, the Minister</Text><Paragraph><Label>(a)</Label><Text>may designate persons or classes of persons to act as representatives of the National Authority; and</Text></Paragraph><Paragraph><Label>(b)</Label><Text>shall furnish every representative of the National Authority with a certificate of designation.</Text></Paragraph></Subsection><Subsection><MarginalNote>Contents of certificate</MarginalNote><Label>(3)</Label><Text>A certificate of designation must indicate the places or classes of places that the holder of the certificate is authorized to have access to for the purposes of this Act and any conditions applicable to the holder’s activities under the certificate that the Minister considers advisable for those purposes.</Text></Subsection><Subsection><MarginalNote>Identification required</MarginalNote><Label>(4)</Label><Text>Every holder of a certificate of designation shall, on request of the person in charge of a place to be entered by the holder under this Act, show the certificate to that person.</Text></Subsection><HistoricalNote>1995, c. 25, s. 3; 2003, c. 22, s. 224(E).</HistoricalNote></Section><Heading level="1"><TitleText>Purpose of Act</TitleText></Heading><Section><MarginalNote>Implementation of Convention</MarginalNote><Label>4</Label><Text>The purpose of this Act is to implement Canada’s obligations under the Convention.</Text></Section><Heading level="1"><TitleText>Her Majesty</TitleText></Heading><Section><MarginalNote>Binding on Her Majesty</MarginalNote><Label>5</Label><Text>This Act is binding on Her Majesty in right of Canada or a province.</Text></Section><Heading level="1"><TitleText>Chemical Weapons and Riot Control Agents</TitleText></Heading><Section><MarginalNote>Chemical weapons</MarginalNote><Label>6</Label><Text>No person shall</Text><Paragraph><Label>(a)</Label><Text>develop, produce, otherwise acquire, stockpile or retain a chemical weapon, or transfer, directly or indirectly, a chemical weapon to anyone;</Text></Paragraph><Paragraph><Label>(b)</Label><Text>use a chemical weapon;</Text></Paragraph><Paragraph><Label>(c)</Label><Text>engage in any military preparations to use a chemical weapon; or</Text></Paragraph><Paragraph><Label>(d)</Label><Text>assist, encourage or induce, in any way, anyone to engage in any activity prohibited to a State Party under the Convention.</Text></Paragraph></Section><Section><MarginalNote>Riot control agents</MarginalNote><Label>7</Label><Text>No person shall use a riot control agent as a method of warfare.</Text></Section><Heading level="1"><TitleText>Toxic Chemicals and Precursors</TitleText></Heading><Section><MarginalNote>Schedule 1 toxic chemicals and precursors</MarginalNote><Label>8</Label><Subsection><Label>(1)</Label><Text>Except as authorized by or pursuant to any regulations made under paragraph 18(a), no person shall produce, use, acquire or possess a toxic chemical or precursor listed in Schedule 1 of the Schedules of Chemicals set out in the Annex on Chemicals in the Convention.</Text></Subsection><Subsection><MarginalNote>Export or import</MarginalNote><Label>(2)</Label><Text>Except as authorized under the <XRefExternal reference-type="act">Export and Import Permits Act</XRefExternal>, no person shall export or import a toxic chemical or precursor listed in Schedule 1 of the Schedules of Chemicals set out in the Annex on Chemicals in the Convention.</Text></Subsection></Section><Section><MarginalNote>Schedule 2 toxic chemicals and precursors</MarginalNote><Label>9</Label><Text>Except as authorized under the <XRefExternal reference-type="act">Export and Import Permits Act</XRefExternal>, no person shall export or import a toxic chemical or precursor listed in Schedule 2 of the Schedules of Chemicals set out in the Annex on Chemicals in the Convention.</Text></Section><Section><MarginalNote>Schedule 3 toxic chemicals and precursors</MarginalNote><Label>10</Label><Text>Except as authorized under the <XRefExternal reference-type="act">Export and Import Permits Act</XRefExternal>, no person shall export or import a toxic chemical or precursor listed in Schedule 3 of the Schedules of Chemicals set out in the Annex on Chemicals in the Convention.</Text></Section><Heading level="1"><TitleText>Information and Documents</TitleText></Heading><Section><MarginalNote>Information and documents</MarginalNote><Label>11</Label><Text>Every person who does anything under an authorization referred to in section 8 or who produces, processes, consumes, exports or imports a toxic chemical or precursor listed in Schedule 2 of the Schedules of Chemicals set out in the Annex on Chemicals in the Convention or who produces, exports or imports a toxic chemical or precursor listed in Schedule 3 of the Schedules of Chemicals set out in that Annex or who produces a discrete organic chemical or who holds a riot control agent for riot control purposes shall</Text><Paragraph><Label>(a)</Label><Text>provide the prescribed information, at the prescribed time and in the prescribed form, to the National Authority or to such other portion of the federal public administration as the Minister may by order authorize to collect the information; and</Text></Paragraph><Paragraph><Label>(b)</Label><Text>keep and maintain the prescribed documents in Canada, at the person’s place of business or at such other place as may be designated by the Minister, in the prescribed manner and for the prescribed period and, on request by the Minister or the National Authority, provide the documents to the National Authority.</Text></Paragraph><HistoricalNote>1995, c. 25, s. 11; 2003, c. 22, s. 224(E); 2015, c. 3, s. 35.</HistoricalNote></Section><Heading level="1"><TitleText>Inspections</TitleText></Heading><Section><MarginalNote>International inspectors</MarginalNote><Label>12</Label><Subsection><Label>(1)</Label><Text>The Minister shall issue to every person who is a member of an inspection team of the Technical Secretariat of the Organization for the Prohibition of Chemical Weapons that has been authorized under the Convention to conduct on behalf of the Organization inspections in Canada a certificate</Text><Paragraph><Label>(a)</Label><Text>identifying the person by name and indicating the person’s status and authority to conduct inspections in Canada;</Text></Paragraph><Paragraph><Label>(b)</Label><Text>specifying the privileges and immunities applicable to the person; and</Text></Paragraph><Paragraph><Label>(c)</Label><Text>setting out such other information and any conditions applicable to the person’s inspection activities in Canada as the Minister considers advisable.</Text></Paragraph></Subsection><Subsection><MarginalNote>Identification required</MarginalNote><Label>(2)</Label><Text>Every international inspector shall, on request of the person in charge of a place to be inspected by the international inspector, show the certificate to that person.</Text></Subsection></Section><Section><MarginalNote>Inspections</MarginalNote><Label>13</Label><Subsection><Label>(1)</Label><Text>Subject to this Act, an international inspector may, at any reasonable time and consistent with the provisions of the Convention,</Text><Paragraph><Label>(a)</Label><Text>enter any place in Canada</Text><Subparagraph><Label>(i)</Label><Text>in respect of which information has been provided under section 11,</Text></Subparagraph><Subparagraph><Label>(ii)</Label><Text>that is subject to an on-site challenge inspection referred to in paragraph 8 of Article IX of the Convention, or</Text></Subparagraph><Subparagraph><Label>(iii)</Label><Text>in respect of which an investigation under paragraph 9 of Article X of the Convention has been initiated;</Text></Subparagraph></Paragraph><Paragraph><Label>(b)</Label><Text>inspect the place in a manner consistent with the provisions of the Convention and any facility agreement applicable to the place; and</Text></Paragraph><Paragraph><Label>(c)</Label><Text>where appropriate, install, use and maintain in respect of any such place monitoring instruments, systems and seals in a manner consistent with the provisions of the Convention and any facility agreement applicable to the place.</Text></Paragraph></Subsection><Subsection><MarginalNote>Inspector may be accompanied</MarginalNote><Label>(2)</Label><Text>While carrying out a challenge inspection, an international inspector may be accompanied by an observer for the purposes of giving effect to paragraph 12 of Article IX of the Convention.</Text></Subsection></Section><Section><MarginalNote>National Authority representative powers in relation to inspection</MarginalNote><Label>14</Label><Subsection><Label>(1)</Label><Text>In order to facilitate the conduct of an inspection under section 13, a representative of the National Authority may accompany an international inspector and may direct any person who is in control of the place being inspected to</Text><Paragraph><Label>(a)</Label><Text>provide the international inspector with access to any area, container or thing in the place being inspected;</Text></Paragraph><Paragraph><Label>(b)</Label><Text>permit the international inspector to examine any thing in the place being inspected;</Text></Paragraph><Paragraph><Label>(c)</Label><Text>permit the international inspector to make copies of any information contained in the records, files, papers or electronic information systems kept or used in relation to the place being inspected and to remove the copies from the place;</Text></Paragraph><Paragraph><Label>(d)</Label><Text>permit the international inspector to have photographs taken of any thing in the place being inspected and to remove the photographs from the place;</Text></Paragraph><Paragraph><Label>(e)</Label><Text>permit the international inspector to interview any person in the place being inspected; and</Text></Paragraph><Paragraph><Label>(f)</Label><Text>take or permit the international inspector to take samples for analysis of any thing in the place being inspected and permit the international inspector to remove the samples for analysis outside the place.</Text></Paragraph></Subsection><Subsection><MarginalNote>Direction to be complied with</MarginalNote><Label>(2)</Label><Text>Every person to whom a direction is given under subsection (1) shall comply with the direction.</Text></Subsection><Subsection><MarginalNote>False statements, obstruction</MarginalNote><Label>(3)</Label><Text>While an international inspector is conducting an inspection under this Act, no person shall</Text><Paragraph><Label>(a)</Label><Text>knowingly make any false or misleading statement to the inspector or to the representative of the National Authority accompanying the inspector in relation to the place or thing being inspected; or</Text></Paragraph><Paragraph><Label>(b)</Label><Text>wilfully obstruct the inspection, by act or omission.</Text></Paragraph></Subsection><Subsection><MarginalNote>Direction not statutory instrument</MarginalNote><Label>(4)</Label><Text>A direction under subsection (1) is not a statutory instrument for the purposes of the <XRefExternal reference-type="act">Statutory Instruments Act</XRefExternal>.</Text></Subsection></Section><Section><MarginalNote>Warrant required where refusal of entry</MarginalNote><Label>15</Label><Subsection><Label>(1)</Label><Text>A representative of the National Authority or an international inspector may not enter a place referred to in section 13 without the consent of the person who is in control of the place except under the authority of a warrant issued under subsection (2).</Text></Subsection><Subsection><MarginalNote>Authority to issue warrant</MarginalNote><Label>(2)</Label><Text>Where, on <Language xml:lang="la">ex parte</Language> application, a justice is satisfied by information on oath that</Text><Paragraph><Label>(a)</Label><Text>a place referred to in section 13 meets the conditions for entry described in that section,</Text></Paragraph><Paragraph><Label>(b)</Label><Text>entry to the place is necessary for any purpose relating to the administration of this Act or the regulations, and</Text></Paragraph><Paragraph><Label>(c)</Label><Text>entry to the place has been refused or there are reasonable grounds to believe that entry will be refused,</Text></Paragraph><ContinuedSectionSubsection><Text>the justice may issue a warrant authorizing the representative of the National Authority and the international inspector named in it to enter the place for the purposes of the inspection referred to in section 13, subject to such conditions as may be specified in the warrant.</Text></ContinuedSectionSubsection></Subsection><Subsection><MarginalNote>When warrant not required</MarginalNote><Label>(3)</Label><Text>A warrant authorizing entry into a place referred to in section 13 is not required if the conditions for obtaining the warrant exist but, by reason of exigent circumstances, it would not be practicable to obtain the warrant.</Text></Subsection><Subsection><MarginalNote>Use of force</MarginalNote><Label>(4)</Label><Text>In executing a warrant issued under subsection (2), a representative of the National Authority or an international inspector shall not use force unless the representative or inspector is accompanied by a peace officer and the use of force is specifically authorized in the warrant.</Text></Subsection></Section><Heading level="1"><TitleText>Disclosure of Information</TitleText></Heading><Section><MarginalNote>Notice for disclosure of information</MarginalNote><Label>16</Label><Subsection><Label>(1)</Label><Text>The Minister may send a notice to any person who the Minister believes on reasonable grounds has information or documents relevant to the enforcement of this Act, requesting the person to provide the information or documents to the Minister.</Text></Subsection><Subsection><MarginalNote>Compliance with notice</MarginalNote><Label>(2)</Label><Text>A person who receives a notice referred to in subsection (1) shall provide the requested information and documents to the Minister in the form and within the time specified in the notice.</Text></Subsection></Section><Section><MarginalNote>Privileged information</MarginalNote><Label>17</Label><Subsection><Label>(1)</Label><Text>Information and documents obtained pursuant to this Act or the Convention are privileged.</Text></Subsection><Subsection><MarginalNote>Exception</MarginalNote><Label>(2)</Label><Text>Information and documents are not privileged to the extent that they are required to be disclosed or communicated for the purposes of an emergency involving public safety.</Text></Subsection><Subsection><MarginalNote>Prohibition</MarginalNote><Label>(3)</Label><Text>No person in possession of privileged information or documents shall knowingly, without the written consent of the person from whom they were obtained, communicate them or allow them to be communicated to any person, or allow any person to have access to them, except</Text><Paragraph><Label>(a)</Label><Text>for the purpose of the enforcement of this Act or of giving effect to the Convention;</Text></Paragraph><Paragraph><Label>(b)</Label><Text>pursuant to an obligation of the Government of Canada under the Convention; or</Text></Paragraph><Paragraph><Label>(c)</Label><Text>in the case where the information or documents are disclosed in accordance with the <XRefExternal reference-type="act">Security of Canada Information Sharing Act</XRefExternal>.</Text></Paragraph></Subsection><Subsection><MarginalNote>Evidence in legal proceedings</MarginalNote><Label>(4)</Label><Text>Notwithstanding any other Act or law, no person shall be required, in connection with any legal proceedings, to produce any statement or other record containing privileged information or documents, or to give evidence relating to them, unless the proceedings relate to the enforcement of this Act.</Text></Subsection><HistoricalNote>1995, c. 25, s. 17; 2015, c. 20, s. 7.</HistoricalNote></Section><Heading level="1"><TitleText>Regulations</TitleText></Heading><Section><MarginalNote>Regulations</MarginalNote><Label>18</Label><Text>The Governor in Council may make regulations for carrying out and giving effect to the provisions of the Convention and, without limiting the generality of the foregoing, may make regulations</Text><Paragraph><Label>(a)</Label><Text>prescribing conditions under which activities referred to in subsection 8(1) may be carried on, providing for the issue, suspension and cancellation of licences governing the carrying on of any such activity and prescribing the fees or the manner of calculating the fees to be paid in respect of any such licence;</Text></Paragraph><Paragraph><Label>(b)</Label><Text>respecting the procedures to be followed by representatives of the National Authority in exercising their functions under this Act; and</Text></Paragraph><Paragraph><Label>(c)</Label><Text>prescribing anything that by this Act is to be prescribed.</Text></Paragraph></Section><Heading level="1"><TitleText>Amendments to the Convention</TitleText></Heading><Section><MarginalNote>Publication required</MarginalNote><Label>19</Label><Text>The Minister shall, as soon as practicable after any amendment to the Convention is made pursuant to Article XV of the Convention, cause a copy of the amendment to be published in the <XRefExternal reference-type="other">Canada Gazette</XRefExternal>.</Text></Section><Heading level="1"><TitleText>Enforcement</TitleText></Heading><Section><MarginalNote>Punishment</MarginalNote><Label>20</Label><Text>Every person who contravenes any provision of this Act is guilty of an offence and liable</Text><Paragraph><Label>(a)</Label><Text>on summary conviction, to a fine not exceeding $5,000 or to imprisonment for a term not exceeding eighteen months, or to both; or</Text></Paragraph><Paragraph><Label>(b)</Label><Text>on conviction on indictment, to a fine not exceeding $500,000 or to imprisonment for a term not exceeding five years, or to both.</Text></Paragraph></Section><Section><MarginalNote><XRefExternal reference-type="act">Criminal Code</XRefExternal> provisions apply</MarginalNote><Label>21</Label><Text>For greater certainty, the provisions of the <XRefExternal reference-type="act">Criminal Code</XRefExternal> apply for the purposes of enforcing this Act.</Text></Section><Section><MarginalNote>Offence outside Canada</MarginalNote><Label>22</Label><Text>Every individual who commits, outside Canada, an act or omission that would, if committed in Canada, be an offence under this Act, shall, if the individual is a Canadian citizen or a permanent resident within the meaning of subsection 2(1) of the <XRefExternal reference-type="act">Immigration and Refugee Protection Act</XRefExternal>, be deemed to have committed that act or omission in Canada.</Text><HistoricalNote>1995, c. 25, s. 22; 2001, c. 27, s. 227.</HistoricalNote></Section><Section><MarginalNote>Forfeiture</MarginalNote><Label>23</Label><Subsection><Label>(1)</Label><Text>Where a person has been convicted of an offence under this Act, any thing seized by means of which or in respect of which the offence was committed is forfeited to Her Majesty in right of Canada and shall be disposed of as the Minister directs.</Text></Subsection><Subsection><MarginalNote>Forfeiture with consent</MarginalNote><Label>(2)</Label><Text>Where any thing has been seized by means of which or in respect of which an offence has been committed under this Act and the owner of the thing, or the person in whose possession the thing was at the time of seizure, consents in writing to its forfeiture, the thing is forfeited to Her Majesty in right of Canada and shall be disposed of as the Minister directs.</Text></Subsection></Section><Section><MarginalNote>Limitation period for summary conviction offences</MarginalNote><Label>24</Label><Text>Proceedings by way of summary conviction may be instituted at any time within, but not later than, two years after the day on which the subject-matter of the proceedings arose.</Text></Section><Section><MarginalNote>Continuing offence</MarginalNote><Label>25</Label><Text>Where an offence under this Act is committed or continued on more than one day, the person who committed the offence is liable to be convicted for a separate offence for each day on which the offence is committed or continued.</Text></Section><Section><MarginalNote>Venue</MarginalNote><Label>26</Label><Text>A complaint or an information in respect of an offence under this Act may be dealt with by any competent court of criminal jurisdiction if the accused is resident or carrying on business within the territorial jurisdiction of that court, even though the subject-matter of the complaint or information did not arise in that territorial jurisdiction.</Text></Section><Heading level="1"><TitleText>Coming into Force</TitleText></Heading><Section><MarginalNote>Coming into force</MarginalNote><Label><FootnoteRef idref="C-27.6_en_1">*</FootnoteRef>27</Label><Text>This Act or any provision of this Act comes into force on a day or days to be fixed by order of the Governor in Council.</Text><Footnote id="C-27.6_en_1" placement="section" status="editorial" xml:space="default"><Label>*</Label><Text>[Note: Act, other than section 8, in force January 1, 2001, <Emphasis style="italic">see</Emphasis> SI/2001-3; section 8 in force July 1, 2004, <Emphasis style="italic">see</Emphasis> SI/2004-71.]</Text></Footnote></Section></Body><Schedule bilingual="no" spanlanguages="no"><ScheduleFormHeading><Label>SCHEDULE</Label><OriginatingRef>(Section 2)</OriginatingRef><TitleText>Provisions of Convention</TitleText></ScheduleFormHeading><DocumentInternal><Group><GroupHeading format-ref="group1-part"><Label>ARTICLE II</Label><TitleText>Definitions and Criteria</TitleText></GroupHeading><Provision format-ref="indent-0-0" language-align="yes"><Text>For the purposes of this Convention:</Text><Provision format-ref="indent-0-0" language-align="yes"><Label>1</Label><Text><DefinedTermEn>Chemical Weapons</DefinedTermEn> means the following, together or separately:</Text><Provision format-ref="indent-1-1" language-align="no"><Label>(a)</Label><Text>Toxic chemicals and their precursors, except where intended for purposes not prohibited under this Convention, as long as the types and quantities are consistent with such purposes;</Text></Provision><Provision format-ref="indent-1-1" language-align="no"><Label>(b)</Label><Text>Munitions and devices, specifically designed to cause death or other harm through the toxic properties of those toxic chemicals specified in subparagraph (a), which would be released as a result of the employment of such munitions and devices;</Text></Provision><Provision format-ref="indent-1-1" language-align="no"><Label>(c)</Label><Text>Any equipment specifically designed for use directly in connection with the employment of munitions and devices specified in subparagraph (b).</Text></Provision></Provision><Provision format-ref="indent-0-0" language-align="yes"><Label>2</Label><Text><DefinedTermEn>Toxic Chemical</DefinedTermEn> means:</Text><Provision format-ref="indent-1-1" language-align="no"><Text>Any chemical which through its chemical action on life processes can cause death, temporary incapacitation or permanent harm to humans or animals. This includes all such chemicals, regardless of their origin or of their method of production, and regardless of whether they are produced in facilities, in munitions or elsewhere.</Text></Provision><Provision format-ref="indent-1-1" language-align="no"><Text>(For the purpose of implementing this Convention, toxic chemicals which have been identified for the application of verification measures are listed in Schedules contained in the Annex on Chemicals.)</Text></Provision></Provision><Provision format-ref="indent-0-0" language-align="yes"><Label>3</Label><Text><DefinedTermEn>Precursor</DefinedTermEn> means:</Text><Provision format-ref="indent-1-1" language-align="no"><Text>Any chemical reactant which takes part at any stage in the production by whatever method of a toxic chemical. This includes any key component of a binary or multicomponent chemical system.</Text></Provision><Provision format-ref="indent-1-1" language-align="no"><Text>(For the purpose of implementing this Convention, precursors which have been identified for the application of verification measures are listed in Schedules contained in the Annex on Chemicals.)</Text></Provision></Provision><Provision format-ref="indent-0-0" language-align="yes"><Label>4</Label><Text><DefinedTermEn>Key Component of Binary or Multicomponent Chemical Systems</DefinedTermEn> (hereinafter referred to as <DefinitionRef>key component</DefinitionRef>) means:</Text><Provision format-ref="indent-1-1" language-align="no"><Text>The precursor which plays the most important role in determining the toxic properties of the final product and reacts rapidly with other chemicals in the binary or multicomponent system.</Text></Provision></Provision><Provision format-ref="indent-0-0" language-align="yes"><Label>5</Label><Text><DefinedTermEn>Old Chemical Weapons</DefinedTermEn> means:</Text><Provision format-ref="indent-1-1" language-align="no"><Label>(a)</Label><Text>Chemical weapons which were produced before 1925; or</Text></Provision><Provision format-ref="indent-1-1" language-align="no"><Label>(b)</Label><Text>Chemical weapons produced in the period between 1925 and 1946 that have deteriorated to such extent that they can no longer be used as chemical weapons.</Text></Provision></Provision><Provision format-ref="indent-0-0" language-align="yes"><Label>6</Label><Text><DefinedTermEn>Abandoned Chemical Weapons</DefinedTermEn> means:</Text><Provision format-ref="indent-1-1" language-align="no"><Text>Chemical weapons, including old chemical weapons, abandoned by a State after 1 January 1925 on the territory of another State without the consent of the latter.</Text></Provision></Provision><Provision format-ref="indent-0-0" language-align="yes"><Label>7</Label><Text><DefinedTermEn>Riot Control Agent</DefinedTermEn> means:</Text><Provision format-ref="indent-1-1" language-align="no"><Text>Any chemical not listed in a Schedule, which can produce rapidly in humans sensory irritation or disabling physical effects which disappear within a short time following termination of exposure.</Text></Provision></Provision><Provision format-ref="indent-0-0" language-align="yes"><Label>8</Label><Text><DefinedTermEn>Chemical Weapons Production Facility</DefinedTermEn>:</Text><Provision format-ref="indent-1-1" language-align="no"><Label>(a)</Label><Text>Means any equipment, as well as any building housing such equipment, that was designed, constructed or used at any time since 1 January 1946:</Text><Provision format-ref="indent-2-2" language-align="no"><Label>(i)</Label><Text>As part of the stage in the production of chemicals (“final technological stage”) where the material flows would contain, when the equipment is in operation:</Text><Provision format-ref="indent-3-3" language-align="no"><Label>(1)</Label><Text>Any chemical listed in Schedule 1 in the Annex on Chemicals; or</Text></Provision><Provision format-ref="indent-3-3" language-align="no"><Label>(2)</Label><Text>Any other chemical that has no use, above 1 tonne per year on the territory of a State Party or in any other place under the jurisdiction or control of a State Party, for purposes not prohibited under this Convention, but can be used for chemical weapons purposes;</Text></Provision></Provision><Provision format-ref="indent-2-2" language-align="no"><Text>or</Text></Provision><Provision format-ref="indent-2-2" language-align="no"><Label>(ii)</Label><Text>For filling chemical weapons, including, inter alia, the filling of chemicals listed in Schedule 1 into munitions, devices or bulk storage containers; the filling of chemicals into containers that form part of assembled binary munitions and devices or into chemical submunitions that form part of assembled unitary munitions and devices, and the loading of the containers and chemical submunitions into the respective munitions and devices;</Text></Provision></Provision><Provision format-ref="indent-1-1" language-align="no"><Label>(b)</Label><Text>Does not mean:</Text><Provision format-ref="indent-2-2" language-align="no"><Label>(i)</Label><Text>Any facility having a production capacity for synthesis of chemicals specified in subparagraph (a) (i) that is less than 1 tonne;</Text></Provision><Provision format-ref="indent-2-2" language-align="no"><Label>(ii)</Label><Text>Any facility in which a chemical specified in subparagraph (a) (i) is or was produced as an unavoidable by-product of activities for purposes not prohibited under this Convention, provided that the chemical does not exceed 3 per cent of the total product and that the facility is subject to declaration and inspection under the Annex on Implementation and Verification (hereinafter referred to as “Verification Annex”); or</Text></Provision><Provision format-ref="indent-2-2" language-align="no"><Label>(iii)</Label><Text>The single small-scale facility for production of chemicals listed in Schedule 1 for purposes not prohibited under this Convention as referred to in Part VI of the Verification Annex.</Text></Provision></Provision></Provision><Provision format-ref="indent-0-0" language-align="yes"><Label>9</Label><Text><DefinedTermEn>Purposes Not Prohibited Under this Convention</DefinedTermEn> means:</Text><Provision format-ref="indent-1-1" language-align="no"><Label>(a)</Label><Text>Industrial, agricultural, research, medical, pharmaceutical or other peaceful purposes;</Text></Provision><Provision format-ref="indent-1-1" language-align="no"><Label>(b)</Label><Text>Protective purposes, namely those purposes directly related to protection against toxic chemicals and to protection against chemical weapons;</Text></Provision><Provision format-ref="indent-1-1" language-align="no"><Label>(c)</Label><Text>Military purposes not connected with the use of chemical weapons and not dependent on the use of the toxic properties of chemicals as a method of warfare;</Text></Provision><Provision format-ref="indent-1-1" language-align="no"><Label>(d)</Label><Text>Law enforcement including domestic riot control purposes.</Text></Provision></Provision><Provision format-ref="indent-0-0" language-align="yes"><Label>10</Label><Text><DefinedTermEn>Production Capacity</DefinedTermEn> means:</Text><Provision format-ref="indent-1-1" language-align="no"><Text>The annual quantitative potential for manufacturing a specific chemical based on the technological process actually used or, if the process is not yet operational, planned to be used at the relevant facility. It shall be deemed to be equal to the nameplate capacity or, if the nameplate capacity is not available, to the design capacity. The nameplate capacity is the product output under conditions optimized for maximum quantity for the production facility, as demonstrated by one or more testruns. The design capacity is the corresponding theoretically calculated product output.</Text></Provision></Provision><Provision format-ref="indent-0-0" language-align="yes"><Label>11</Label><Text><DefinedTermEn>Organization</DefinedTermEn> means the Organization for the Prohibition of Chemical Weapons established pursuant to Article VIII of this Convention.</Text></Provision><Provision format-ref="indent-0-0" language-align="yes"><Label>12</Label><Text>For the purposes of Article VI:</Text><Provision format-ref="indent-1-1" language-align="no"><Label>(a)</Label><Text><DefinedTermEn>Production</DefinedTermEn> of a chemical means its formation through chemical reaction;</Text></Provision><Provision format-ref="indent-1-1" language-align="no"><Label>(b)</Label><Text><DefinedTermEn>Processing</DefinedTermEn> of a chemical means a physical process, such as formulation, extraction and purification, in which a chemical is not converted into another chemical;</Text></Provision><Provision format-ref="indent-1-1" language-align="no"><Label>(c)</Label><Text><DefinedTermEn>Consumption</DefinedTermEn> of a chemical means its conversion into another chemical via a chemical reaction.</Text></Provision></Provision></Provision></Group></DocumentInternal></Schedule><Schedule bilingual="no" spanlanguages="no"><ScheduleFormHeading label-id=""><Label>ANNEX ON CHEMICALS</Label><TitleText>Schedules of Chemicals</TitleText></ScheduleFormHeading><DocumentInternal><Provision format-ref="indent-0-0" language-align="yes"><Text>The following Schedules list toxic chemicals and their precursors. For the purpose of implementing this Convention, these Schedules identify chemicals for the application of verification measures according to the provisions of the Verification Annex. Pursuant to Article II, subparagraph 1 (a), these Schedules do not constitute a definition of chemical weapons.</Text></Provision><Provision format-ref="indent-0-0" language-align="yes"><Text>(Whenever reference is made to groups of dialkylated chemicals, followed by a list of alkyl groups in parentheses, all chemicals possible by all possible combinations of alkyl groups listed in the parentheses are considered as listed in the respective Schedule as long as they are not explicitly exempted. A chemical marked “*” on Schedule 2, part A, is subject to special thresholds for declaration and verification, as specified in Part VII of the Verification Annex.)</Text></Provision><Group><GroupHeading format-ref="group1-part"><Label><Emphasis style="underline">SCHEDULE 1</Emphasis></Label></GroupHeading><Provision format-ref="right-align" language-align="yes" topmarginspacing="0"><Text>(CAS registry number)</Text></Provision><Provision format-ref="indent-0-0" language-align="yes"><Label>A.</Label><Text>Toxic chemicals:</Text><Provision format-ref="indent-0-0" language-align="yes"><Label>(1)</Label><Text>O-Alkyl (&lt;=C<Sub>10</Sub>, incl. cycloalkyl) alkyl</Text><Provision format-ref="indent-2-2" language-align="no"><Text>(Me, Et, n-Pr or i-Pr)-phosphonofluoridates</Text></Provision><Provision format-ref="indent-2-2" language-align="yes"><Text>e.g. Sarin: O-Isopropyl methylphosphonofluoridate<LeaderRightJustified leader="none" />(107-44-8)</Text></Provision><Provision format-ref="indent-3-3" language-align="no"><Text>Soman: O-Pinacolyl methylphosphonofluoridate<LeaderRightJustified leader="none" />(96-64-0)</Text></Provision></Provision><Provision format-ref="indent-0-0" language-align="yes"><Label>(2)</Label><Text>O-Alkyl (&lt;=C<Sub>10</Sub>, incl. cycloalkyl) N,N-dialkyl</Text><Provision format-ref="indent-2-2" language-align="no"><Text>(Me, Et, n-Pr or i-Pr) phosphoramidocyanidates</Text></Provision><Provision format-ref="indent-2-2" language-align="yes"><Text>e.g. Tabun: O-Ethyl N,N-dimethyl</Text><Provision format-ref="indent-3-3" language-align="no"><Text>phosphoramidocyanidate<LeaderRightJustified leader="none" />(77-81-6)</Text></Provision></Provision></Provision><Provision format-ref="indent-0-0" language-align="yes"><Label>(3)</Label><Text>O-Alkyl (H or &lt;=C<Sub>10</Sub>, incl. cycloalkyl) S-2-dialkyl</Text><Provision format-ref="indent-2-2" language-align="no"><Text>(Me, Et, n-Pr or i-Pr)-aminoethyl alkyl</Text></Provision><Provision format-ref="indent-2-2" language-align="no"><Text>(Me, Et, n-Pr or i-Pr) phosphonothiolates and</Text></Provision><Provision format-ref="indent-2-2" language-align="no"><Text>corresponding alkylated or protonated salts</Text></Provision><Provision format-ref="indent-2-2" language-align="yes"><Text>e.g. VX: O-Ethyl S-2-diisopropylaminoethyl</Text><Provision format-ref="indent-3-3" language-align="no"><Text>methyl phosphonothiolate<LeaderRightJustified leader="none" />(50782-69-9)</Text></Provision></Provision></Provision><Provision format-ref="indent-0-0" language-align="yes"><Label>(4)</Label><Text>Sulfur mustards:</Text><Provision format-ref="indent-2-2" language-align="yes"><Text>2-Chloroethylchloromethylsulfide<LeaderRightJustified leader="none" />(2625-76-5)</Text></Provision><Provision format-ref="indent-2-2" language-align="yes"><Text>Mustard gas: Bis(2-chloroethyl)sulfide<LeaderRightJustified leader="none" />(505-60-2)</Text></Provision><Provision format-ref="indent-2-2" language-align="yes"><Text>Bis(2-chloroethylthio)methane<LeaderRightJustified leader="none" />(63869-13-6)</Text></Provision><Provision format-ref="indent-2-2" language-align="yes"><Text>Sesquimustard: 1,2-Bis(2-chloroethylthio)ethane<LeaderRightJustified leader="none" />(3563-36-8)</Text></Provision><Provision format-ref="indent-2-2" language-align="yes"><Text>1,3-Bis(2-chloroethylthio)-n-propane<LeaderRightJustified leader="none" />(63905-10-2)</Text></Provision><Provision format-ref="indent-2-2" language-align="yes"><Text>1,4-Bis(2-chloroethylthio)-n-butane<LeaderRightJustified leader="none" />(142868-93-7)</Text></Provision><Provision format-ref="indent-2-2" language-align="yes"><Text>1,5-Bis(2-chloroethylthio)-n-pentane<LeaderRightJustified leader="none" />(142868-94-8)</Text></Provision><Provision format-ref="indent-2-2" language-align="yes"><Text>Bis(2-chloroethylthiomethyl)ether<LeaderRightJustified leader="none" />(63918-90-1)</Text></Provision><Provision format-ref="indent-2-2" language-align="yes"><Text>O-Mustard: Bis(2-chloroethylthioethyl)ether<LeaderRightJustified leader="none" />(63918-89-8)</Text></Provision></Provision><Provision format-ref="indent-0-0" language-align="yes"><Label>(5)</Label><Text>Lewisites:</Text><Provision format-ref="indent-2-2" language-align="yes"><Text>Lewisite 1: 2-Chlorovinyldichloroarsine<LeaderRightJustified leader="none" />(541-25-3)</Text></Provision><Provision format-ref="indent-2-2" language-align="yes"><Text>Lewisite 2: Bis(2-chlorovinyl)chloroarsine<LeaderRightJustified leader="none" />(40334-69-8)</Text></Provision><Provision format-ref="indent-2-2" language-align="yes"><Text>Lewisite 3: Tris(2-chlorovinyl)arsine<LeaderRightJustified leader="none" />(40334-70-1)</Text></Provision></Provision><Provision format-ref="indent-0-0" language-align="yes"><Label>(6)</Label><Text>Nitrogen mustards:</Text><Provision format-ref="indent-2-2" language-align="yes"><Text>HN1: Bis(2-chloroethyl)ethylamine<LeaderRightJustified leader="none" />(538-07-8)</Text></Provision><Provision format-ref="indent-2-2" language-align="yes"><Text>HN2: Bis(2-chloroethyl)methylamine<LeaderRightJustified leader="none" />(51-75-2)</Text></Provision><Provision format-ref="indent-2-2" language-align="yes"><Text>HN3: Tris(2-chloroethyl)amine<LeaderRightJustified leader="none" />(555-77-1)</Text></Provision></Provision><Provision format-ref="indent-0-0" language-align="yes"><Label>(7)</Label><Text>Saxitoxin<LeaderRightJustified leader="none" />(35523-89-8)</Text></Provision><Provision format-ref="indent-0-0" language-align="yes"><Label>(8)</Label><Text>Ricin<LeaderRightJustified leader="none" />(9009-86-3)</Text></Provision></Provision><Provision format-ref="indent-0-0" language-align="yes"><Label>B.</Label><Text>Precursors:</Text><Provision format-ref="indent-0-0" language-align="yes"><Label>(9)</Label><Text>Alkyl (Me, Et, n-Pr or i-Pr) phosphonyldifluorides</Text><Provision format-ref="indent-2-2" language-align="no"><Text>e.g. DF: Methylphosphonyldifluoride<LeaderRightJustified leader="none" />(676-99-3)</Text></Provision></Provision><Provision format-ref="indent-0-0" language-align="yes"><Label>(10)</Label><Text>O-Alkyl (H or &lt;=C<Sub>10</Sub>, incl. cycloalkyl) O-2-dialkyl</Text><Provision format-ref="indent-2-2" language-align="no"><Text>(Me, Et, n-Pr or i-Pr)-aminoethyl alkyl</Text></Provision><Provision format-ref="indent-2-2" language-align="no"><Text>(Me, Et, n-Pr or i-Pr) phosphonites and</Text></Provision><Provision format-ref="indent-2-2" language-align="no"><Text>corresponding alkylated or protonated salts</Text></Provision><Provision format-ref="indent-2-2" language-align="yes"><Text>e.g. QL: O-Ethyl O-2-diisopropylaminoethyl</Text><Provision format-ref="indent-3-3" language-align="no"><Text>methylphosphonite<LeaderRightJustified leader="none" />(57856-11-8)</Text></Provision></Provision></Provision><Provision format-ref="indent-0-0" language-align="yes"><Label>(11)</Label><Text>Chlorosarin: O-Isopropyl methylphosphonochlo-</Text><Provision format-ref="indent-2-2" language-align="no"><Text>ridate<LeaderRightJustified leader="none" />(1445-76-7)</Text></Provision></Provision><Provision format-ref="indent-0-0" language-align="yes"><Label>(12)</Label><Text>Chlorosoman: O-Pinacolyl methylphosphonochlo-</Text><Provision format-ref="indent-2-2" language-align="no"><Text>ridate<LeaderRightJustified leader="none" />(7040-57-5)</Text></Provision></Provision></Provision></Group><Group><GroupHeading format-ref="group1-part"><Label><Emphasis style="underline">SCHEDULE 2</Emphasis></Label></GroupHeading><Provision format-ref="indent-0-0" language-align="yes"><Label>A.</Label><Text>Toxic chemicals:</Text><Provision format-ref="indent-0-0" language-align="yes"><Label>(1)</Label><Text>Amiton: O,O-Diethyl S-[2-(diethylamino)ethyl]</Text><Provision format-ref="indent-2-2" language-align="no"><Text>phosphorothiolate and corresponding alkylated</Text><Provision format-ref="indent-2-2" language-align="no"><Text>or protonated salts<LeaderRightJustified leader="none" />(78-53-5)</Text></Provision></Provision></Provision><Provision format-ref="indent-0-0" language-align="yes"><Label>(2)</Label><Text>PFIB: 1,1,3,3,3-Pentafluoro-2-(trifluoromethyl)-1-</Text><Provision format-ref="indent-2-2" language-align="no"><Text>propene<LeaderRightJustified leader="none" />(382-21-8)</Text></Provision></Provision><Provision format-ref="indent-0-0" language-align="yes"><Label>(3)</Label><Text>BZ: 3-Quinuclidinyl benzilate (*)<LeaderRightJustified leader="none" />(6581-06-2)</Text></Provision></Provision><Provision format-ref="indent-0-0" language-align="yes"><Label>B.</Label><Text>Precursors:</Text><Provision format-ref="indent-0-0" language-align="yes"><Label>(4)</Label><Text>Chemicals, except for those listed in Schedule 1,</Text><Provision format-ref="indent-2-2" language-align="no"><Text>containing a phosphorus atom to which is bonded</Text></Provision><Provision format-ref="indent-2-2" language-align="no"><Text>one methyl, ethyl or propyl (normal or iso) group but</Text></Provision><Provision format-ref="indent-2-2" language-align="no"><Text>not further carbon atoms,</Text></Provision><Provision format-ref="indent-2-2" language-align="yes"><Text>e.g. Methylphosphonyl dichloride<LeaderRightJustified leader="none" />(676-97-1)</Text><Provision format-ref="indent-3-3" language-align="no"><Text>Dimethyl methylphosphonate<LeaderRightJustified leader="none" />(756-79-6)</Text></Provision></Provision><Provision format-ref="indent-2-2" language-align="yes"><Text>Exemption: Fonofos: O-Ethyl S-phenyl</Text><Provision format-ref="indent-3-3" language-align="no"><Text>ethylphosphonothiolothionate<LeaderRightJustified leader="none" />(944-22-9)</Text></Provision></Provision></Provision><Provision format-ref="indent-0-0" language-align="yes"><Label>(5)</Label><Text>N,N-Dialkyl (Me, Et, n-Pr or i-Pr) phosphoramidic</Text><Provision format-ref="indent-2-2" language-align="no"><Text>dihalides</Text></Provision></Provision><Provision format-ref="indent-0-0" language-align="yes"><Label>(6)</Label><Text>Dialkyl (Me, Et, n-Pr or i-Pr) N,N-dialkyl</Text><Provision format-ref="indent-2-2" language-align="no"><Text>(Me, Et, n-Pr or i-Pr)-phosphoramidates</Text></Provision></Provision><Provision format-ref="indent-0-0" language-align="yes"><Label>(7)</Label><Text>Arsenic trichloride<LeaderRightJustified leader="none" />(7784-34-1)</Text></Provision><Provision format-ref="indent-0-0" language-align="yes"><Label>(8)</Label><Text>2,2-Diphenyl-2-hydroxyacetic acid <LeaderRightJustified leader="none" />(76-93-7)</Text></Provision><Provision format-ref="indent-0-0" language-align="yes"><Label>(9)</Label><Text>Quinuclidin-3-ol<LeaderRightJustified leader="none" />(1619-34-7)</Text></Provision><Provision format-ref="indent-0-0" language-align="yes"><Label>(10)</Label><Text>N,N-Dialkyl (Me, Et, n-Pr or i-Pr) aminoethyl-2-chlorides</Text><Provision format-ref="indent-2-2" language-align="no"><Text>and corresponding protonated salts</Text></Provision></Provision><Provision format-ref="indent-0-0" language-align="yes"><Label>(11)</Label><Text>N,N-Dialkyl (Me, Et, n-Pr or i-Pr) aminoethane-2-ols</Text><Provision format-ref="indent-2-2" language-align="no"><Text>and corresponding protonated salts</Text></Provision><Provision format-ref="indent-2-2" language-align="yes"><Text>Exemptions: N,N-Dimethylaminoethanol<LeaderRightJustified leader="none" />(108-01-0)</Text><Provision format-ref="indent-3-3" language-align="no"><Text>and corresponding protonated salts</Text></Provision><Provision format-ref="indent-2-2" language-align="yes"><Text>N,N-Diethylaminoethanol<LeaderRightJustified leader="none" />(100-37-8)</Text><Provision format-ref="indent-3-3" language-align="no"><Text>and corresponding protonated salts</Text></Provision></Provision></Provision></Provision><Provision format-ref="indent-0-0" language-align="yes"><Label>(12)</Label><Text>N,N-Dialkyl (Me, Et, n-Pr or i-Pr) aminoethane-2-thiols</Text><Provision format-ref="indent-2-2" language-align="no"><Text>and corresponding protonated salts</Text></Provision></Provision><Provision format-ref="indent-0-0" language-align="yes"><Label>(13)</Label><Text>Thiodiglycol: Bis(2-hydroxyethyl)sulfide<LeaderRightJustified leader="none" />(111-48-8)</Text></Provision><Provision format-ref="indent-0-0" language-align="yes"><Label>(14)</Label><Text>Pinacolyl alcohol: 3,3-Dimethylbutan-2-ol<LeaderRightJustified leader="none" />(464-07-3)</Text></Provision></Provision></Group><Group><GroupHeading format-ref="group1-part"><Label><Emphasis style="underline">SCHEDULE 3</Emphasis></Label></GroupHeading><Provision format-ref="indent-0-0" language-align="yes"><Label>A.</Label><Text>Toxic chemicals:</Text><Provision format-ref="indent-0-0" language-align="yes"><Label>(1)</Label><Text>Phosgene: Carbonyl dichloride<LeaderRightJustified leader="none" />(75-44-5)</Text></Provision><Provision format-ref="indent-0-0" language-align="yes"><Label>(2)</Label><Text>Cyanogen chloride<LeaderRightJustified leader="none" />(506-77-4)</Text></Provision><Provision format-ref="indent-0-0" language-align="yes"><Label>(3)</Label><Text>Hydrogen cyanide<LeaderRightJustified leader="none" />(74-90-8)</Text></Provision><Provision format-ref="indent-0-0" language-align="yes"><Label>(4)</Label><Text>Chloropicrin: Trichloronitromethane<LeaderRightJustified leader="none" />(76-06-2)</Text></Provision></Provision><Provision format-ref="indent-0-0" language-align="yes"><Label>B.</Label><Text>Precursors:</Text><Provision format-ref="indent-0-0" language-align="yes"><Label>(5)</Label><Text>Phosphorus oxychloride<LeaderRightJustified leader="none" />(10025-87-3)</Text></Provision><Provision format-ref="indent-0-0" language-align="yes"><Label>(6)</Label><Text>Phosphorus trichloride<LeaderRightJustified leader="none" />(7719-12-2)</Text></Provision><Provision format-ref="indent-0-0" language-align="yes"><Label>(7)</Label><Text>Phosphorus pentachloride<LeaderRightJustified leader="none" />(10026-13-8)</Text></Provision><Provision format-ref="indent-0-0" language-align="yes"><Label>(8)</Label><Text>Trimethyl phosphite<LeaderRightJustified leader="none" />(121-45-9)</Text></Provision><Provision format-ref="indent-0-0" language-align="yes"><Label>(9)</Label><Text>Triethyl phosphite<LeaderRightJustified leader="none" />(122-52-1)</Text></Provision><Provision format-ref="indent-0-0" language-align="yes"><Label>(10)</Label><Text>Dimethyl phosphite<LeaderRightJustified leader="none" />(868-85-9)</Text></Provision><Provision format-ref="indent-0-0" language-align="yes"><Label>(11)</Label><Text>Diethyl phosphite<LeaderRightJustified leader="none" />(762-04-9)</Text></Provision><Provision format-ref="indent-0-0" language-align="yes"><Label>(12)</Label><Text>Sulfur monochloride<LeaderRightJustified leader="none" />(10025-67-9)</Text></Provision><Provision format-ref="indent-0-0" language-align="yes"><Label>(13)</Label><Text>Sulfur dichloride<LeaderRightJustified leader="none" />(10545-99-0)</Text></Provision><Provision format-ref="indent-0-0" language-align="yes"><Label>(14)</Label><Text>Thionyl chloride<LeaderRightJustified leader="none" />(7719-09-7)</Text></Provision><Provision format-ref="indent-0-0" language-align="yes"><Label>(15)</Label><Text>Ethyldiethanolamine<LeaderRightJustified leader="none" />(139-87-7)</Text></Provision><Provision format-ref="indent-0-0" language-align="yes"><Label>(16)</Label><Text>Methyldiethanolamine<LeaderRightJustified leader="none" />(105-59-9)</Text></Provision><Provision format-ref="indent-0-0" language-align="yes"><Label>(17)</Label><Text>Triethanolamine<LeaderRightJustified leader="none" />(102-71-6)</Text></Provision></Provision></Group></DocumentInternal></Schedule><Schedule bilingual="no" spanlanguages="no"><ScheduleFormHeading label-id=""><Label>VERIFICATION ANNEX</Label></ScheduleFormHeading><DocumentInternal><Group><GroupHeading format-ref="group1-part"><Label>PART I</Label><TitleText>Definitions</TitleText></GroupHeading><Provision format-ref="indent-0-0" language-align="yes"><Label>1</Label><Text><DefinedTermEn>Approved Equipment</DefinedTermEn> means the devices and instruments necessary for the performance of the inspection team’s duties that have been certified by the Technical Secretariat in accordance with regulations prepared by the Technical Secretariat pursuant to Part II, paragraph 27 of this Annex. Such equipment may also refer to the administrative supplies or recording materials that would be used by the inspection team.</Text></Provision><Provision format-ref="indent-0-0" language-align="yes"><Label>2</Label><Text><DefinedTermEn>Building</DefinedTermEn> as referred to in the definition of chemical weapons production facility in Article II comprises specialized buildings and standard buildings.</Text><Provision format-ref="indent-1-1" language-align="no"><Label>(a)</Label><Text><DefinedTermEn>Specialized Building</DefinedTermEn> means:</Text><Provision format-ref="indent-2-2" language-align="no"><Label>(i)</Label><Text>Any building, including underground structures, containing specialized equipment in a production or filling configuration;</Text></Provision><Provision format-ref="indent-2-2" language-align="no"><Label>(ii)</Label><Text>Any building, including underground structures, which has distinctive features which distinguish it from buildings normally used for chemical production or filling activities not prohibited under this Convention.</Text></Provision></Provision><Provision format-ref="indent-1-1" language-align="no"><Label>(b)</Label><Text><DefinedTermEn>Standard Building</DefinedTermEn> means any building, including underground structures, constructed to prevailing industry standards for facilities not producing any chemical specified in Article II, paragraph 8 (a) (i), or corrosive chemicals.</Text></Provision></Provision><Provision format-ref="indent-0-0" language-align="yes"><Label>3</Label><Text><DefinedTermEn>Challenge Inspection</DefinedTermEn> means the inspection of any facility or location in the territory or in any other place under the jurisdiction or control of a State Party requested by another State Party pursuant to Article IX, paragraphs 8 to 25.</Text></Provision><Provision format-ref="indent-0-0" language-align="yes"><Label>4</Label><Text><DefinedTermEn>Discrete Organic Chemical</DefinedTermEn> means any chemical belonging to the class of chemical compounds consisting of all compounds of carbon except for its oxides, sulfides and metal carbonates, identifiable by chemical name, by structural formula, if known, and by Chemical Abstracts Service registry number, if assigned.</Text></Provision><Provision format-ref="indent-0-0" language-align="yes"><Label>5</Label><Text><DefinedTermEn>Equipment</DefinedTermEn> as referred to in the definition of chemical weapons production facility in Article II comprises specialized equipment and standard equipment.</Text><Provision format-ref="indent-1-1" language-align="no"><Label>(a)</Label><Text><DefinedTermEn>Specialized Equipment</DefinedTermEn> means:</Text><Provision format-ref="indent-2-2" language-align="no"><Label>(i)</Label><Text>The main production train, including any reactor or equipment for product synthesis, separation or purification, any equipment used directly for heat transfer in the final technological stage, such as in reactors or in product separation, as well as any other equipment which has been in contact with any chemical specified in Article II, paragraph 8 (a) (i), or would be in contact with such a chemical if the facility were operated;</Text></Provision><Provision format-ref="indent-2-2" language-align="no"><Label>(ii)</Label><Text>Any chemical weapon filling machines;</Text></Provision><Provision format-ref="indent-2-2" language-align="no"><Label>(iii)</Label><Text>Any other equipment specially designed, built or installed for the operation of the facility as a chemical weapons production facility, as distinct from a facility constructed according to prevailing commercial industry standards for facilities not producing any chemical specified in Article II, paragraph 8 (a) (i), or corrosive chemicals, such as: equipment made of high-nickel alloys or other special corrosion-resistant material; special equipment for waste control, waste treatment, air filtering, or solvent recovery; special containment enclosures and safety shields; non-standard laboratory equipment used to analyse toxic chemicals for chemical weapons purposes; custom designed process control panels; or dedicated spares for specialized equipment.</Text></Provision></Provision><Provision format-ref="indent-1-1" language-align="no"><Label>(b)</Label><Text><DefinedTermEn>Standard Equipment</DefinedTermEn> means:</Text><Provision format-ref="indent-2-2" language-align="no"><Label>(i)</Label><Text>Production equipment which is generally used in the chemical industry and is not included in the types of specialized equipment;</Text></Provision><Provision format-ref="indent-2-2" language-align="no"><Label>(ii)</Label><Text>Other equipment commonly used in the chemical industry, such as: fire-fighting equipment; guard and security/safety surveillance equipment; medical facilities, laboratory facilities; or communications equipment.</Text></Provision></Provision></Provision><Provision format-ref="indent-0-0" language-align="yes"><Label>6</Label><Text><DefinedTermEn>Facility</DefinedTermEn> in the context of Article VI means any of the industrial sites as defined below (<DefinitionRef>plant site</DefinitionRef>, <DefinitionRef>plant</DefinitionRef> and <DefinitionRef>unit</DefinitionRef>).</Text><Provision format-ref="indent-1-1" language-align="no"><Label>(a)</Label><Text><DefinedTermEn>Plant Site</DefinedTermEn> (Works, Factory) means the local integration of one or more plants, with any intermediate administrative levels, which are under one operational control, and includes common infrastructure, such as:</Text><Provision format-ref="indent-2-2" language-align="no"><Label>(i)</Label><Text>Administration and other offices;</Text></Provision><Provision format-ref="indent-2-2" language-align="no"><Label>(ii)</Label><Text>Repair and maintenance shops;</Text></Provision><Provision format-ref="indent-2-2" language-align="no"><Label>(iii)</Label><Text>Medical centre;</Text></Provision><Provision format-ref="indent-2-2" language-align="no"><Label>(iv)</Label><Text>Utilities;</Text></Provision><Provision format-ref="indent-2-2" language-align="no"><Label>(v)</Label><Text>Central analytical laboratory;</Text></Provision><Provision format-ref="indent-2-2" language-align="no"><Label>(vi)</Label><Text>Research and development laboratories;</Text></Provision><Provision format-ref="indent-2-2" language-align="no"><Label>(vii)</Label><Text>Central effluent and waste treatment area; and</Text></Provision><Provision format-ref="indent-2-2" language-align="no"><Label>(viii)</Label><Text>Warehouse storage.</Text></Provision></Provision><Provision format-ref="indent-1-1" language-align="no"><Label>(b)</Label><Text><DefinedTermEn>Plant</DefinedTermEn> (Production facility, Workshop) means a relatively self-contained area, structure or building containing one or more units with auxiliary and associated infrastructure, such as:</Text><Provision format-ref="indent-2-2" language-align="no"><Label>(i)</Label><Text>Small administrative section;</Text></Provision><Provision format-ref="indent-2-2" language-align="no"><Label>(ii)</Label><Text>Storage/handling areas for feedstock and products;</Text></Provision><Provision format-ref="indent-2-2" language-align="no"><Label>(iii)</Label><Text>Effluent/waste handling/treatment area;</Text></Provision><Provision format-ref="indent-2-2" language-align="no"><Label>(iv)</Label><Text>Control/analytical laboratory;</Text></Provision><Provision format-ref="indent-2-2" language-align="no"><Label>(v)</Label><Text>First aid service/related medical section; and</Text></Provision><Provision format-ref="indent-2-2" language-align="no"><Label>(vi)</Label><Text>Records associated with the movement into, around and from the site, of declared chemicals and their feedstock or product chemicals formed from them, as appropriate.</Text></Provision></Provision><Provision format-ref="indent-1-1" language-align="no"><Label>(c)</Label><Text><DefinedTermEn>Unit</DefinedTermEn> (Production unit, Process unit) means the combination of those items of equipment, including vessels and vessel set up, necessary for the production, processing or consumption of a chemical.</Text></Provision></Provision><Provision format-ref="indent-0-0" language-align="yes"><Label>7</Label><Text><DefinedTermEn>Facility Agreement</DefinedTermEn> means an agreement or arrangement between a State Party and the Organization relating to a specific facility subject to on-site verification pursuant to Articles IV, V and VI.</Text></Provision><Provision format-ref="indent-0-0" language-align="yes"><Label>8</Label><Text><DefinedTermEn>Host State</DefinedTermEn> means the State on whose territory lie facilities or areas of another State, Party to this Convention, which are subject to inspection under this Convention.</Text></Provision><Provision format-ref="indent-0-0" language-align="yes"><Label>9</Label><Text><DefinedTermEn>In-Country Escort</DefinedTermEn> means individuals specified by the inspected State Party and, if appropriate, by the Host State, if they so wish, to accompany and assist the inspection team during the in-country period.</Text></Provision><Provision format-ref="indent-0-0" language-align="yes"><Label>10</Label><Text><DefinedTermEn>In-Country Period</DefinedTermEn> means the period from the arrival of the inspection team at a point of entry until its departure from the State at a point of entry.</Text></Provision><Provision format-ref="indent-0-0" language-align="yes"><Label>11</Label><Text><DefinedTermEn>Initial Inspection</DefinedTermEn> means the first on-site inspection of facilities to verify declarations submitted pursuant to Articles III, IV, V and VI and this Annex.</Text></Provision><Provision format-ref="indent-0-0" language-align="yes"><Label>12</Label><Text><DefinedTermEn>Inspected State Party</DefinedTermEn> means the State Party on whose territory or in any other place under its jurisdiction or control an inspection pursuant to this Convention takes place, or the State Party whose facility or area on the territory of a Host State is subject to such an inspection; it does not, however, include the State Party specified in Part II, paragraph 21 of this Annex.</Text></Provision><Provision format-ref="indent-0-0" language-align="yes"><Label>13</Label><Text><DefinedTermEn>Inspection Assistant</DefinedTermEn> means an individual designated by the Technical Secretariat as set forth in Part II, Section A, of this Annex to assist inspectors in an inspection or visit, such as medical, security and administrative personnel and interpreters.</Text></Provision><Provision format-ref="indent-0-0" language-align="yes"><Label>14</Label><Text><DefinedTermEn>Inspection Mandate</DefinedTermEn> means the instructions issued by the Director-General to the inspection team for the conduct of a particular inspection.</Text></Provision><Provision format-ref="indent-0-0" language-align="yes"><Label>15</Label><Text><DefinedTermEn>Inspection Manual</DefinedTermEn> means the compilation of additional procedures for the conduct of inspections developed by the Technical Secretariat.</Text></Provision><Provision format-ref="indent-0-0" language-align="yes"><Label>16</Label><Text><DefinedTermEn>Inspection Site</DefinedTermEn> means any facility or area at which an inspection is carried out and which is specifically defined in the respective facility agreement or inspection request or mandate or inspection request as expanded by the alternative or final perimeter.</Text></Provision><Provision format-ref="indent-0-0" language-align="yes"><Label>17</Label><Text><DefinedTermEn>Inspection Team</DefinedTermEn> means the group of inspectors and inspection assistants assigned by the Director-General to conduct a particular inspection.</Text></Provision><Provision format-ref="indent-0-0" language-align="yes"><Label>18</Label><Text><DefinedTermEn>Inspector</DefinedTermEn> means an individual designated by the Technical Secretariat according to the procedures as set forth in Part II, Section A, of this Annex, to carry out an inspection or visit in accordance with this Convention.</Text></Provision><Provision format-ref="indent-0-0" language-align="yes"><Label>19</Label><Text><DefinedTermEn>Model Agreement</DefinedTermEn> means a document specifying the general form and content for an agreement concluded between a State Party and the Organization for fulfilling the verification provisions specified in this Annex.</Text></Provision><Provision format-ref="indent-0-0" language-align="yes"><Label>20</Label><Text><DefinedTermEn>Observer</DefinedTermEn> means a representative of a requesting State Party or a third State Party to observe a challenge inspection.</Text></Provision><Provision format-ref="indent-0-0" language-align="yes"><Label>21</Label><Text><DefinedTermEn>Perimeter</DefinedTermEn> in case of challenge inspection means the external boundary of the inspection site, defined by either geographic coordinates or description on a map.</Text><Provision format-ref="indent-1-1" language-align="no"><Label>(a)</Label><Text><DefinedTermEn>Requested Perimeter</DefinedTermEn> means the inspection site perimeter as specified in conformity with Part X, paragraph 8, of this Annex;</Text></Provision><Provision format-ref="indent-1-1" language-align="no"><Label>(b)</Label><Text><DefinedTermEn>Alternative Perimeter</DefinedTermEn> means the inspection site perimeter as specified, alternatively to the requested perimeter, by the inspected State Party; it shall conform to the requirements specified in Part X, paragraph 17, of this Annex;</Text></Provision><Provision format-ref="indent-1-1" language-align="no"><Label>(c)</Label><Text><DefinedTermEn>Final Perimeter</DefinedTermEn> means the final inspection site perimeter as agreed in negotiations between the inspection team and the inspected State Party, in accordance with Part X, paragraphs 16 to 21, of this Annex;</Text></Provision><Provision format-ref="indent-1-1" language-align="no"><Label>(d)</Label><Text><DefinedTermEn>Declared Perimeter</DefinedTermEn> means the external boundary of the facility declared pursuant to Articles III, IV, V and VI.</Text></Provision></Provision><Provision format-ref="indent-0-0" language-align="yes"><Label>22</Label><Text><DefinedTermEn>Period of Inspection</DefinedTermEn>, for the purposes of Article IX, means the period of time from provision of access to the inspection team to the inspection site until its departure from the inspection site, exclusive of time spent on briefings before and after the verification activities.</Text></Provision><Provision format-ref="indent-0-0" language-align="yes"><Label>23</Label><Text><DefinedTermEn>Period of Inspection</DefinedTermEn>, for the purposes of Articles IV, V and VI, means the period of time from arrival of the inspection team at the inspection site until its departure from the inspection site, exclusive of time spent on briefings before and after the verification activities.</Text></Provision><Provision format-ref="indent-0-0" language-align="yes"><Label>24</Label><Text><DefinedTermEn>Point of Entry</DefinedTermEn> / <DefinedTermEn>Point of Exit</DefinedTermEn> means a location designated for the in-country arrival of inspection teams for inspections pursuant to this Convention or for their departure after completion of their mission.</Text></Provision><Provision format-ref="indent-0-0" language-align="yes"><Label>25</Label><Text><DefinedTermEn>Requesting State Party</DefinedTermEn> means a State Party which has requested a challenge inspection pursuant to Article IX.</Text></Provision><Provision format-ref="indent-0-0" language-align="yes"><Label>26</Label><Text><DefinedTermEn>Tonne</DefinedTermEn> means metric ton, i.e. 1,000 kg.</Text></Provision></Group></DocumentInternal></Schedule></Statute>