﻿<?xml version="1.0" encoding="utf-8"?><!DOCTYPE Statute PUBLIC "-//Justice Canada//DTD Statute v2.0.0//EN" "Dtd/Version_2.0.0/Statute/Statute.dtd"><Statute bill-origin="commons" bill-type="govt-public" xml:lang="en" in-force="yes"><Identification><LongTitle>An Act respecting the establishment of the Centennial Flame Research Award to publicize the contributions to Canadian public life of persons with disabilities</LongTitle><ShortTitle status="official">Centennial Flame Research Award Act</ShortTitle><RunningHead>Centennial Flame Research Award</RunningHead><BillHistory><Stages stage="assented-to"><Date><YYYY>1991</YYYY><MM>March</MM><DD>27</DD></Date></Stages><Stages stage="consolidation"><Date><YYYY>2018</YYYY><MM>08</MM><DD>20</DD></Date></Stages></BillHistory><Chapter><ConsolidatedNumber official="no">C-27.5</ConsolidatedNumber><AnnualStatuteId revised-statute="no"><AnnualStatuteNumber>17</AnnualStatuteNumber><YYYY>1991</YYYY></AnnualStatuteId></Chapter></Identification><Introduction><Enacts><Provision language-align="no" format-ref="indent-0-0"><Text>Her Majesty, by and with the advice and consent of the Senate and House of Commons of Canada, enacts as follows:</Text></Provision></Enacts></Introduction><Body><Heading level="1"><TitleText>Short Title</TitleText></Heading><Section><MarginalNote>Short title</MarginalNote><Label>1</Label><Text>This Act may be cited as the <XRefExternal reference-type="act">Centennial Flame Research Award Act</XRefExternal>.</Text></Section><Heading level="1"><TitleText>Interpretation</TitleText></Heading><Section><MarginalNote>Definitions</MarginalNote><Label>2</Label><Text>In this Act,</Text><Definition><MarginalNote><DefinedTermEn>award</DefinedTermEn></MarginalNote><MarginalNote><DefinedTermFr>bourse</DefinedTermFr></MarginalNote><Text><DefinedTermEn>award</DefinedTermEn> means the award established by section 3;</Text></Definition><Definition><MarginalNote><DefinedTermEn>Committee</DefinedTermEn></MarginalNote><MarginalNote><DefinedTermFr>comité</DefinedTermFr></MarginalNote><Text><DefinedTermEn>Committee</DefinedTermEn> means those committees of the Senate and the House of Commons established to deal with matters relating to the status of disabled persons, acting as administrators of the fund established under section 3;</Text></Definition><Definition><MarginalNote><DefinedTermEn>disabled persons</DefinedTermEn></MarginalNote><MarginalNote><DefinedTermFr>personne handicapée</DefinedTermFr></MarginalNote><Text><DefinedTermEn>disabled persons</DefinedTermEn> means persons who consider themselves disadvantaged by reason of any persistent physical, mental, psychiatric, learning or sensory impairment or who believe that a potential employer would likely consider them so disadvantaged;</Text></Definition><Definition><MarginalNote><DefinedTermEn>fiscal year</DefinedTermEn></MarginalNote><MarginalNote><DefinedTermFr>exercice</DefinedTermFr></MarginalNote><Text><DefinedTermEn>fiscal year</DefinedTermEn> means the period beginning on April 1 in one year and ending on March 31 in the next year.</Text></Definition></Section><Section><MarginalNote>Fund established</MarginalNote><Label>3</Label><Subsection><Label>(1)</Label><Text>There is hereby established a fund to be known as the Centennial Flame Research Award Fund into which shall be paid, in each fiscal year,</Text><Paragraph><Label>(a)</Label><Text>all money collected from the Centennial Flame monument on Parliament Hill in Ottawa; and</Text></Paragraph><Paragraph><Label>(b)</Label><Text>any money otherwise received as a donation to the Centennial Flame Research Award Fund.</Text></Paragraph></Subsection><Subsection><MarginalNote>Payments out of fund</MarginalNote><Label>(2)</Label><Text>Following an approved application for an award under this Act in the second or any subsequent fiscal year of the fund, there shall be paid from the fund an award for the purpose set out in section 4.</Text></Subsection></Section><Section><MarginalNote>Purpose of award</MarginalNote><Label>4</Label><Text>The purpose of the Centennial Flame Research Award Fund is to provide awards of money to enable disabled persons to conduct research and prepare reports on the contributions of one or more disabled persons to the public life of Canada or the activities of Parliament.</Text></Section><Section><MarginalNote>Eligibility of candidates</MarginalNote><Label>5</Label><Subsection><Label>(1)</Label><Text>Any Canadian citizen who is a disabled person is eligible to receive the award and may apply to the Committee to that effect.</Text></Subsection><Subsection><MarginalNote>Annual</MarginalNote><Label>(2)</Label><Text>The award shall be granted annually.</Text></Subsection><Subsection><MarginalNote>Selection</MarginalNote><Label>(3)</Label><Text>The Committee shall receive the applications for the award and select one recipient who qualifies under subsection (1) and meets such other criteria as the Committee considers appropriate and the Speakers of the Senate and the House of Commons approve.</Text></Subsection></Section><Section><MarginalNote>Administration</MarginalNote><Label>6</Label><Subsection><Label>(1)</Label><Text>The Board of Internal Economy of the House of Commons shall supervise the collection of money for the Centennial Flame Research Award Fund and, subject to this Act and to such regulations as the Board may make in that behalf, may take any measures necessary for carrying out the purposes of this Act.</Text></Subsection><Subsection><MarginalNote>Award renewable</MarginalNote><Label>(2)</Label><Text>The award is renewable if the Speaker of the Senate and the Speaker of the House of Commons approve a recommendation of the Committee to that effect.</Text></Subsection></Section><Section><MarginalNote>Annual report</MarginalNote><Label>7</Label><Subsection><Label>(1)</Label><Text>As soon as possible after the end of each fiscal year, the chairman of the Committee shall cause an annual report on the administration of this Act to be laid before both Houses of Parliament.</Text></Subsection><Subsection><MarginalNote>Report of recipient</MarginalNote><Label>(2)</Label><Text>The annual report shall include the report prepared by the award recipient in accordance with subsection (3).</Text></Subsection><Subsection><MarginalNote>Contents of the report of the recipient</MarginalNote><Label>(3)</Label><Text>The award recipient shall prepare a report describing the result of the research conducted by the recipient and presented in whatever medium or format that the recipient considers appropriate.</Text></Subsection><Subsection><MarginalNote>Presence of recipient</MarginalNote><Label>(4)</Label><Text>The report of the award recipient shall be laid before the Committee and the Committee may call the recipient as a witness for the occasion.</Text></Subsection></Section></Body></Statute>