﻿<?xml version="1.0" encoding="utf-8"?><!--ArborText, Inc., 1988-2002, v.4002--><!DOCTYPE Statute PUBLIC "-//Justice Canada//DTD Statute v2.0.0//EN" "Dtd/Version_2.0.0/Statute/Statute.dtd"><Statute bill-origin="commons" bill-type="govt-public" xml:lang="en" in-force="yes"><Identification><LongTitle>An Act to provide for the payment of special allowances for the care and maintenance of certain children</LongTitle><ShortTitle status="official">Children’s Special Allowances Act</ShortTitle><RunningHead>Children’s Special Allowances</RunningHead><BillHistory><Stages stage="assented-to"><Date><YYYY>1993</YYYY><MM>January</MM><DD>1</DD></Date></Stages><Stages stage="consolidation"><Date><YYYY>2018</YYYY><MM>08</MM><DD>20</DD></Date></Stages></BillHistory><Chapter><ConsolidatedNumber official="no">C-28.5</ConsolidatedNumber><AnnualStatuteId revised-statute="no"><AnnualStatuteNumber>48, Sch.</AnnualStatuteNumber><YYYY>1992</YYYY></AnnualStatuteId></Chapter><ReaderNote><Note status="editorial" xml:space="default">[Enacted as Schedule to 1992, c. 48, in force January 1, 1993.]</Note></ReaderNote></Identification><Body><Heading level="1"><TitleText>Short Title</TitleText></Heading><Section><MarginalNote>Short title</MarginalNote><Label>1</Label><Text>This Act may be cited as the <XRefExternal reference-type="act">Children’s Special Allowances Act</XRefExternal>.</Text></Section><Heading level="1"><TitleText>Interpretation</TitleText></Heading><Section><MarginalNote>Definitions</MarginalNote><Label>2</Label><Text>In this Act,</Text><Definition><MarginalNote><DefinedTermEn>child</DefinedTermEn></MarginalNote><MarginalNote><DefinedTermFr>enfant</DefinedTermFr></MarginalNote><Text><DefinedTermEn>child</DefinedTermEn> means an individual who ordinarily resides in Canada and who is less than eighteen years of age;</Text></Definition><Definition><MarginalNote><DefinedTermEn>Minister</DefinedTermEn></MarginalNote><MarginalNote><DefinedTermFr>ministre</DefinedTermFr></MarginalNote><Text><DefinedTermEn>Minister</DefinedTermEn> means the Minister of National Revenue;</Text></Definition><Definition><MarginalNote><DefinedTermEn>prescribed</DefinedTermEn></MarginalNote><MarginalNote><DefinitionEnOnly>Version anglaise seulement</DefinitionEnOnly></MarginalNote><Text><DefinedTermEn>prescribed</DefinedTermEn> means prescribed by regulations;</Text></Definition><Definition><MarginalNote><DefinedTermEn>special allowance</DefinedTermEn></MarginalNote><MarginalNote><DefinedTermFr>allocation spéciale</DefinedTermFr></MarginalNote><Text><DefinedTermEn>special allowance</DefinedTermEn> means an amount payable in respect of a child pursuant to section 3.</Text></Definition><HistoricalNote>1992, c. 48, s. 23 (Sch., s. 2); 1996, c. 11, s. 95; 1998, c. 19, s. 257.</HistoricalNote></Section><Section><Label>2.1</Label><Text><Repealed>[Repealed, 2016, c. 7, s. 50]</Repealed></Text></Section><Heading level="1"><TitleText>Special Allowances Payable</TitleText></Heading><Section><MarginalNote>Monthly special allowance</MarginalNote><Label>3</Label><Subsection><Label>(1)</Label><Text>Subject to this Act, there shall be paid out of the Consolidated Revenue Fund, for each month, a special allowance in the amount determined for that month by or pursuant to section 8 in respect of each child who</Text><Paragraph><Label>(a)</Label><Text>is maintained</Text><Subparagraph><Label>(i)</Label><Text>by a department or agency of the government of Canada or a province, or</Text></Subparagraph><Subparagraph><Label>(ii)</Label><Text>by an agency appointed by a province, including an authority established under the laws of a province, or by an agency appointed by such an authority, for the purpose of administering any law of the province for the protection and care of children,</Text></Subparagraph><ContinuedParagraph><Text>and who resides in an institution, a group foster home, the private home of foster parents or in the private home of a guardian, tutor or other individual occupying a similar role for the month, under a decree, order or judgment of a competent tribunal; or</Text></ContinuedParagraph></Paragraph><Paragraph><Label>(b)</Label><Text>is maintained by an institution licensed or otherwise authorized under the law of the province to have the custody or care of children.</Text></Paragraph></Subsection><Subsection><MarginalNote>Use of special allowance</MarginalNote><Label>(2)</Label><Text>A special allowance shall be applied exclusively toward the care, maintenance, education, training or advancement of the child in respect of whom it is paid.</Text></Subsection><HistoricalNote>1992, c. 48, s. 23 (Sch., s. 3); 2004, c. 26, s. 17; 2011, c. 24, s. 150.</HistoricalNote></Section><Section><Label>3.1</Label><Text><Repealed>[Repealed, 2016, c. 7, s. 51]</Repealed></Text></Section><Section><MarginalNote>Application for special allowance</MarginalNote><Label>4</Label><Subsection><Label>(1)</Label><Text>A special allowance is not payable in respect of a child for any month unless</Text><Paragraph><Label>(a)</Label><Text>an application therefor has been made in the prescribed manner by the department, agency or institution referred to in section 3 that maintains the child; and</Text></Paragraph><Paragraph><Label>(b)</Label><Text>payment of the special allowance has been approved under this Act.</Text></Paragraph></Subsection><Subsection><MarginalNote>Commencement of special allowance</MarginalNote><Label>(2)</Label><Text>Subject to subsections (3) and (4), where payment of a special allowance is approved in respect of a child, payment thereof shall commence with the month following the month in which the application therefor is received, but where a special allowance would have been payable before that month if an application therefor had been received, the special allowance is payable for each month commencing with the latest of</Text><Paragraph><Label>(a)</Label><Text>the eleventh month preceding the month in which the application was received,</Text></Paragraph><Paragraph><Label>(b)</Label><Text>the month in which a special allowance would first have been payable if an application therefor had been received, and</Text></Paragraph><Paragraph><Label>(c)</Label><Text>January 1993.</Text></Paragraph></Subsection><Subsection><MarginalNote>Idem</MarginalNote><Label>(3)</Label><Text>No special allowance is payable for the month in which the child in respect of whom the special allowance is payable commences to be maintained by a department, agency or institution, and no special allowance is payable in respect of a child for the month in which the child is born or commences to reside in Canada.</Text></Subsection><Subsection><MarginalNote>When special allowance ceases</MarginalNote><Label>(4)</Label><Text>A special allowance ceases to be payable with the payment for the month in which the child in respect of whom the special allowance is payable</Text><Paragraph><Label>(a)</Label><Text>ceases to be maintained by the department, agency or institution;</Text></Paragraph><Paragraph><Label>(b)</Label><Text>ceases to reside in Canada;</Text></Paragraph><Paragraph><Label>(c)</Label><Text>dies; or</Text></Paragraph><Paragraph><Label>(d)</Label><Text>reaches 18 years of age.</Text></Paragraph></Subsection><HistoricalNote>1992, c. 48, s. 23 (Sch., s. 4); 2006, c. 4, s. 171; 2015, c. 36, s. 39.</HistoricalNote></Section><Section><MarginalNote>Recipient of special allowance</MarginalNote><Label>5</Label><Text>Where payment of a special allowance is approved in respect of a child, the special allowance shall, in such manner and at such times as are determined by the Minister, be paid to the department, agency or institution referred to in section 3 that maintains the child or, in the prescribed circumstances, to a foster parent.</Text></Section><Section><MarginalNote>Report to be made</MarginalNote><Label>6</Label><Text>Where a special allowance ceases to be payable in respect of a child for a reason referred to in paragraph 4(4)(a), (b) or (c), the chief executive officer of the department, agency or institution that made the application under paragraph 4(1)(a) in respect of the child shall, as soon as possible after the special allowance ceases to be payable in respect of the child, notify the Minister in the prescribed form and manner.</Text></Section><Heading level="1"><TitleText>Protection of Special Allowances</TitleText></Heading><Section><MarginalNote>Special allowance not to be assigned or charged</MarginalNote><Label>7</Label><Text>A special allowance is not subject to tax under any Act of Parliament and shall not be assigned, charged, attached, anticipated or given as security, and a special allowance is payable subject to those conditions.</Text></Section><Heading level="1"><TitleText>Amount of Special Allowances</TitleText></Heading><Section><MarginalNote>Calculation of amount</MarginalNote><Label>8</Label><Subsection><Label>(1)</Label><Text>The amount of special allowance to be paid in respect of a child for a month is one twelfth of the total of</Text><Paragraph><Label>(a)</Label><Text>if the child has not reached the age of six years at the beginning of the month, the amount expressed in dollars in paragraph (a) of the description of E in subsection 122.61(1) of the <XRefExternal reference-type="act">Income Tax Act</XRefExternal>,</Text></Paragraph><Paragraph><Label>(b)</Label><Text>if the child is six years of age or older at the beginning of the month, the amount expressed in dollars in paragraph (b) of the description of E in subsection 122.61(1) of the <XRefExternal reference-type="act">Income Tax Act</XRefExternal>, and</Text></Paragraph><Paragraph><Label>(c)</Label><Text>if an amount may be deducted under section 118.3 of the<XRefExternal reference-type="act">Income Tax Act</XRefExternal> in respect of the child for the taxation year that includes the month, the amount expressed in dollars in the description of N in subsection 122.61(1) of that Act.</Text></Paragraph></Subsection><Subsection><MarginalNote>Rounding of amounts</MarginalNote><Label>(2)</Label><Text>In the event that an amount calculated pursuant to subsection (1) contains a fraction of a cent, the amount shall be rounded to the nearest whole cent or, if the result is equidistant from two whole cents, to the higher thereof.</Text></Subsection><HistoricalNote>1992, c. 48, s. 23 (Sch., s. 8); 1998, c. 21, s. 98; 2003, c. 15, s. 90; 2016, c. 7, s. 52.</HistoricalNote></Section><Heading level="1"><TitleText>Recovery of Special Allowances</TitleText></Heading><Section><MarginalNote>Return of special allowance where recipient not entitled</MarginalNote><Label>9</Label><Subsection><Label>(1)</Label><Text>Any person, department, agency or institution that has received or obtained by cheque or otherwise payment of a special allowance under this Act to which the person, department, agency or institution is not entitled, or payment in excess of the amount to which the person, department, agency or institution is entitled, shall, as soon as possible, return the cheque or the amount of the payment, or the excess amount, as the case may be.</Text></Subsection><Subsection><MarginalNote>Recovery of amount of payment as debt due to Her Majesty</MarginalNote><Label>(2)</Label><Text>Where a person, department, agency or institution has received or obtained payment of a special allowance under this Act to which the person, department, agency or institution is not entitled, or payment in excess of the amount to which the person, department, agency or institution is entitled, the amount of the special allowance or the amount of the excess, as the case may be, constitutes a debt due to Her Majesty.</Text></Subsection><Subsection><MarginalNote>Deduction from subsequent special allowance</MarginalNote><Label>(3)</Label><Text>Where any person, department, agency or institution has received or obtained payment of a special allowance under this Act to which the person, department, agency or institution is not entitled, or payment in excess of the amount to which the person, department, agency or institution is entitled, the amount of the special allowance or the amount of the excess, as the case may be, may be deducted and retained in such manner as is prescribed out of any special allowance to which the person, department, agency or institution is or subsequently becomes entitled under this Act.</Text></Subsection></Section><Heading level="1"><TitleText>Information</TitleText></Heading><Section><MarginalNote>Communication of privileged information</MarginalNote><Label>10</Label><Subsection><Label>(1)</Label><Text>Except as provided in this section or section 11, all information with respect to any individual obtained by the Minister in the course of the administration of this Act and the regulations or the carrying out of an agreement entered into under section 11 is privileged and no person shall knowingly make available or allow to be made available to any person not legally entitled thereto any such information.</Text></Subsection><Subsection><MarginalNote>Release of information</MarginalNote><Label>(2)</Label><Text>Any information obtained by or on behalf of the Minister in the course of the administration or enforcement of this Act or the regulations or the carrying out of an agreement entered into under section 11 may be communicated to any person if it can reasonably be regarded as necessary for the purposes of the administration or enforcement of this Act, the <XRefExternal reference-type="act">Income Tax Act</XRefExternal>, the <XRefExternal reference-type="act">Canada Disability Savings Act</XRefExternal> or the <XRefExternal reference-type="act">Canada Education Savings Act</XRefExternal> or a program administered under an agreement entered into under section 12 of the <XRefExternal reference-type="act">Canada Education Savings Act</XRefExternal>.</Text></Subsection><Subsection><MarginalNote>Release of information to members of Parliament</MarginalNote><Label>(2.1)</Label><Text>Any information with respect to an individual obtained pursuant to this Act or the regulations may be made available or allowed to be made available to a member of Parliament where such information is necessary to respond to a request made by or on behalf of that individual to the member of Parliament for information in relation to that individual.</Text></Subsection><Subsection><MarginalNote>Evidence and production of documents</MarginalNote><Label>(3)</Label><Text>Notwithstanding any other Act or law, no officer or employee of Her Majesty shall be required, in connection with any legal proceedings, to produce or to give evidence relating to any information that is privileged under subsection (1).</Text></Subsection><Subsection><MarginalNote>Application of subsections (1) and (3)</MarginalNote><Label>(4)</Label><Text>Subsections (1) and (3) do not apply in respect of</Text><Paragraph><Label>(a)</Label><Text>proceedings relating to the administration or enforcement of this Act; or</Text></Paragraph><Paragraph><Label>(b)</Label><Text>proceedings, either by indictment or on summary conviction, that have been commenced by the laying of an information, under an Act of Parliament, where the disclosure of information is required for the purpose of complying with a subpoena or warrant issued by a court or an order made by a court.</Text></Paragraph></Subsection><Subsection><MarginalNote>Offence</MarginalNote><Label>(5)</Label><Text>Every person who knowingly contravenes this section by communicating or allowing to be communicated to any person privileged information or by allowing any person to inspect or have access to any statement or other writing containing any such information is guilty of an offence punishable on summary conviction.</Text></Subsection><HistoricalNote>1992, c. 48, s. 23 (Sch., s. 10); 1995, c. 33, s. 47; 1996, c. 11, ss. 50, 97, 101, c. 16, s. 61; 1998, c. 19, s. 258; 2004, c. 26, s. 18; 2007, c. 35, s. 137.</HistoricalNote></Section><Section><MarginalNote>Agreements with provinces for exchange of information</MarginalNote><Label>11</Label><Text>The Minister may enter into an agreement with the government of any province for the purpose of obtaining information in connection with the administration or enforcement of this Act or the regulations and of furnishing to that government, under prescribed conditions, any information obtained by or on behalf of the Minister in the course of the administration or enforcement of this Act or the regulations, if the Minister is satisfied that the information to be furnished to that government under the agreement is to be used for the purpose of the administration of a social program, income assistance program or health insurance program in the province.</Text><HistoricalNote>1992, c. 48, s. 23 (Sch., s. 11); 1996, c. 11, s. 97; 1998, c. 19, s. 259.</HistoricalNote></Section><Heading level="1"><TitleText>Commissioners for Oaths</TitleText></Heading><Section><MarginalNote>Commissioners for oaths, etc.</MarginalNote><Label>12</Label><Subsection><Label>(1)</Label><Text>Any officer or employee of Her Majesty who is authorized by the Minister for the purpose may, in the course of their employment and subject to any other Act of Parliament or any Act of the legislature of a province, administer oaths and take and receive affidavits, declarations and solemn affirmations and every person so authorized has, with respect to any such oath, affidavit, declaration or solemn affirmation, all the powers of a commissioner for taking affidavits.</Text></Subsection><Subsection><MarginalNote>Acceptance of oaths, etc.</MarginalNote><Label>(2)</Label><Text>The Minister may accept, for the purposes of the administration of this Act or the regulations, any oath administered or affidavit, declaration or solemn affirmation given by any officer or employee of any department in, or other portion of, the federal public administration specified in Schedule I, IV or V to the <XRefExternal reference-type="act">Financial Administration Act</XRefExternal> or of any department of the government of a province who has all the powers of a commissioner for taking affidavits.</Text></Subsection><HistoricalNote>1992, c. 48, s. 23 (Sch., s. 12); 1995, c. 33, s. 48; 2003, c. 22, s. 148.</HistoricalNote></Section><Heading level="1"><TitleText>Regulations</TitleText></Heading><Section><MarginalNote>Regulations</MarginalNote><Label>13</Label><Text>The Governor in Council may make regulations</Text><Paragraph><Label>(a)</Label><Text>providing for the suspension of payment of a special allowance during any investigation respecting the eligibility of a department, agency or institution to receive the special allowance and specifying the circumstances in which payment of a special allowance, the payment of which has been suspended, may be resumed;</Text></Paragraph><Paragraph><Label>(b)</Label><Text>prescribing the manner of making applications under this Act and the form and manner of giving notices under section 6, the information and evidence to be furnished in connection therewith and the procedure to be followed in dealing with and approving applications;</Text></Paragraph><Paragraph><Label>(c)</Label><Text>specifying for the purposes of this Act the circumstances in which a child shall be considered to be maintained by a department, agency or institution; and</Text></Paragraph><Paragraph><Label>(d)</Label><Text>prescribing any matter or thing that by this Act is to be prescribed.</Text></Paragraph></Section></Body><Schedule id="RelatedProvs"><ScheduleFormHeading type="amending"><TitleText>RELATED PROVISIONS</TitleText></ScheduleFormHeading><BillPiece><Heading level="5" style="nifrp"><TitleText>
                    — 1998, c. 19, s. 257(2)</TitleText></Heading><Section><Label /><Subsection><Label>(1)</Label><Text>Subsection (1) applies after August 27, 1995.</Text></Subsection></Section><Heading level="5" style="nifrp"><TitleText>
                    — 1998, c. 19, s. 258(2)</TitleText></Heading><Section><Label /><Subsection><Label>(2)</Label><Text>Subsection (1) applies after August 27, 1995.</Text></Subsection></Section><Heading level="5" style="nifrp"><TitleText>
                    — 1998, c. 19, s. 259(2)</TitleText></Heading><Section><Label /><Subsection><Label>(2)</Label><Text>Subsection (1) applies after August 27, 1995.</Text></Subsection></Section><Heading level="5" style="nifrp"><TitleText>
                    — 1998, c. 21, s. 98(2)</TitleText></Heading><Section><Label /><Subsection><Label>(2)</Label><Text>Subsection (1) applies with respect to special allowances payable for months that are after June 1998.</Text></Subsection></Section><Heading level="5" style="nifrp"><TitleText>
                    — 2003, c. 15, s. 90(2)</TitleText></Heading><Section><Label>90</Label><Subsection><Label>(2)</Label><Text>Subsection (1) applies in respect of special allowances payable for months that are after June 2003.</Text></Subsection></Section><Heading level="5" style="nifrp"><TitleText>
                    — 2011, c. 24, s. 150(2)</TitleText></Heading><Section><MarginalNote>Application</MarginalNote><Label>150</Label><Subsection><Label>(2)</Label><Text>Paragraph 3(1)(a) of the Act, as amended by subsection (1), applies to special allowances payable for months after December 2011.</Text></Subsection></Section></BillPiece></Schedule></Statute>