﻿<?xml version="1.0" encoding="utf-8"?><!DOCTYPE Statute PUBLIC "-//Justice Canada//DTD Statute v2.0.0//EN" "Dtd/Version_2.0.0/Statute/Statute.dtd"><Statute bill-origin="commons" bill-type="govt-public" xml:lang="en" in-force="yes"><Identification><LongTitle>An Act to amend the Income Tax Act, to enact the Children’s Special Allowances Act, to amend certain other Acts in consequence thereof and to repeal the Family Allowances Act</LongTitle><ShortTitle status="unofficial">Children’s Special Allowances Act</ShortTitle><RunningHead>Children’s Special Allowances</RunningHead><BillHistory><Stages stage="assented-to"><Date><YYYY>1992</YYYY><MM>10</MM><DD>15</DD></Date></Stages><Stages stage="consolidation"><Date><YYYY>2018</YYYY><MM>08</MM><DD>20</DD></Date></Stages></BillHistory><Chapter><ConsolidatedNumber official="no">C-28.51</ConsolidatedNumber><AnnualStatuteId revised-statute="no"><AnnualStatuteNumber>48</AnnualStatuteNumber><YYYY>1992</YYYY></AnnualStatuteId></Chapter></Identification><Introduction><Enacts><Provision format-ref="indent-0-0" language-align="no"><Text>Her Majesty, by and with the advice and consent of the Senate and House of Commons of Canada, enacts as follows:</Text></Provision></Enacts></Introduction><Body><Heading level="1"><TitleText>Income Tax Act</TitleText></Heading><Section><Label>1 to 22</Label><Text>[Amendments]</Text></Section><Heading level="1"><TitleText>Children’s Special Allowances Act</TitleText></Heading><Section><MarginalNote>Children’s special allowances</MarginalNote><Label>23</Label><Subsection><Label>(1)</Label><Text>The <XRefExternal reference-type="act">Children’s Special Allowances Act</XRefExternal> is enacted as set out in the schedule.</Text></Subsection><Subsection><Label>(2)</Label><Text>Subsection (1) shall come into force on January 1, 1993.</Text></Subsection></Section><Heading level="1"><TitleText>Transitional</TitleText></Heading><Section><MarginalNote>Transitional</MarginalNote><Label>24</Label><Text>A department, agency or institution that has applied for a special allowance in respect of a child pursuant to the <XRefExternal reference-type="act">Family Allowances Act</XRefExternal> shall be deemed to have applied for the special allowance in respect of the child pursuant to the <XRefExternal reference-type="act">Children’s Special Allowances Act</XRefExternal> from and after the day on which the <XRefExternal reference-type="act">Children’s Special Allowances Act</XRefExternal> comes into force, and if the special allowance is payable with respect to a period during which the <XRefExternal reference-type="act">Family Allowances Act</XRefExternal> was in force, the amount of the special allowance with respect to that period shall, notwithstanding section 8 of the <XRefExternal reference-type="act">Children’s Special Allowances Act</XRefExternal>, be the amount that would have been payable under the <XRefExternal reference-type="act">Family Allowances Act</XRefExternal>.</Text></Section><Section><MarginalNote>Transitional</MarginalNote><Label>25</Label><Text>A department, agency or institution that is entitled to apply for a special allowance in respect of a child pursuant to the <XRefExternal reference-type="act">Family Allowances Act</XRefExternal> shall be deemed to be entitled to apply for the special allowance in respect of the child pursuant to the <XRefExternal reference-type="act">Children’s Special Allowances Act</XRefExternal> from and after the day on which the <XRefExternal reference-type="act">Children’s Special Allowances Act</XRefExternal> comes into force, and if the special allowance is payable with respect to a period during which the <XRefExternal reference-type="act">Family Allowances Act</XRefExternal> was in force, the amount of the special allowance with respect to that period shall, notwithstanding section 8 of the <XRefExternal reference-type="act">Children’s Special Allowances Act</XRefExternal>, be the amount that would have been payable under the <XRefExternal reference-type="act">Family Allowances Act</XRefExternal>.</Text></Section><Section><MarginalNote>Transitional</MarginalNote><Label>26</Label><Text>A department, agency or institution to which a special allowance was payable in respect of a child pursuant to the <XRefExternal reference-type="act">Family Allowances Act</XRefExternal> on the day on which that Act is repealed shall be deemed to be a department, agency or institution for which the payment of a special allowance has been approved in respect of the child pursuant to the <XRefExternal reference-type="act">Children’s Special Allowances Act</XRefExternal> on the day on which that Act comes into force.</Text></Section><Section><Label>27</Label><Text>Sections 24 to 26 shall come into force on January 1, 1993.</Text></Section><Heading level="1"><TitleText>Consequential Amendments</TitleText></Heading><Section><Label>28 to 30</Label><Text>[Amendments]</Text></Section><Heading level="1"><TitleText>Repeal</TitleText></Heading><Section><MarginalNote>Repeal of R.S., c. F-1</MarginalNote><Label>31</Label><Subsection><Label>(1)</Label><Text>The <XRefExternal reference-type="act">Family Allowances Act</XRefExternal> is repealed.</Text></Subsection><Subsection><MarginalNote>Payment after 1993</MarginalNote><Label>(2)</Label><Text>No payment of an amount referred to in subsection 3(1) of the <XRefExternal reference-type="act">Family Allowances Act</XRefExternal> shall be made on the basis of a request for payment thereof made after 1993.</Text></Subsection><Subsection><Label>(3)</Label><Text>Subsections (1) and (2) shall come into force on January 1, 1993.</Text></Subsection></Section></Body><Schedule spanlanguages="no" bilingual="no"><ScheduleFormHeading><Label>SCHEDULE</Label><OriginatingRef>(Subsection 23(1))</OriginatingRef><TitleText>[See Children’s Special Allowances Act]</TitleText></ScheduleFormHeading></Schedule></Statute>