﻿<?xml version="1.0" encoding="utf-8"?><!--Arbortext, Inc., 1988-2004, v.4002--><!DOCTYPE Statute PUBLIC "-//Justice Canada//DTD Statute v2.0.0//EN" "Dtd/Version_2.0.0/Statute/Statute.dtd"><Statute bill-origin="commons" bill-type="govt-public" xml:lang="en" in-force="yes"><Identification><BillNumber>C-28</BillNumber><Parliament><Session>2</Session><Number>39</Number><RegnalYear><Year-s>56</Year-s><Monarch>Elizabeth II</Monarch></RegnalYear><Year-s>2007</Year-s></Parliament><LongTitle>An Act to encourage savings for persons with disabilities</LongTitle><ShortTitle status="official">Canada Disability Savings Act</ShortTitle><RunningHead>Canada Disability Savings</RunningHead><BillHistory><Stages stage="consolidation"><Date><YYYY>2018</YYYY><MM>08</MM><DD>20</DD></Date></Stages><Stages stage="assented-to"><Date><YYYY>2007</YYYY><MM>12</MM><DD>14</DD></Date></Stages></BillHistory><Chapter><ConsolidatedNumber official="no">C-3.5</ConsolidatedNumber><AnnualStatuteId><AnnualStatuteNumber>35, s. 136</AnnualStatuteNumber><YYYY>2007</YYYY></AnnualStatuteId></Chapter></Identification><Introduction><Enacts><Provision format-ref="indent-0-0" language-align="yes" list-item="no"><Text>[Enacted by section 136 of chapter 35 of the Statutes of Canada, 2007, in force December 1, 2008, <Emphasis style="italic">see</Emphasis> SI/2008-63.]</Text></Provision></Enacts></Introduction><Body><Heading level="1"><TitleText>Short Title</TitleText></Heading><Section><MarginalNote>Short title</MarginalNote><Label>1</Label><Text>This Act may be cited as the <XRefExternal reference-type="act">Canada Disability Savings Act</XRefExternal>.</Text></Section><Heading level="1"><TitleText>Interpretation</TitleText></Heading><Section><MarginalNote>Definitions</MarginalNote><Label>2</Label><Subsection><Label>(1)</Label><Text>The following definitions apply in this Act.</Text><Definition><Text><DefinedTermEn>Canada child benefit</DefinedTermEn> means a deemed overpayment under Subdivision A.1 of Division E of Part I of the <XRefExternal reference-type="act">Income Tax Act</XRefExternal>. (<DefinedTermFr>allocation canadienne pour enfants</DefinedTermFr>)</Text></Definition><Definition><Text><DefinedTermEn>Canada Disability Savings Bond</DefinedTermEn> means the bond payable or paid under section 7. (<DefinedTermFr>bon canadien pour l’épargne-invalidité</DefinedTermFr>)</Text></Definition><Definition><Text><DefinedTermEn>Canada Disability Savings Grant</DefinedTermEn> means the grant payable or paid under section 6. (<DefinedTermFr>subvention canadienne pour l’épargne-invalidité</DefinedTermFr>)</Text></Definition><Definition><Text><DefinedTermEn>child tax benefit</DefinedTermEn><Repealed>[Repealed, 2016, c. 12, s. 114]</Repealed></Text></Definition><Definition><Text><DefinedTermEn>contribution</DefinedTermEn><Repealed>[Repealed, 2010, c. 12, s. 26]</Repealed></Text></Definition><Definition><Text><DefinedTermEn>family income</DefinedTermEn> means the income determined by the Minister in accordance with the definition <DefinitionRef>adjusted income</DefinitionRef> in section 122.6 of the <XRefExternal reference-type="act">Income Tax Act</XRefExternal> by using the information provided by the Minister of National Revenue for that purpose. (<DefinedTermFr>revenu familial</DefinedTermFr>)</Text></Definition><Definition><Text><DefinedTermEn>first threshold</DefinedTermEn> for a particular year means the dollar amount referred to in paragraph 117(2)(a) of the <XRefExternal reference-type="act">Income Tax Act</XRefExternal>, as adjusted under that Act for the particular year. (<DefinedTermFr>premier seuil</DefinedTermFr>)</Text></Definition><Definition><Text><DefinedTermEn>phase-out income</DefinedTermEn> for a particular year means</Text><Paragraph><Label>(a)</Label><Text>if the particular year is before 2017, the amount determined by the formula</Text><FormulaGroup><Formula><FormulaText>A – (B/0.122)</FormulaText></Formula><FormulaConnector>where</FormulaConnector><FormulaDefinition><FormulaTerm>A</FormulaTerm><Text>is the first threshold for the particular year, and</Text></FormulaDefinition><FormulaDefinition><FormulaTerm>B</FormulaTerm><Text>is the amount referred to in paragraph (a) of the description of F in subsection 122.61(1) of the <XRefExternal reference-type="act">Income Tax Act</XRefExternal>, as that subsection read on January 1, 2016, as adjusted under that Act for the particular year; or</Text></FormulaDefinition></FormulaGroup></Paragraph><Paragraph><Label>(b)</Label><Text>if the particular year is 2017 or any subsequent year, the dollar amount referred to in paragraph (a) of the description of Q in subsection 122.61(1) of the <XRefExternal reference-type="act">Income Tax Act</XRefExternal>, as adjusted under that Act for the particular year. (<DefinedTermFr>revenu de transition</DefinedTermFr>)</Text></Paragraph></Definition><Definition><Text><DefinedTermEn>second threshold</DefinedTermEn> for a particular year means the higher dollar amount referred to in paragraph 117(2)(b) of the <XRefExternal reference-type="act">Income Tax Act</XRefExternal>, as adjusted under the Act for the particular year. (<DefinedTermFr>deuxième seuil</DefinedTermFr>)</Text></Definition></Subsection><Subsection><MarginalNote><XRefExternal reference-type="act">Income Tax Act</XRefExternal> expressions</MarginalNote><Label>(2)</Label><Text>Unless a contrary intention appears, in this Act</Text><Paragraph><Label>(a)</Label><Text>the expressions <DefinitionRef>adjusted income</DefinitionRef>, <DefinitionRef>eligible individual</DefinitionRef> and <DefinitionRef>qualified dependant</DefinitionRef> have the same meanings as in section 122.6 of the <XRefExternal reference-type="act">Income Tax Act</XRefExternal>;</Text></Paragraph><Paragraph><Label>(b)</Label><Text>the expressions <DefinitionRef>contribution</DefinitionRef>, <DefinitionRef>designated provincial program</DefinitionRef>, <DefinitionRef>DTC-eligible individual</DefinitionRef>, <DefinitionRef>holder</DefinitionRef>, <DefinitionRef>issuer</DefinitionRef>, <DefinitionRef>registered disability savings plan</DefinitionRef>, <DefinitionRef>specified year</DefinitionRef> and <DefinitionRef>specified disability savings plan</DefinitionRef> have the same meanings as in section 146.4 of that Act; and</Text></Paragraph><Paragraph><Label>(c)</Label><Text>any other expression has the same meaning as in that Act.</Text></Paragraph></Subsection><HistoricalNote>2007, c. 35, s. 136 “2”; 2010, c. 12, s. 26, c. 25, s. 166; 2011, c. 15, s. 4; 2016, c. 12, s. 114.</HistoricalNote></Section><Heading level="1"><TitleText>Purpose</TitleText></Heading><Section><MarginalNote>Purpose</MarginalNote><Label>3</Label><Text>The purpose of this Act is to encourage long term savings through registered disability savings plans to provide for the financial security of persons with severe and prolonged impairments in physical or mental functions.</Text></Section><Heading level="1"><TitleText>Minister</TitleText></Heading><Section><MarginalNote>Designation of Minister</MarginalNote><Label>4</Label><Text>The Governor in Council may, by order, designate a minister of the Crown to be “the Minister” for the purposes of this Act.</Text></Section><Section><MarginalNote>Informing Canadians</MarginalNote><Label>5</Label><Text>The Minister may take any measures that the Minister considers appropriate to make known to Canadians the existence of Canada Disability Savings Grants and Canada Disability Savings Bonds.</Text></Section><Heading level="1"><TitleText>Payments</TitleText></Heading><Section><MarginalNote>Canada Disability Savings Grants</MarginalNote><Label>6</Label><Subsection><Label>(1)</Label><Text>Subject to this Act and the regulations, on application, the Minister may, in respect of any contribution made to a registered disability savings plan of a beneficiary, pay a Canada Disability Savings Grant into the plan. The grant is to be paid on any terms and conditions that the Minister may specify by agreement between the Minister and the issuer of the plan.</Text></Subsection><Subsection><MarginalNote>Amount of grant</MarginalNote><Label>(2)</Label><Text>The amount of a Canada Disability Savings Grant that may be paid for a particular year is equal to</Text><Paragraph><Label>(a)</Label><Text>300% of the part of the total contributions made in the particular year that is less than or equal to $500, and 200% of the part of those contributions that is more than $500 but less than or equal to $1,500, if the beneficiary is</Text><Subparagraph><Label>(i)</Label><Text>an individual who is at least 18 years of age on December 31 of the year preceding the particular year and whose family income for the particular year is less than or equal to the second threshold for the particular year,</Text></Subparagraph><Subparagraph><Label>(ii)</Label><Text>a qualified dependant of an eligible individual whose adjusted income used to determine the amount of a Canada child benefit in respect of January in the particular year is less than or equal to the second threshold for the particular year, or</Text></Subparagraph><Subparagraph><Label>(iii)</Label><Text>a person in respect of whom a special allowance under the <XRefExternal reference-type="act">Children’s Special Allowances Act</XRefExternal> is payable for at least one month in the particular year; or</Text></Subparagraph></Paragraph><Paragraph><Label>(b)</Label><Text>100% of the total contributions made in the particular year, up to a maximum of $1,000, in any other case.</Text></Paragraph></Subsection><Subsection><MarginalNote>Deemed year of contribution</MarginalNote><Label>(2.1)</Label><Text>For the purposes of subsection (2), a contribution allocated to a year under subsection (2.2) is deemed to have been made in that year.</Text></Subsection><Subsection><MarginalNote>Allocation of contribution</MarginalNote><Label>(2.2)</Label><Text>The Minister may allocate a contribution made to the beneficiary’s registered disability savings plan in a year after 2010, in parts — to the year in which it is actually made and to each of the previous 10 years that is after 2007 and in which the plan was not a specified disability savings plan (other than a year in which the plan became a specified disability savings plan) — in the following order:</Text><Paragraph><Label>(a)</Label><Text>up to $500 to each year in which the beneficiary is one referred to in paragraph (2)(a), beginning with the earliest year, less any contributions allocated to the year in question;</Text></Paragraph><Paragraph><Label>(b)</Label><Text>up to $1500 to each year in which the beneficiary is one referred to in paragraph (2)(a), beginning with the earliest year, less any contributions allocated to the year in question including those so allocated under paragraph (a); and</Text></Paragraph><Paragraph><Label>(c)</Label><Text>up to $1000 to each year in which the beneficiary is not one referred to in paragraph (2)(a), beginning with the earliest year, less any contributions allocated to the year in question.</Text></Paragraph></Subsection><Subsection><MarginalNote>Residency and DTC-eligibility</MarginalNote><Label>(2.3)</Label><Text>No contribution made to the plan in a year may be allocated to a previous year unless, during that previous year, the beneficiary was resident in Canada and a DTC-eligible individual.</Text></Subsection><Subsection><MarginalNote>Limit</MarginalNote><Label>(2.4)</Label><Text>The Minister may allocate only the portion of contributions made to the plan in a year in respect of which, in accordance with subsection (2), a Canada Disability Savings Grant of up to $10,500 may be paid into the plan in that year.</Text></Subsection><Subsection><MarginalNote>Contributions made before 2011</MarginalNote><Label>(2.5)</Label><Text>For the purposes of determining the contributions allocated to the year in question under any of paragraphs (2.2)(a) to (c), contributions made to the plan in 2008, 2009 or 2010 are considered to have been allocated to the year in which they were actually made.</Text></Subsection><Subsection><MarginalNote>Family income</MarginalNote><Label>(3)</Label><Text>For the purposes of subparagraph (2)(a)(i), the family income for a particular year is that income determined for the year that ended on December 31 of the second preceding year.</Text></Subsection><Subsection><MarginalNote>No determination for January</MarginalNote><Label>(4)</Label><Text>If there has been no determination of eligibility for a Canada child benefit in respect of January in a particular year, the adjusted income to be used for the purposes of subparagraph (2)(a)(ii) is the adjusted income used to determine the amount of a Canada child benefit for the first month in the particular year in respect of which eligibility has been established.</Text></Subsection><Subsection><MarginalNote>Beneficiary born in December</MarginalNote><Label>(5)</Label><Text>In applying subsection (4) in respect of a beneficiary born in December, the reference to “the first month in the particular year in respect of which eligibility has been established” in that subsection is to be read as a reference to “January of the next year”.</Text></Subsection><Subsection><Label>(6)</Label><Text><Repealed>[Repealed, 2010, c. 12, s. 27]</Repealed></Text></Subsection><Subsection><MarginalNote>Lifetime cap</MarginalNote><Label>(7)</Label><Text>Not more than $70,000 in Canada Disability Savings Grants may be paid in respect of a beneficiary during their lifetime.</Text></Subsection><Subsection><MarginalNote>Annual cap</MarginalNote><Label>(8)</Label><Text>Not more than $10,500 in Canada Disability Savings Grants may be paid in respect of a beneficiary in a year.</Text></Subsection><Subsection><MarginalNote>Annual statement to plan holders</MarginalNote><Label>(9)</Label><Text>Once a year, the Minister shall cause each holder of a registered disability savings plan to be provided with a statement that sets out the amount of Canada Disability Savings Grants that may be paid for particular years on the basis of future contributions.</Text></Subsection><HistoricalNote>2007, c. 35, s. 136 “6”; 2010, c. 12, s. 27, c. 25, s. 167; 2011, c. 15, s. 5; 2016, c. 12, s. 115.</HistoricalNote></Section><Section><MarginalNote>Canada Disability Savings Bonds</MarginalNote><Label>7</Label><Subsection><Label>(1)</Label><Text>Subject to this Act and the regulations, on application, the Minister may pay a Canada Disability Savings Bond into a registered disability savings plan of a beneficiary</Text><Paragraph><Label>(a)</Label><Text>for each year after the year in which the plan is entered into; and</Text></Paragraph><Paragraph><Label>(b)</Label><Text>for the year in which the plan is entered into and for each of the previous 10 years</Text><Subparagraph><Label>(i)</Label><Text>that is after 2007,</Text></Subparagraph><Subparagraph><Label>(ii)</Label><Text>during which the beneficiary was resident in Canada, and</Text></Subparagraph><Subparagraph><Label>(iii)</Label><Text>for which a Canada Disability Savings Bond has not previously been paid.</Text></Subparagraph></Paragraph></Subsection><Subsection><MarginalNote>Terms and conditions</MarginalNote><Label>(1.1)</Label><Text>A Canada Disability Savings Bond is to be paid on any terms and conditions that the Minister may specify by agreement between the Minister and the issuer of the plan.</Text></Subsection><Subsection><MarginalNote>Amount of bond</MarginalNote><Label>(2)</Label><Text>The amount of a Canada Disability Savings Bond that may be paid for a particular year is</Text><Paragraph><Label>(a)</Label><Text>$1,000, if the beneficiary is</Text><Subparagraph><Label>(i)</Label><Text>an individual who is at least 18 years of age on December 31 of the year preceding the particular year and whose family income for the particular year is less than or equal to the phase-out income for the particular year,</Text></Subparagraph><Subparagraph><Label>(ii)</Label><Text>a qualified dependant of an eligible individual whose adjusted income used to determine the amount of a Canada child benefit in respect of January in the particular year is less than or equal to the phase-out income for the particular year, or</Text></Subparagraph><Subparagraph><Label>(iii)</Label><Text>a person in respect of whom a special allowance under the <XRefExternal reference-type="act">Children’s Special Allowances Act</XRefExternal> is payable for at least one month in the particular year; or</Text></Subparagraph></Paragraph><Paragraph><Label>(b)</Label><Text>the amount determined by the formula set out in subsection (4), if the beneficiary is</Text><Subparagraph><Label>(i)</Label><Text>an individual who is at least 18 years of age on December 31 of the year preceding the particular year and whose family income for the particular year is more than the phase-out income for the particular year but less than the first threshold for the particular year, or</Text></Subparagraph><Subparagraph><Label>(ii)</Label><Text>a qualified dependant of an eligible individual whose adjusted income used to determine the amount of a Canada child benefit in respect of January in the particular year is more than the phase-out income for the particular year but less than the first threshold for the particular year.</Text></Subparagraph></Paragraph></Subsection><Subsection><MarginalNote>Family income</MarginalNote><Label>(3)</Label><Text>For the purposes of subparagraphs (2)(a)(i) and (b)(i), the family income for a particular year is that income determined for the year that ended on December 31 of the second preceding year.</Text></Subsection><Subsection><MarginalNote>Formula</MarginalNote><Label>(4)</Label><Text>For the purposes of paragraph (2)(b), the formula is as follows:</Text><FormulaGroup><Formula><FormulaText>$1,000 - [$1,000 × (A - B) / (C - B)]</FormulaText></Formula><FormulaConnector>where</FormulaConnector><FormulaDefinition><FormulaTerm>A</FormulaTerm><Text>is, as the case may be, the family income referred to in subparagraph (2)(b)(i) or the adjusted income referred to in subparagraph (2)(b)(ii);</Text></FormulaDefinition><FormulaDefinition><FormulaTerm>B</FormulaTerm><Text>is the phase-out income for the particular year; and</Text></FormulaDefinition><FormulaDefinition><FormulaTerm>C</FormulaTerm><Text>is the first threshold for the particular year.</Text></FormulaDefinition></FormulaGroup></Subsection><Subsection><MarginalNote>Rounding of amounts</MarginalNote><Label>(5)</Label><Text>If an amount calculated under subsection (4) contains a fraction of a cent, the amount is to be rounded to the nearest whole cent or, if the amount is equidistant from two whole cents, to the higher of them.</Text></Subsection><Subsection><MarginalNote>No determination for January</MarginalNote><Label>(6)</Label><Text>If there has been no determination of eligibility for a Canada child benefit in respect of January in a particular year, the adjusted income to be used for the purposes of subparagraphs (2)(a)(ii) and (b)(ii) is the adjusted income used to determine the amount of a Canada child benefit for the first month in the particular year in respect of which eligibility has been established.</Text></Subsection><Subsection><MarginalNote>Beneficiary born in December</MarginalNote><Label>(7)</Label><Text>In applying subsection (6) in respect of a beneficiary born in December, the reference to “the first month in the particular year in respect of which eligibility has been established” in that subsection is to be read as a reference to “January of the next year”.</Text></Subsection><Subsection><Label>(8)</Label><Text><Repealed>[Repealed, 2010, c. 12, s. 28]</Repealed></Text></Subsection><Subsection><MarginalNote>Lifetime cap</MarginalNote><Label>(9)</Label><Text>Not more than $20,000 in Canada Disability Savings Bonds may be paid in respect of a beneficiary during their lifetime.</Text></Subsection><HistoricalNote>2007, c. 35, s. 136 “7”; 2010, c. 12, s. 28, c. 25, s. 168; 2016, c. 12, s. 115.</HistoricalNote></Section><Section><MarginalNote>Payment</MarginalNote><Label>8</Label><Text>Neither a Canada Disability Savings Grant nor a Canada Disability Savings Bond may be paid unless</Text><Paragraph><Label>(a)</Label><Text>the Minister is provided with, as the case may be,</Text><Subparagraph><Label>(i)</Label><Text>the Social Insurance Number of the beneficiary,</Text></Subparagraph><Subparagraph><Label>(ii)</Label><Text>the Social Insurance Number of the eligible individual referred to in subparagraph 6(2)(a)(ii) or 7(2)(a)(ii) or (b)(ii), and</Text></Subparagraph><Subparagraph><Label>(iii)</Label><Text>the business number of the department, agency or institution that maintains the beneficiary in respect of whom a special allowance is payable under the <XRefExternal reference-type="act">Children’s Special Allowances Act</XRefExternal> for a month in the particular year;</Text></Subparagraph></Paragraph><Paragraph><Label>(b)</Label><Text>the beneficiary is resident in Canada, in the case of a Canada Disability Savings Grant, at the time the contribution to the plan is made and, in the case of a Canada Disability Savings Bond, immediately before the payment is made; and</Text></Paragraph><Paragraph><Label>(c)</Label><Text>the plan is not a specified disability savings plan, in the case of a Canada Disability Savings Grant, at the time the contribution to the plan is made and, in the case of a Canada Disability Savings Bond, immediately before the payment is made.</Text></Paragraph><HistoricalNote>2007, c. 35, s. 136 “8”; 2011, c. 15, s. 6.</HistoricalNote></Section><Section><MarginalNote>Interest</MarginalNote><Label>9</Label><Text>The Minister may, in prescribed circumstances, pay interest, calculated as prescribed, in respect of Canada Disability Savings Grants or Canada Disability Savings Bonds.</Text></Section><Section><MarginalNote>Payments out of CRF</MarginalNote><Label>10</Label><Text>All amounts payable by the Minister under this Act shall be paid out of the Consolidated Revenue Fund.</Text></Section><Section><MarginalNote>Waiver</MarginalNote><Label>11</Label><Text>On application made by the holder or the beneficiary, to avoid undue hardship, the Minister may, in prescribed circumstances, waive any of the prescribed requirements of this Act or the regulations that relate to the payment of any amount or the repayment of any amount or earnings generated by that amount. The application must be in the form and manner approved by the Minister.</Text></Section><Heading level="1"><TitleText>General</TitleText></Heading><Section><MarginalNote>Debt due to Her Majesty</MarginalNote><Label>12</Label><Subsection><Label>(1)</Label><Text>An amount required to be repaid under this Act, the regulations or an agreement entered into under this Act constitutes a debt due to Her Majesty in right of Canada as of the date on which the Minister issues a written notice to the person responsible for the debt indicating the amount that is due.</Text></Subsection><Subsection><MarginalNote>Recovery of payments and interest</MarginalNote><Label>(2)</Label><Text>Debts due to Her Majesty in right of Canada under this Act are recoverable, including in the Federal Court or any other court of competent jurisdiction, by the Minister of National Revenue.</Text></Subsection><Subsection><MarginalNote>Deduction and set-off</MarginalNote><Label>(3)</Label><Text>Despite subsection 14(1), debts due to Her Majesty in right of Canada under this Act may be recovered at any time by way of deduction from, set-off against or, in Quebec, compensation against, any sum of money that may be due or payable by Her Majesty in right of Canada to the person responsible for the debt, other than an amount payable under section 122.61 of the <XRefExternal reference-type="act">Income Tax Act</XRefExternal>.</Text></Subsection></Section><Section><MarginalNote>Deduction and set-off by the Minister</MarginalNote><Label>13</Label><Text>Despite subsections 12(2) and 14(1), an amount required to be repaid by a person under this Act, the regulations or an agreement entered into under this Act may be recovered by the Minister at any time by way of deduction from, set-off against or, in Quebec, compensation against, any sum of money that may be due or payable under this Act to the person.</Text></Section><Section><MarginalNote>Limitation or prescription period</MarginalNote><Label>14</Label><Subsection><Label>(1)</Label><Text>Subject to this section, no action or proceedings shall be taken to recover debts due to Her Majesty in right of Canada under this Act after the expiry of the six-year limitation or prescription period that begins on the day on which the Minister issues the notice referred to in subsection 12(1).</Text></Subsection><Subsection><MarginalNote>Acknowledgement of liability</MarginalNote><Label>(2)</Label><Text>If a person’s liability for debts due to Her Majesty in right of Canada under this Act is acknowledged in accordance with subsection (4), the time during which the limitation or prescription period has run before the acknowledgement does not count in the calculation of that period.</Text></Subsection><Subsection><MarginalNote>Acknowledgement after expiry of limitation or prescription period</MarginalNote><Label>(3)</Label><Text>If a person’s liability for debts due to Her Majesty in right of Canada under this Act is acknowledged in accordance with subsection (4) after the expiry of the limitation or prescription period, an action or proceedings to recover the money may, subject to subsections (2) and (5), be brought within six years after the date of the acknowledgement.</Text></Subsection><Subsection><MarginalNote>Types of acknowledgements</MarginalNote><Label>(4)</Label><Text>An acknowledgement of liability means</Text><Paragraph><Label>(a)</Label><Text>a written promise to pay the money owing, signed by the person or his or her agent or other representative;</Text></Paragraph><Paragraph><Label>(b)</Label><Text>a written acknowledgement of the money owing, signed by the person or his or her agent or other representative, whether or not a promise to pay can be implied from it and whether or not it contains a refusal to pay;</Text></Paragraph><Paragraph><Label>(c)</Label><Text>a part payment by the person or his or her agent or other representative of any money owing; or</Text></Paragraph><Paragraph><Label>(d)</Label><Text>any acknowledgement of the money owing made by the person, his or her agent or other representative or the trustee or director in the course of proceedings under the <XRefExternal reference-type="act">Bankruptcy and Insolvency Act</XRefExternal> or any other legislation dealing with the payment of debts.</Text></Paragraph></Subsection><Subsection><MarginalNote>Limitation or prescription period suspended</MarginalNote><Label>(5)</Label><Text>The running of a limitation or prescription period is suspended during</Text><Paragraph><Label>(a)</Label><Text>the period beginning on the day on which the Minister receives an application under section 11 and ending on the day on which the Minister issues a decision;</Text></Paragraph><Paragraph><Label>(b)</Label><Text>the period beginning on the day on which the Minister of National Revenue receives an application concerning subsection 146.4(12) of the <XRefExternal reference-type="act">Income Tax Act</XRefExternal> and ending on the day on which that Minister makes a decision;</Text></Paragraph><Paragraph><Label>(c)</Label><Text>the period beginning on the day on which an application for judicial review, with respect to a decision of the Minister to issue a notice under subsection 12(1), is filed and ending on the day on which the final decision is rendered; and</Text></Paragraph><Paragraph><Label>(d)</Label><Text>any period in which it is prohibited to commence or continue an action or other proceedings against the person to recover debts due to Her Majesty in right of Canada under this Act.</Text></Paragraph></Subsection><Subsection><MarginalNote>Enforcement proceedings</MarginalNote><Label>(6)</Label><Text>This section does not apply in respect of an action or proceedings relating to the execution, renewal or enforcement of a judgment.</Text></Subsection></Section><Section><MarginalNote>Collection of information</MarginalNote><Label>15</Label><Text>If the Minister considers it advisable, the Minister may, subject to conditions agreed on by the Minister and the Minister of National Revenue, collect any prescribed information for the administration of section 146.4 and Part XI of the <XRefExternal reference-type="act">Income Tax Act</XRefExternal>.</Text></Section><Section><MarginalNote>Notification by Minister of National Revenue</MarginalNote><Label>16</Label><Text>When the Minister of National Revenue considers that a registered disability savings plan is no longer registered by virtue of the application of paragraph 146.4(10)(a) of the <XRefExternal reference-type="act">Income Tax Act</XRefExternal>, the Minister of National Revenue shall as soon as possible notify the Minister in writing.</Text></Section><Section><MarginalNote>Regulations</MarginalNote><Label>17</Label><Text>The Governor in Council may make regulations for carrying out the purpose and provisions of this Act and, without limiting the generality of the foregoing, may make regulations</Text><Paragraph><Label>(a)</Label><Text>establishing requirements that must be met by a registered disability savings plan and by persons in respect of the plan before a Canada Disability Savings Grant or a Canada Disability Savings Bond may be paid in respect of the plan;</Text></Paragraph><Paragraph><Label>(b)</Label><Text>establishing the manner of determining the amount of a Canada Disability Savings Grant that may be paid in respect of contributions made to registered disability savings plans or the amount of a Canada Disability Savings Bond that may be paid into those plans;</Text></Paragraph><Paragraph><Label>(c)</Label><Text>specifying terms and conditions to be included in agreements entered into between an issuer of a registered disability savings plan and the Minister;</Text></Paragraph><Paragraph><Label>(d)</Label><Text>governing the repayment of any amount paid under this Act or earnings generated by those amounts including providing for the circumstances under which an amount or earnings must be repaid and the manner of calculating such an amount or earnings;</Text></Paragraph><Paragraph><Label>(e)</Label><Text>specifying the circumstances in which the Minister may pay interest on Canada Disability Savings Grants or Canada Disability Savings Bonds as well as the manner of calculating interest;</Text></Paragraph><Paragraph><Label>(f)</Label><Text>specifying the requirements of this Act or the regulations relating to the payment of any amount or the repayment of any amount or earnings generated by that amount that may be waived by the Minister to avoid undue hardship;</Text></Paragraph><Paragraph><Label>(g)</Label><Text>specifying the circumstances in which the Minister may waive the requirements provided under paragraph (f);</Text></Paragraph><Paragraph><Label>(h)</Label><Text>specifying information that the Minister may collect under section 15; and</Text></Paragraph><Paragraph><Label>(i)</Label><Text>requiring issuers to keep any record, book or other document containing any information relevant to the administration or enforcement of this Act or the regulations, and respecting where, how and how long it is to be kept.</Text></Paragraph></Section></Body><Schedule id="RelatedProvs"><ScheduleFormHeading type="amending"><TitleText>RELATED PROVISIONS</TitleText></ScheduleFormHeading><BillPiece><Heading level="5" style="nifrp"><TitleText>
                    — 2009, c. 2, s. 81</TitleText></Heading><Section><Label>81</Label><Subsection><Label>(1)</Label><Text>For the purposes of the <XRefExternal reference-type="act">Income Tax Act</XRefExternal> and the <XRefExternal reference-type="act">Canada Disability Savings Act</XRefExternal>, specified RDSP events are deemed to have occurred, in the order that they actually occurred, on December 31, 2008 and not on the day or days that they actually occurred.</Text></Subsection><Subsection><Label>(2)</Label><Text>For the purposes of subsection (1), <DefinedTermEn>specified RDSP event</DefinedTermEn> means an event occurring after 2008 and before March 3, 2009 that</Text><Paragraph><Label>(a)</Label><Text>establishes a <DefinitionRef>disability savings plan</DefinitionRef> as defined in subsection 146.4(1) of the <XRefExternal reference-type="act">Income Tax Act</XRefExternal>;</Text></Paragraph><Paragraph><Label>(b)</Label><Text>satisfies conditions in subsection 146.4(2) of the <XRefExternal reference-type="act">Income Tax Act</XRefExternal>;</Text></Paragraph><Paragraph><Label>(c)</Label><Text>establishes a <DefinitionRef>registered disability savings plan</DefinitionRef> as defined in subsection 146.4(1) of the <XRefExternal reference-type="act">Income Tax Act</XRefExternal> for a beneficiary who is, in respect of the 2008 taxation year, a <DefinitionRef>DTC-eligible individual</DefinitionRef> as defined in subsection 146.4(1) of the <XRefExternal reference-type="act">Income Tax Act</XRefExternal> and who was resident in Canada at the end of that year;</Text></Paragraph><Paragraph><Label>(d)</Label><Text>is the making of any contribution to the registered disability savings plan;</Text></Paragraph><Paragraph><Label>(e)</Label><Text>satisfies the requirement in paragraph 3(b) of the <XRefExternal reference-type="regulation">Canada Disability Savings Regulations</XRefExternal>; or</Text></Paragraph><Paragraph><Label>(f)</Label><Text>is the taking of any other action to ensure that the registered disability savings plan is validly established and contributions to the plan are validly made.</Text></Paragraph></Subsection></Section><Heading level="5" style="nifrp"><TitleText>
                    — 2010, c. 12, s. 26(4)</TitleText></Heading><Section><Label>26</Label><Subsection><Label>(4)</Label><Text>Subsections (1) to (3) apply to the 2009 and subsequent years.</Text></Subsection></Section><Heading level="5" style="nifrp"><TitleText>
                    — 2010, c. 12, s. 27(3)</TitleText></Heading><Section><Label>27</Label><Subsection><Label>(3)</Label><Text>Subsections (1) and (2) apply to the 2009 and subsequent years.</Text></Subsection></Section><Heading level="5" style="nifrp"><TitleText>
                    — 2010, c. 12, s. 28(5)</TitleText></Heading><Section><Label>28</Label><Subsection><Label>(5)</Label><Text>Subsections (1) to (4) apply to the 2009 and subsequent years.</Text></Subsection></Section><Heading level="5" style="nifrp"><TitleText>
                    — 2010, c. 25, s. 169</TitleText></Heading><Section><MarginalNote>Canada Disability Savings Grant for 2008</MarginalNote><Label>169</Label><Text>For the purposes of calculating the amount of a Canada Disability Savings Grant that may be paid for 2008 under section 6 of the <XRefExternal reference-type="act">Canada Disability Savings Act</XRefExternal>, subparagraphs 6(2)(a)(i) and (ii) and subsection 6(6) of that Act are to be read as they did on December 31, 2008.</Text></Section><Heading level="5" style="nifrp"><TitleText>
                    — 2010, c. 25, s. 170</TitleText></Heading><Section><MarginalNote>Canada Disability Savings Bond for 2008</MarginalNote><Label>170</Label><Text>For the purposes of calculating the amount of a Canada Disability Savings Bond that may be paid for 2008 under section 7 of the <XRefExternal reference-type="act">Canada Disability Savings Act</XRefExternal>, subparagraphs 7(2)(a)(i) and (ii) and (b)(i) and (ii), the descriptions of B and C in subsection 7(4) and subsection 7(8) of that Act are to be read as they did on December 31, 2008.</Text></Section></BillPiece></Schedule></Statute>