﻿<?xml version="1.0" encoding="utf-8"?><!DOCTYPE Statute PUBLIC "-//Justice Canada//DTD Statute v2.0.0//EN" "Dtd/Version_2.0.0/Statute/Statute.dtd"><Statute bill-origin="commons" bill-type="govt-public" xml:lang="en" in-force="yes"><Identification><LongTitle>An Act to give effect to the requirement for clarity as set out in the opinion of the Supreme Court of Canada in the Quebec Secession Reference</LongTitle><ShortTitle status="unofficial">Clarity Act</ShortTitle><RunningHead>Clarity</RunningHead><BillHistory><Stages stage="assented-to"><Date><YYYY>2000</YYYY><MM>June</MM><DD>29</DD></Date></Stages><Stages stage="consolidation"><Date><YYYY>2018</YYYY><MM>08</MM><DD>20</DD></Date></Stages></BillHistory><Chapter><ConsolidatedNumber official="no">C-31.8</ConsolidatedNumber><AnnualStatuteId revised-statute="no"><AnnualStatuteNumber>26</AnnualStatuteNumber><YYYY>2000</YYYY></AnnualStatuteId></Chapter></Identification><Introduction><Preamble salutation="no"><Provision format-ref="indent-0-0" language-align="no"><MarginalNote>Preamble</MarginalNote><Text>WHEREAS the Supreme Court of Canada has confirmed that there is no right, under international law or under the Constitution of Canada, for the National Assembly, legislature or government of Quebec to effect the secession of Quebec from Canada unilaterally;</Text></Provision><Provision format-ref="indent-0-0" language-align="no"><Text>WHEREAS any proposal relating to the break-up of a democratic state is a matter of the utmost gravity and is of fundamental importance to all of its citizens;</Text></Provision><Provision format-ref="indent-0-0" language-align="no"><Text>WHEREAS the government of any province of Canada is entitled to consult its population by referendum on any issue and is entitled to formulate the wording of its referendum question;</Text></Provision><Provision format-ref="indent-0-0" language-align="no"><Text>WHEREAS the Supreme Court of Canada has determined that the result of a referendum on the secession of a province from Canada must be free of ambiguity both in terms of the question asked and in terms of the support it achieves if that result is to be taken as an expression of the democratic will that would give rise to an obligation to enter into negotiations that might lead to secession;</Text></Provision><Provision format-ref="indent-0-0" language-align="no"><Text>WHEREAS the Supreme Court of Canada has stated that democracy means more than simple majority rule, that a clear majority in favour of secession would be required to create an obligation to negotiate secession, and that a qualitative evaluation is required to determine whether a clear majority in favour of secession exists in the circumstances;</Text></Provision><Provision format-ref="indent-0-0" language-align="no"><Text>WHEREAS the Supreme Court of Canada has confirmed that, in Canada, the secession of a province, to be lawful, would require an amendment to the Constitution of Canada, that such an amendment would perforce require negotiations in relation to secession involving at least the governments of all of the provinces and the Government of Canada, and that those negotiations would be governed by the principles of federalism, democracy, constitutionalism and the rule of law, and the protection of minorities;</Text></Provision><Provision format-ref="indent-0-0" language-align="no"><Text>WHEREAS, in light of the finding by the Supreme Court of Canada that it would be for elected representatives to determine what constitutes a clear question and what constitutes a clear majority in a referendum held in a province on secession, the House of Commons, as the only political institution elected to represent all Canadians, has an important role in identifying what constitutes a clear question and a clear majority sufficient for the Government of Canada to enter into negotiations in relation to the secession of a province from Canada;</Text></Provision><Provision format-ref="indent-0-0" language-align="no"><Text>AND WHEREAS it is incumbent on the Government of Canada not to enter into negotiations that might lead to the secession of a province from Canada, and that could consequently entail the termination of citizenship and other rights that Canadian citizens resident in the province enjoy as full participants in Canada, unless the population of that province has clearly expressed its democratic will that the province secede from Canada;</Text></Provision></Preamble><Enacts><Provision language-align="yes" format-ref="indent-0-0"><Text>NOW, THEREFORE, Her Majesty, by and with the advice and consent of the Senate and House of Commons of Canada, enacts as follows:</Text></Provision></Enacts></Introduction><Body><Section><MarginalNote>House of Commons to consider question</MarginalNote><Label>1</Label><Subsection><Label>(1)</Label><Text>The House of Commons shall, within thirty days after the government of a province tables in its legislative assembly or otherwise officially releases the question that it intends to submit to its voters in a referendum relating to the proposed secession of the province from Canada, consider the question and, by resolution, set out its determination on whether the question is clear.</Text></Subsection><Subsection><MarginalNote>Extension of time</MarginalNote><Label>(2)</Label><Text>Where the thirty days referred to in subsection (1) occur, in whole or in part, during a general election of members to serve in the House of Commons, the thirty days shall be extended by an additional forty days.</Text></Subsection><Subsection><MarginalNote>Considerations</MarginalNote><Label>(3)</Label><Text>In considering the clarity of a referendum question, the House of Commons shall consider whether the question would result in a clear expression of the will of the population of a province on whether the province should cease to be part of Canada and become an independent state.</Text></Subsection><Subsection><MarginalNote>Where no clear expression of will</MarginalNote><Label>(4)</Label><Text>For the purpose of subsection (3), a clear expression of the will of the population of a province that the province cease to be part of Canada could not result from</Text><Paragraph><Label>(a)</Label><Text>a referendum question that merely focuses on a mandate to negotiate without soliciting a direct expression of the will of the population of that province on whether the province should cease to be part of Canada; or</Text></Paragraph><Paragraph><Label>(b)</Label><Text>a referendum question that envisages other possibilities in addition to the secession of the province from Canada, such as economic or political arrangements with Canada, that obscure a direct expression of the will of the population of that province on whether the province should cease to be part of Canada.</Text></Paragraph></Subsection><Subsection><MarginalNote>Other views to be considered</MarginalNote><Label>(5)</Label><Text>In considering the clarity of a referendum question, the House of Commons shall take into account the views of all political parties represented in the legislative assembly of the province whose government is proposing the referendum on secession, any formal statements or resolutions by the government or legislative assembly of any province or territory of Canada, any formal statements or resolutions by the Senate, any formal statements or resolutions by the representatives of the Aboriginal peoples of Canada, especially those in the province whose government is proposing the referendum on secession, and any other views it considers to be relevant.</Text></Subsection><Subsection><MarginalNote>No negotiations if question not clear</MarginalNote><Label>(6)</Label><Text>The Government of Canada shall not enter into negotiations on the terms on which a province might cease to be part of Canada if the House of Commons determines, pursuant to this section, that a referendum question is not clear and, for that reason, would not result in a clear expression of the will of the population of that province on whether the province should cease to be part of Canada.</Text></Subsection></Section><Section><MarginalNote>House of Commons to consider whether there is a clear will to secede</MarginalNote><Label>2</Label><Subsection><Label>(1)</Label><Text>Where the government of a province, following a referendum relating to the secession of the province from Canada, seeks to enter into negotiations on the terms on which that province might cease to be part of Canada, the House of Commons shall, except where it has determined pursuant to section 1 that a referendum question is not clear, consider and, by resolution, set out its determination on whether, in the circumstances, there has been a clear expression of a will by a clear majority of the population of that province that the province cease to be part of Canada.</Text></Subsection><Subsection><MarginalNote>Factors for House of Commons to take into account</MarginalNote><Label>(2)</Label><Text>In considering whether there has been a clear expression of a will by a clear majority of the population of a province that the province cease to be part of Canada, the House of Commons shall take into account</Text><Paragraph><Label>(a)</Label><Text>the size of the majority of valid votes cast in favour of the secessionist option;</Text></Paragraph><Paragraph><Label>(b)</Label><Text>the percentage of eligible voters voting in the referendum; and</Text></Paragraph><Paragraph><Label>(c)</Label><Text>any other matters or circumstances it considers to be relevant.</Text></Paragraph></Subsection><Subsection><MarginalNote>Other views to be considered</MarginalNote><Label>(3)</Label><Text>In considering whether there has been a clear expression of a will by a clear majority of the population of a province that the province cease to be part of Canada, the House of Commons shall take into account the views of all political parties represented in the legislative assembly of the province whose government proposed the referendum on secession, any formal statements or resolutions by the government or legislative assembly of any province or territory of Canada, any formal statements or resolutions by the Senate, any formal statements or resolutions by the representatives of the Aboriginal peoples of Canada, especially those in the province whose government proposed the referendum on secession, and any other views it considers to be relevant.</Text></Subsection><Subsection><MarginalNote>No negotiations unless will clear</MarginalNote><Label>(4)</Label><Text>The Government of Canada shall not enter into negotiations on the terms on which a province might cease to be part of Canada unless the House of Commons determines, pursuant to this section, that there has been a clear expression of a will by a clear majority of the population of that province that the province cease to be part of Canada.</Text></Subsection></Section><Section><MarginalNote>Constitutional amendments</MarginalNote><Label>3</Label><Subsection><Label>(1)</Label><Text>It is recognized that there is no right under the Constitution of Canada to effect the secession of a province from Canada unilaterally and that, therefore, an amendment to the Constitution of Canada would be required for any province to secede from Canada, which in turn would require negotiations involving at least the governments of all of the provinces and the Government of Canada.</Text></Subsection><Subsection><MarginalNote>Limitation</MarginalNote><Label>(2)</Label><Text>No Minister of the Crown shall propose a constitutional amendment to effect the secession of a province from Canada unless the Government of Canada has addressed, in its negotiations, the terms of secession that are relevant in the circumstances, including the division of assets and liabilities, any changes to the borders of the province, the rights, interests and territorial claims of the Aboriginal peoples of Canada, and the protection of minority rights. </Text></Subsection></Section></Body></Statute>