﻿<?xml version="1.0" encoding="utf-8"?><!DOCTYPE Statute PUBLIC "-//Justice Canada//DTD Statute v2.0.0//EN" "Dtd/Version_2.0.0/Statute/Statute.dtd"><Statute bill-origin="commons" bill-type="govt-public" xml:lang="en" in-force="yes"><Identification><LongTitle>An Act respecting the use of foreign ships and non-duty paid ships in the coasting trade</LongTitle><ShortTitle status="official">Coasting Trade Act</ShortTitle><RunningHead>Coasting Trade</RunningHead><BillHistory><Stages stage="assented-to"><Date><YYYY>1992</YYYY><MM>6</MM><DD>23</DD></Date></Stages><Stages stage="consolidation"><Date><YYYY>2018</YYYY><MM>08</MM><DD>20</DD></Date></Stages></BillHistory><Chapter><ConsolidatedNumber official="no">C-33.3</ConsolidatedNumber><AnnualStatuteId revised-statute="no"><AnnualStatuteNumber>31</AnnualStatuteNumber><YYYY>1992</YYYY></AnnualStatuteId></Chapter></Identification><Introduction><Enacts><Provision format-ref="indent-0-0" language-align="no"><Text>Her Majesty, by and with the advice and consent of the Senate and House of Commons of Canada, enacts as follows:</Text></Provision></Enacts></Introduction><Body><Heading level="1"><TitleText>Short Title</TitleText></Heading><Section><MarginalNote>Short title</MarginalNote><Label>1</Label><Text>This Act may be cited as the <XRefExternal reference-type="act">Coasting Trade Act</XRefExternal>.</Text></Section><Heading level="1"><TitleText>Interpretation</TitleText></Heading><Section><MarginalNote>Definitions</MarginalNote><Label>2</Label><Subsection><Label>(1)</Label><Text>In this Act,</Text><Definition><Text><DefinedTermEn>Agency</DefinedTermEn> means the Canadian Transportation Agency; (<DefinedTermFr>Office</DefinedTermFr>)</Text></Definition><Definition><Text><DefinedTermEn>Canadian entity</DefinedTermEn> means</Text><Paragraph><Label>(a)</Label><Text>a corporation that is incorporated in Canada, or</Text></Paragraph><Paragraph><Label>(b)</Label><Text>a trust, partnership, joint venture or other association that is formed in Canada; (<DefinedTermFr>entité canadienne</DefinedTermFr>)</Text></Paragraph></Definition><Definition><Text><DefinedTermEn>Canadian ship</DefinedTermEn> means a Canadian vessel, as defined in section 2 of the <XRefExternal reference-type="act">Canada Shipping Act, 2001</XRefExternal>, in respect of which all duties and taxes imposed under the <XRefExternal reference-type="act">Customs Tariff</XRefExternal> and the <XRefExternal reference-type="act">Excise Tax Act</XRefExternal> have been paid; (<DefinedTermFr>navire canadien</DefinedTermFr>)</Text></Definition><Definition><Text><DefinedTermEn>Canadian waters</DefinedTermEn> means the inland waters within the meaning of section 2 of the <XRefExternal reference-type="act">Customs Act</XRefExternal>, the internal waters of Canada and the territorial sea of Canada; (<DefinedTermFr>eaux canadiennes</DefinedTermFr>)</Text></Definition><Definition><Text><DefinedTermEn>CETA</DefinedTermEn> has the same meaning as <DefinitionRef>Agreement</DefinitionRef> in section <XRefInternal>2</XRefInternal> of the <XRefExternal reference-type="act">Canada–European Union Comprehensive Economic and Trade Agreement Implementation Act</XRefExternal>; (<DefinedTermFr>AÉCG</DefinedTermFr>)</Text></Definition><Definition><Text><DefinedTermEn>coasting trade</DefinedTermEn> means</Text><Paragraph><Label>(a)</Label><Text>the carriage of goods by ship, or by ship and any other mode of transport, from one place in Canada or above the continental shelf of Canada to any other place in Canada or above the continental shelf of Canada, either directly or by way of a place outside Canada, but, with respect to waters above the continental shelf of Canada, includes the carriage of goods only in relation to the exploration, exploitation or transportation of the mineral or non-living natural resources of the continental shelf of Canada,</Text></Paragraph><Paragraph><Label>(b)</Label><Text>subject to paragraph (c), the carriage of passengers by ship from any place in Canada situated on a lake or river to the same place, or to any other place in Canada, either directly or by way of a place outside Canada,</Text></Paragraph><Paragraph><Label>(c)</Label><Text>the carriage of passengers by ship from any place situated on the St. Lawrence River northeast of the Saint Lambert lock or on the Fraser River west of the Mission Bridge</Text><Subparagraph><Label>(i)</Label><Text>to the same place, without any call at any port outside Canada, other than one or more technical or emergency calls, or</Text></Subparagraph><Subparagraph><Label>(ii)</Label><Text>to any other place in Canada, other than as an in-transit call, either directly or by way of a place outside Canada,</Text></Subparagraph></Paragraph><Paragraph><Label>(d)</Label><Text>the carriage of passengers by ship from any place in Canada other than from a place to which paragraph (b) or (c) applies</Text><Subparagraph><Label>(i)</Label><Text>to the same place, without any call at any port outside Canada, other than one or more technical or emergency calls, or</Text></Subparagraph><Subparagraph><Label>(ii)</Label><Text>to any other place in Canada, other than as an in-transit call, either directly or by way of a place outside Canada,</Text></Subparagraph></Paragraph><Paragraph><Label>(e)</Label><Text>the carriage of passengers by ship</Text><Subparagraph><Label>(i)</Label><Text>from any place in Canada to any place above the continental shelf of Canada,</Text></Subparagraph><Subparagraph><Label>(ii)</Label><Text>from any place above the continental shelf of Canada to any place in Canada, or</Text></Subparagraph><Subparagraph><Label>(iii)</Label><Text>from any place above the continental shelf of Canada to the same place or to any other place above the continental shelf of Canada</Text></Subparagraph><ContinuedParagraph><Text>where the carriage of the passengers is in relation to the exploration, exploitation or transportation of the mineral or non-living natural resources of the continental shelf of Canada, and</Text></ContinuedParagraph></Paragraph><Paragraph><Label>(f)</Label><Text>the engaging, by ship, in any other marine activity of a commercial nature in Canadian waters and, with respect to waters above the continental shelf of Canada, in such other marine activities of a commercial nature that are in relation to the exploration, exploitation or transportation of the mineral or non-living natural resources of the continental shelf of Canada; (<DefinedTermFr>cabotage</DefinedTermFr>)</Text></Paragraph></Definition><Definition><Text><DefinedTermEn>continental shelf</DefinedTermEn><Repealed>[Repealed, 1996, c. 31, s. 66]</Repealed></Text></Definition><Definition><Text><DefinedTermEn>enforcement officer</DefinedTermEn> means a person designated pursuant to section 12 to be an enforcement officer for the purposes of this Act; (<DefinedTermFr>agent de l’autorité</DefinedTermFr>)</Text></Definition><Definition><Text><DefinedTermEn>EU entity</DefinedTermEn> means </Text><Paragraph><Label>(a)</Label><Text>a corporation that is incorporated in the territory of the European Union, or</Text></Paragraph><Paragraph><Label>(b)</Label><Text>a trust, partnership, joint venture or other association that is formed in the territory of the European Union; (<DefinedTermFr>entité de l’Union européenne</DefinedTermFr>)</Text></Paragraph></Definition><Definition><Text><DefinedTermEn>foreign ship</DefinedTermEn> means a ship other than a Canadian ship or a non-duty paid ship; (<DefinedTermFr>navire étranger</DefinedTermFr>)</Text></Definition><Definition><Text><DefinedTermEn>in-transit call</DefinedTermEn> means any call, other than an emergency or technical call, by a ship at any place where passengers go ashore temporarily but who re-board the vessel before the ship leaves that place or are transported by land to another location to re-board the same ship; (<DefinedTermFr>escale de transit</DefinedTermFr>)</Text></Definition><Definition><Text><DefinedTermEn>licence</DefinedTermEn> means a document, issued pursuant to this Act, authorizing a foreign ship or a non-duty paid ship to engage in the coasting trade while in Canadian waters or in waters above the continental shelf of Canada; (<DefinedTermFr>licence</DefinedTermFr>)</Text></Definition><Definition><Text><DefinedTermEn>master</DefinedTermEn>, in relation to a ship, has the same meaning as in section 2 of the <XRefExternal reference-type="act">Canada Shipping Act, 2001</XRefExternal>; (<DefinedTermFr>capitaine</DefinedTermFr>)</Text></Definition><Definition><Text><DefinedTermEn>non-duty paid ship</DefinedTermEn> means a ship registered in Canada in respect of which any duties and taxes under the <XRefExternal reference-type="act">Customs Tariff</XRefExternal> and the <XRefExternal reference-type="act">Excise Tax Act</XRefExternal> have not been paid; (<DefinedTermFr>navire non dédouané</DefinedTermFr>)</Text></Definition><Definition><Text><DefinedTermEn>owner</DefinedTermEn>, in relation to a ship, means the person having for the time being, either by law or by contract, the rights of the owner of the ship with respect to its possession and use; (<DefinedTermFr>propriétaire</DefinedTermFr>)</Text></Definition><Definition><Text><DefinedTermEn>resident in Canada</DefinedTermEn> has the meaning given to that expression by section 250 of the <XRefExternal reference-type="act">Income Tax Act</XRefExternal>; (<DefinedTermFr>résident du Canada</DefinedTermFr>)</Text></Definition><Definition><Text><DefinedTermEn>ship</DefinedTermEn> has the same meaning as <DefinitionRef>vessel</DefinitionRef> in section 2 of the <XRefExternal reference-type="act">Canada Shipping Act, 2001</XRefExternal>; (<DefinedTermFr>navire</DefinedTermFr>)</Text></Definition><Definition><Text><DefinedTermEn>technical call</DefinedTermEn> means any call, other than an emergency call or an in-transit call, that is for a purpose other than the embarking or disembarking of passengers. (<DefinedTermFr>escale technique</DefinedTermFr>)</Text></Definition><Definition><Text><DefinedTermEn>territory of the European Union</DefinedTermEn> means the territory in which the Treaty on European Union, done at Maastricht on February 7, 1992, and the Treaty Establishing the European Economic Community, done at Rome on March 25, 1957 — renamed the Treaty on the Functioning of the European Union — as they are amended from time to time, are applicable, in accordance with the conditions specified in those treaties; (<DefinedTermFr>territoire de l’Union européenne</DefinedTermFr>) </Text></Definition></Subsection><Subsection><MarginalNote>Meaning of <DefinitionRef>place</DefinitionRef></MarginalNote><Label>(2)</Label><Text>For the purpose of the definition <DefinitionRef>coasting trade</DefinitionRef> in subsection (1), a place above the continental shelf of Canada includes any ship, offshore drilling unit, production platform, artificial island, subsea installation, pumping station, living accommodation, storage structure, loading or landing platform, dredge, floating crane, pipelaying or other barge or pipeline and any anchor, anchor cable or rig pad used in connection therewith.</Text></Subsection><Subsection><MarginalNote>Delegation</MarginalNote><Label>(3)</Label><Text>Any power, duty or function of the Minister of Public Safety and Emergency Preparedness or the Minister of Transport under this Act may be exercised or performed by any person authorized by that Minister, as the case may be, to do so and, if so exercised or performed, shall be deemed to have been exercised by that Minister.</Text></Subsection><HistoricalNote>1992, c. 31, s. 2; 1996, c. 10, s. 211, c. 31, ss. 66, 108; 1998, c. 16, s. 30; 1999, c. 31, s. 228(F); 2001, c. 26, s. 289; 2005, c. 38, ss. 142, 145; 2011, c. 15, s. 45; 2017, c. 6, s. 91.</HistoricalNote></Section><Heading level="1"><TitleText>Regulation of Foreign Ships and Non-duty Paid Ships</TitleText></Heading><Section><MarginalNote>Prohibition</MarginalNote><Label>3</Label><Subsection><Label>(1)</Label><Text>No foreign ship or non-duty paid ship shall, except in accordance with a licence, engage in the coasting trade.</Text></Subsection><Subsection><MarginalNote>Application</MarginalNote><Label>(2)</Label><Text>Subsection (1) does not apply in respect of any foreign ship or non-duty paid ship that is</Text><Paragraph><Label>(a)</Label><Text>used as a fishing vessel, as defined by the <XRefExternal reference-type="act">Coastal Fisheries Protection Act</XRefExternal>, in any activity governed by that Act and that does not carry any goods or passengers other than goods or passengers incidental to any activity governed by that Act;</Text></Paragraph><Paragraph><Label>(b)</Label><Text>engaged in any ocean research activity commissioned by the Department of Fisheries and Oceans;</Text></Paragraph><Paragraph><Label>(c)</Label><Text>operated or sponsored by a foreign government that has sought and received the consent of the Minister of Foreign Affairs to conduct marine scientific research;</Text></Paragraph><Paragraph><Label>(c.1)</Label><Text>engaged in seismic activities in waters above the continental shelf of Canada that are in relation to the exploration for mineral or non-living natural resources of the continental shelf of Canada;</Text></Paragraph><Paragraph><Label>(d)</Label><Text>engaged in salvage operations, except where such operations are performed in Canadian waters; or</Text></Paragraph><Paragraph><Label>(e)</Label><Text>engaged, with the approval of a person designated as a pollution response officer under section 174.1 of the <XRefExternal reference-type="act">Canada Shipping Act, 2001</XRefExternal>, in activities related to a marine pollution emergency, or to a risk of a marine pollution emergency.</Text></Paragraph></Subsection><Subsection><MarginalNote>Repositioning of empty containers</MarginalNote><Label>(2.1)</Label><Text>Subsection (1) does not apply in respect of carriage between one place in Canada and another, without consideration, by any of the following ships, of empty containers that are owned or leased by the ship’s owner and any ancillary equipment that is permanently affixed to the containers:</Text><Paragraph><Label>(a)</Label><Text>a non-duty paid ship whose owner is a Canadian entity or an EU entity;</Text></Paragraph><Paragraph><Label>(b)</Label><Text>a foreign ship that is registered in the first, or domestic, register of a member state of the European Union and whose owner is a Canadian entity, an EU entity or an entity that is under Canadian or European control;</Text></Paragraph><Paragraph><Label>(c)</Label><Text>a foreign ship that is registered in a second, or international, register of a member state of the European Union and whose owner is a Canadian entity, an EU entity or an entity under Canadian or European control; and</Text></Paragraph><Paragraph><Label>(d)</Label><Text>a foreign ship that is registered in a register other than the Canadian Register of Vessels or a register referred to in paragraph (b) or (c), and whose owner is a Canadian entity or an EU entity.</Text></Paragraph></Subsection><Subsection><MarginalNote>Dredging activities</MarginalNote><Label>(2.2)</Label><Text>Subsection (1) does not apply in respect of dredging activities — other than dredging activities that are provided under an agreement with Her Majesty in right of Canada or with an entity which is listed in Annex 19-1, as amended from time to time, of Chapter Nineteen of CETA — carried out by a ship described in any of paragraphs (2.1)(a) to (d).</Text></Subsection><Subsection><MarginalNote>Feeder services — continual or single trip</MarginalNote><Label>(2.3)</Label><Text>Subsection (1) does not apply in respect of</Text><Paragraph><Label>(a)</Label><Text>the carriage of goods by a ship that is described in paragraph (2.1)(b), from the port of Halifax — where the goods are loaded — to the port of Montreal, or vice versa, if that carriage is one leg of the importation of the goods into Canada; or</Text></Paragraph><Paragraph><Label>(b)</Label><Text>the carriage of goods by the ship from the port of Montreal — where the goods are loaded — to the port of Halifax, or vice versa, if that carriage is one leg of the exportation of the goods from Canada.</Text></Paragraph></Subsection><Subsection><MarginalNote>Feeder services — single trip</MarginalNote><Label>(2.4)</Label><Text>Subject to subsection (2.5), subsection (1) does not apply in respect of the carriage, by a ship that is described in paragraph (2.1)(c), of goods in a container from the port of Montreal to the port of Halifax, or vice versa, if</Text><Paragraph><Label>(a)</Label><Text>that carriage is one leg of the importation of the goods into or exportation from Canada; and</Text></Paragraph><Paragraph><Label>(b)</Label><Text>the container is at least 6.1 metres in length and has an internal volume of at least 14 cubic metres, is designed for carrying goods more than once and by one or more modes of transportation, and does not have wheels or is not otherwise built for being driven or drawn.</Text></Paragraph></Subsection><Subsection><MarginalNote>Subsequent coasting trade subject to subsection (1)</MarginalNote><Label>(2.5)</Label><Text>Once a ship has completed a carriage of goods as described in subsection (2.4), subsection (1) applies to the ship in respect of any such subsequent carriage of goods by the ship, until it departs from the exclusive economic zone of Canada or from the <DefinitionRef>inland waters</DefinitionRef>, as defined in subsection 2(1) of the <XRefExternal reference-type="act">Customs Act</XRefExternal>, at a location where the inland waters are contiguous to the United States.</Text></Subsection><Subsection><MarginalNote>Provision of information</MarginalNote><Label>(2.6)</Label><Text>Before a ship engages, without a licence, in any activities referred to in subsections (2.1) to (2.4) and for which the owner of the ship intends to rely on an exemption under any one of those subsections, the owner shall provide information to an enforcement officer, in the form and manner specified by the Minister, establishing that the ship meets the applicable conditions under any of paragraphs (2.1)(a) to (d).</Text></Subsection><Subsection><MarginalNote>Assistance in cases of distress</MarginalNote><Label>(3)</Label><Text>Nothing in this section precludes a foreign ship or a non-duty paid ship from rendering assistance to persons, ships or aircraft in danger or distress in Canadian waters.</Text></Subsection><Subsection><MarginalNote><XRefExternal reference-type="act">United States Wreckers Act</XRefExternal></MarginalNote><Label>(4)</Label><Text>Subsection (1) does not apply in respect of operations permitted by the <XRefExternal reference-type="act">United States Wreckers Act</XRefExternal>.</Text></Subsection><Subsection><MarginalNote>DEW Sites</MarginalNote><Label>(5)</Label><Text>Subsection (1) does not apply to any ship that is owned by the Government of the United States and used for the sole purpose of transporting goods of Canadian or United States origin owned by the Government of the United States to supply Distant Early Warning Sites.</Text></Subsection><Subsection><MarginalNote>Other laws apply</MarginalNote><Label>(6)</Label><Text>For greater certainty, any law of Canada that imposes safety or pollution prevention requirements applies to a foreign ship that is exempted from the application of subsection (1).</Text></Subsection><Subsection><MarginalNote>Control</MarginalNote><Label>(7)</Label><Text>For the purposes of paragraphs (2.1)(b) and (c), an entity is under Canadian or European control</Text><Paragraph><Label>(a)</Label><Text>in the case of a third party entity that is a corporation, if securities of the corporation to which are attached more than 50% of the votes that may be cast to elect directors of the corporation are directly or indirectly held, otherwise than through a subsidiary or by way of security only, by or for the benefit of any of, or any combination of, the following individuals:</Text><Subparagraph><Label>(i)</Label><Text>a Canadian citizen,</Text></Subparagraph><Subparagraph><Label>(ii)</Label><Text>a <DefinitionRef>permanent resident</DefinitionRef> as defined in subsection 2(1) of the <XRefExternal reference-type="act">Immigration and Refugee Protection Act</XRefExternal>, or</Text></Subparagraph><Subparagraph><Label>(iii)</Label><Text>a national of a member state of the European Union; or</Text></Subparagraph></Paragraph><Paragraph><Label>(b)</Label><Text>in the case of a third party entity that is a trust, partnership, joint venture or other association, if an individual, or any combination of individuals, described in any of subparagraphs (a)(i) to (iii) holds, directly or indirectly, but not through a subsidiary, an interest in the trust, partnership, joint venture or other association that entitles the individual or combination of individuals to receive more than 50% of its profits or more than 50% of its assets on dissolution. </Text></Paragraph></Subsection><Subsection><MarginalNote>Third party entity</MarginalNote><Label>(8)</Label><Text>For the purposes of subsection (7), <DefinedTermEn>third party entity</DefinedTermEn> means</Text><Paragraph><Label>(a)</Label><Text>a corporation, other than an entity referred to in paragraph (a) of the definition of either <DefinitionRef>Canadian entity</DefinitionRef> or <DefinitionRef>EU entity</DefinitionRef>, that is not incorporated under the law of the United States; or</Text></Paragraph><Paragraph><Label>(b)</Label><Text>a trust, partnership, joint venture or other association, other than an entity referred to in paragraph (b) of the definition of either <DefinitionRef>Canadian entity</DefinitionRef> or <DefinitionRef>EU entity</DefinitionRef>, that is not formed under the law of the United States.</Text></Paragraph></Subsection><HistoricalNote>1992, c. 31, s. 3; 1995, c. 5, s. 25; 2001, c. 26, s. 290; 2012, c. 19, s. 531; 2014, c. 29, s. 78; 2017, c. 6, s. 92.</HistoricalNote></Section><Section><MarginalNote>Issuance of licence: foreign ship</MarginalNote><Label>4</Label><Subsection><Label>(1)</Label><Text>Subject to section 7, on application therefor by a person resident in Canada acting on behalf of a foreign ship, the Minister of Public Safety and Emergency Preparedness shall issue a licence in respect of the foreign ship, where the Minister is satisfied that</Text><Paragraph><Label>(a)</Label><Text>the Agency has determined that no Canadian ship or non-duty paid ship is suitable and available to provide the service or perform the activity described in the application;</Text></Paragraph><Paragraph><Label>(b)</Label><Text>where the activity described in the application entails the carriage of passengers by ship, the Agency has determined that an identical or similar adequate marine service is not available from any person operating one or more Canadian ships;</Text></Paragraph><Paragraph><Label>(c)</Label><Text>arrangements have been made for the payment of the duties and taxes under the <XRefExternal reference-type="act">Customs Tariff</XRefExternal> and the <XRefExternal reference-type="act">Excise Tax Act</XRefExternal> applicable to the foreign ship in relation to its temporary use in Canada;</Text></Paragraph><Paragraph><Label>(d)</Label><Text>all certificates and documents relating to the foreign ship issued pursuant to shipping conventions to which Canada is a party are valid and in force; and</Text></Paragraph><Paragraph><Label>(e)</Label><Text>the foreign ship meets all safety and pollution prevention requirements imposed by any law of Canada applicable to that foreign ship.</Text></Paragraph></Subsection><Subsection><MarginalNote>Other laws apply</MarginalNote><Label>(2)</Label><Text>For greater certainty, the issuance of a licence pursuant to subsection (1) does not affect the application of any law of Canada that imposes safety or pollution prevention requirements in respect of ships.</Text></Subsection><HistoricalNote>1992, c. 31, s. 4; 2005, c. 38, ss. 142, 145.</HistoricalNote></Section><Section><MarginalNote>Issuance of licence: non-duty paid ship</MarginalNote><Label>5</Label><Text>Subject to section 7, on application therefor by a person resident in Canada acting on behalf of a non-duty paid ship, the Minister of Public Safety and Emergency Preparedness shall issue a licence in respect of the non-duty paid ship, where the Minister is satisfied that</Text><Paragraph><Label>(a)</Label><Text>the Agency has determined that no Canadian ship is suitable and available to provide the service or perform the activity described in the application;</Text></Paragraph><Paragraph><Label>(b)</Label><Text>where the activity described in the application entails the carriage of passengers by ship, the Agency has determined that an identical or similar adequate marine service is not available from any person operating one or more Canadian ships; and</Text></Paragraph><Paragraph><Label>(c)</Label><Text>arrangements have been made for the payment of the duties and taxes under the <XRefExternal reference-type="act">Customs Tariff</XRefExternal> and the <XRefExternal reference-type="act">Excise Tax Act</XRefExternal> applicable to the non-duty paid ship in relation to its temporary use in Canada.</Text></Paragraph><HistoricalNote>1992, c. 31, s. 5; 2005, c. 38, ss. 142, 145.</HistoricalNote></Section><Section><MarginalNote>Dredging — provisions not applicable</MarginalNote><Label>5.1</Label><Subsection><Label>(1)</Label><Text>The following provisions do not apply with respect to licence applications relating to dredging activities that are to be provided under an agreement with Her Majesty in right of Canada or with an entity which is listed in Annex 19-1, as amended from time to time, of Chapter Nineteen of CETA:</Text><Paragraph><Label>(a)</Label><Text>for an application made on behalf of a ship described in paragraph 3(2.1)(a), paragraph 5(a); and</Text></Paragraph><Paragraph><Label>(b)</Label><Text>for an application made on behalf of a ship described in paragraph 3(2.1)(b) or (c), paragraph 4(1)(a).</Text></Paragraph></Subsection><Subsection><MarginalNote>Total value of agreement</MarginalNote><Label>(2)</Label><Text>Subsection (1) applies only if the total value of the agreement of which the dredging activities form a part is equal to or greater than the threshold — the sum in Canadian dollars which the Minister for International Trade determines to be equivalent, for a period which he or she determines, to 5 million special drawing rights issued by the International Monetary Fund — that is applicable on the day of the issuance of the call or request for bids or tenders related to the activities.</Text></Subsection><HistoricalNote>2017, c. 6, s. 93.</HistoricalNote></Section><Section><MarginalNote>Terms and conditions of licence</MarginalNote><Label>6</Label><Subsection><Label>(1)</Label><Text>The Minister of Public Safety and Emergency Preparedness may issue a licence subject to any terms and conditions that the Minister considers appropriate, including, without restricting the generality of the foregoing, terms and conditions respecting</Text><Paragraph><Label>(a)</Label><Text>the service or activity that is to be performed by the foreign ship or non-duty paid ship to which the licence relates; and</Text></Paragraph><Paragraph><Label>(b)</Label><Text>the place or places where the foreign ship or non-duty paid ship may perform that service or activity.</Text></Paragraph></Subsection><Subsection><MarginalNote>Effective period of licence</MarginalNote><Label>(2)</Label><Text>Every licence shall set out the period of time for which it is valid, which period may not exceed</Text><Paragraph><Label>(a)</Label><Text>in the case of a foreign ship, the earlier of twelve months and the expiration of any certificate or document referred to in paragraph 4(1)(d); or</Text></Paragraph><Paragraph><Label>(b)</Label><Text>in the case of a non-duty paid ship, twelve months.</Text></Paragraph></Subsection><Subsection><MarginalNote>Suspension, cancellation or variation of licence</MarginalNote><Label>(3)</Label><Text>The Minister of Public Safety and Emergency Preparedness may, by order, suspend or cancel a licence or vary the terms and conditions of a licence where</Text><Paragraph><Label>(a)</Label><Text>the owner or master of the licensed ship is convicted of an offence under this or any other Act of Parliament relating to navigation or shipping; or</Text></Paragraph><Paragraph><Label>(b)</Label><Text>there has been a contravention of or failure to comply with any term or condition to which the licence is subject.</Text></Paragraph></Subsection><HistoricalNote>1992, c. 31, s. 6; 2005, c. 38, ss. 142, 145.</HistoricalNote></Section><Section><MarginalNote>Regulations</MarginalNote><Label>7</Label><Text>The Governor in Council may, by regulation</Text><Paragraph><Label>(a)</Label><Text>specify that a territory is, or is not, a territory referred to in the definition of <DefinitionRef>territory of the European Union</DefinitionRef> in subsection 2(1);</Text></Paragraph><Paragraph><Label>(b)</Label><Text>indicate, for the purpose of paragraph 3(2.1)(c), the registers that are second, or international, registers of member states of the European Union; and</Text></Paragraph><Paragraph><Label>(c)</Label><Text>fix the maximum number of licences that may be issued under sections 4 and 5.</Text></Paragraph><HistoricalNote>1992, c. 31, s. 7; 2017, c. 6, s. 94.</HistoricalNote></Section><Heading level="1"><TitleText>Function and Powers of Agency</TitleText></Heading><Section><MarginalNote>Function of Agency</MarginalNote><Label>8</Label><Subsection><Label>(1)</Label><Text>In relation to an application for a licence, the Agency shall make the determinations referred to in paragraphs 4(1)(a) and (b) and 5(a) and (b).</Text></Subsection><Subsection><MarginalNote>Regulations</MarginalNote><Label>(2)</Label><Text>The Governor in Council may make regulations prescribing the criteria to be applied by the Agency for the making of the determinations referred to in subsection (1).</Text></Subsection></Section><Section><MarginalNote>Information</MarginalNote><Label>9</Label><Text>In making a determination referred to in subsection 8(1), the Agency may request from the applicant for the licence to which the determination relates, and from the owner of any Canadian ship or non-duty ship to which the determination relates, such information and documentation as the Agency deems necessary.</Text></Section><Section><MarginalNote>Collection of information</MarginalNote><Label>10</Label><Text>In order to carry out its function under this Act the Agency may collect information and keep records concerning the characteristics and uses of Canadian ships and non-duty paid ships.</Text></Section><Heading level="1"><TitleText>Unfair Practices</TitleText></Heading><Section><MarginalNote>Unfair practices</MarginalNote><Label>11</Label><Subsection><Label>(1)</Label><Text>Where the Minister of Transport is of the opinion that a government of any country has engaged in unfair, discriminatory or restrictive practices with respect to the use of Canadian ships in commercial activities in waters of that country, the Minister of Transport and the Minister of Foreign Affairs shall seek elimination of those practices through consultations with the government of that country.</Text></Subsection><Subsection><MarginalNote>Idem</MarginalNote><Label>(2)</Label><Text>Where the consultations referred to in subsection (1) fail to result in the elimination of the practices referred to in that subsection, the Governor in Council may, on the recommendation of the Minister of Transport and the Minister of Foreign Affairs, take such action as the Governor in Council considers appropriate.</Text></Subsection><HistoricalNote>1992, c. 31, s. 11; 1995, c. 5, s. 25.</HistoricalNote></Section><Heading level="1"><TitleText>Enforcement</TitleText></Heading><Section><MarginalNote>Enforcement officers</MarginalNote><Label>12</Label><Subsection><Label>(1)</Label><Text>For the purposes of enforcing this Act, the Minister of Transport may designate any person or class of persons as enforcement officers and shall furnish every enforcement officer with a certificate of that designation.</Text></Subsection><Subsection><MarginalNote>Production of certificate of designation</MarginalNote><Label>(2)</Label><Text>In carrying out the duties and functions of an enforcement officer under this Act, an enforcement officer shall, if so requested, produce the certificate of designation referred to in subsection (1) to the person appearing to be in charge of any ship in respect of which the enforcement officer is acting.</Text></Subsection></Section><Heading level="1"><TitleText>Offences</TitleText></Heading><Section><MarginalNote>Offence</MarginalNote><Label>13</Label><Subsection><Label>(1)</Label><Text>Where a ship contravenes subsection 3(1), the ship is guilty of an offence and is liable on summary conviction to a fine not exceeding fifty thousand dollars.</Text></Subsection><Subsection><MarginalNote>Deemed separate offence</MarginalNote><Label>(2)</Label><Text>Where an offence is committed by a ship under subsection (1) on more than one day or is continued by the ship for more than one day, it shall be deemed to be a separate offence for each day on which the offence is committed or continued.</Text></Subsection></Section><Section><MarginalNote>Trial of offences</MarginalNote><Label>14</Label><Subsection><Label>(1)</Label><Text>Where a ship is charged with an offence under section 13, any court in Canada that would have had jurisdiction in respect of the offence if that offence had been committed within the limits of the court’s ordinary jurisdiction has jurisdiction to try the offence as if it had been committed in the court’s jurisdiction.</Text></Subsection><Subsection><MarginalNote>Service on ship and appearance at trial</MarginalNote><Label>(2)</Label><Text>Where a ship is charged with an offence under section 13, the summons in relation thereto may be served by leaving it with the master or any officer of the ship or by posting the summons on a conspicuous part of the ship, and the ship may appear by counsel or agent but, if it does not appear, a court may, on proof of service of the summons, proceed <Language xml:lang="la">ex parte</Language> to hold the trial.</Text></Subsection></Section><Heading level="1"><TitleText>Searches</TitleText></Heading><Section><MarginalNote>Powers of enforcement officer</MarginalNote><Label>15</Label><Subsection><Label>(1)</Label><Text>Where an enforcement officer believes on reasonable grounds that a ship has contravened this Act, the enforcement officer may stop and board the ship and, with a warrant, search the ship and seize anything found in or on the ship that the enforcement officer believes on reasonable grounds will afford evidence with respect to any contravention of this Act.</Text></Subsection><Subsection><MarginalNote>Where warrant not necessary</MarginalNote><Label>(2)</Label><Text>An enforcement officer may carry out the powers under subsection (1) without a warrant if by reason of exigent circumstances it would not be practicable to obtain a warrant.</Text></Subsection><Subsection><MarginalNote>Assistance</MarginalNote><Label>(3)</Label><Text>While carrying out any of the powers under this section, an enforcement officer may</Text><Paragraph><Label>(a)</Label><Text>require the owner, master or any other person who may have possession of the official log book of the ship, or any other document or paper that may provide evidence of the contravention, to produce, for inspection or for the purposes of obtaining copies thereof or extracts therefrom, the log book or other document or paper; and</Text></Paragraph><Paragraph><Label>(b)</Label><Text>require the master or any other person found on board the ship to give all reasonable assistance in the power of the master or other person, as the case may be, to enable the enforcement officer to carry out the enforcement officer’s duties and functions under this Act.</Text></Paragraph></Subsection></Section><Heading level="1"><TitleText>Detention of Ship</TitleText></Heading><Section><MarginalNote>Detention of ships</MarginalNote><Label>16</Label><Subsection><Label>(1)</Label><Text>Where an enforcement officer believes on reasonable grounds that an offence under this Act has been committed by or in respect of a ship, the enforcement officer may make a detention order in respect of the ship.</Text></Subsection><Subsection><MarginalNote>Geographical application of section</MarginalNote><Label>(2)</Label><Text>The power to make a detention order under this section may be exercised in Canadian waters and in waters above the continental shelf of Canada.</Text></Subsection><Subsection><MarginalNote>Order to be in writing</MarginalNote><Label>(3)</Label><Text>A detention order made under subsection (1) shall be in writing and addressed to all persons who, at the place where the ship to which the order relates is or will be, are empowered to give a clearance in respect of the ship.</Text></Subsection><Subsection><MarginalNote>Notice of detention order to be served on master</MarginalNote><Label>(4)</Label><Text>Where a detention order under this section is made in respect of a ship, notice thereof shall be served on the master of the ship</Text><Paragraph><Label>(a)</Label><Text>by delivering a copy thereof personally to the master; or</Text></Paragraph><Paragraph><Label>(b)</Label><Text>if service cannot reasonably be effected in the manner provided in paragraph (a),</Text><Subparagraph><Label>(i)</Label><Text>by leaving a copy thereof for the master on board the ship with the person who is, or appears to be, in command or charge of the ship, or</Text></Subparagraph><Subparagraph><Label>(ii)</Label><Text>by leaving a copy thereof with the owner or agent of the owner of the ship residing in Canada or, where no such owner or agent is known or can be found, by fixing a copy thereof to a prominent part of the ship.</Text></Subparagraph></Paragraph></Subsection><Subsection><MarginalNote>Ship under detention not to depart</MarginalNote><Label>(5)</Label><Text>Where notice of a detention order in respect of a ship is served under subsection (4) and, during the term of the detention order, the master or owner of the ship gives an order for the ship to depart from Canadian waters or from waters above the continental shelf of Canada, the master or owner, as the case may be, is guilty of an offence and liable on summary conviction to a fine not exceeding fifty thousand dollars.</Text></Subsection><Subsection><MarginalNote>Duty of persons empowered to give clearance</MarginalNote><Label>(6)</Label><Text>Subject to subsection (7), no person to whom a detention order made under subsection (1) is addressed shall, after notice of the order is received by that person, give clearance in respect of the ship to which the order relates.</Text></Subsection><Subsection><MarginalNote>When clearance shall be given</MarginalNote><Label>(7)</Label><Text>A person to whom a detention order made under subsection (1) is addressed and who has received notice of the order shall give clearance in respect of the ship to which the order relates where</Text><Paragraph><Label>(a)</Label><Text>security satisfactory to the Minister of Transport in the amount of fifty thousand dollars is given to Her Majesty in right of Canada;</Text></Paragraph><Paragraph><Label>(b)</Label><Text>the ship has not been charged with an offence under this Act within thirty days after the making of the detention order; or</Text></Paragraph><Paragraph><Label>(c)</Label><Text>the ship has been charged with an offence under this Act within the period referred to in paragraph (b) and</Text><Subparagraph><Label>(i)</Label><Text>security satisfactory to the Minister of Transport for payment of the maximum fine that might be imposed as a result of a conviction of a ship charged with that offence, or in such lesser amount as may be approved by the Minister of Transport, is given to Her Majesty in right of Canada, or</Text></Subparagraph><Subparagraph><Label>(ii)</Label><Text>proceedings in respect of the alleged offence that gave rise to the making of the detention order are discontinued.</Text></Subparagraph></Paragraph></Subsection><Subsection><MarginalNote>Sale of ship where no appearance and no security</MarginalNote><Label>(8)</Label><Text>Where a ship has been charged with an offence under this Act within thirty days after the making of a detention order in respect thereof and, within thirty days after the day on which the ship was charged with the offence,</Text><Paragraph><Label>(a)</Label><Text>no one has appeared on behalf of the ship to answer to the charge, and</Text></Paragraph><Paragraph><Label>(b)</Label><Text>security referred to in paragraph (7)(c) has not been given,</Text></Paragraph><ContinuedSectionSubsection><Text>the Minister of Transport may apply to a court for an order authorizing the Minister of Transport to sell the ship.</Text></ContinuedSectionSubsection></Subsection><Subsection><MarginalNote>Sale of ship where appearance but no security</MarginalNote><Label>(9)</Label><Text>Where a ship has been charged with an offence under this Act within thirty days after the making of a detention order in respect thereof and</Text><Paragraph><Label>(a)</Label><Text>within thirty days after the day on which the ship was charged with the offence, someone has appeared on behalf of the ship to answer to the charge but security referred to in paragraph (7)(c) has not been given, and</Text></Paragraph><Paragraph><Label>(b)</Label><Text>the ship is convicted and a fine is imposed but not paid forthwith,</Text></Paragraph><ContinuedSectionSubsection><Text>the Minister of Transport may apply to a court for an order authorizing the Minister of Transport to sell the ship.</Text></ContinuedSectionSubsection></Subsection><Subsection><MarginalNote>Notice</MarginalNote><Label>(10)</Label><Text>Forthwith on making an application under subsection (8) or (9), the Minister of Transport shall, by registered mail, give notice of the application to</Text><Paragraph><Label>(a)</Label><Text>the person responsible for maintaining any register in which the ship is registered, listed or recorded;</Text></Paragraph><Paragraph><Label>(b)</Label><Text>the holder of any mortgage against the ship that is registered on the register referred to in paragraph (a); and</Text></Paragraph><Paragraph><Label>(c)</Label><Text>the holder of any maritime lien against the ship to which the application relates, and the holder of any like interest, known to the Minister of Transport at the time of the making of the application.</Text></Paragraph></Subsection><Subsection><MarginalNote>Day notice deemed to be given</MarginalNote><Label>(11)</Label><Text>A notice sent by registered mail under subsection (10) shall be deemed to have been given to the person to whom it was sent on the day on which an acknowledgement of receipt in respect thereof is received by the Minister of Transport.</Text></Subsection><Subsection><MarginalNote>Court may relieve Minister of giving notice</MarginalNote><Label>(12)</Label><Text>Where the court seized of an application under subsection (8) or (9) is satisfied that it is appropriate to do so, the court may relieve the Minister of Transport of the obligation to give the notice referred to in subsection (10), or authorize the Minister of Transport to give the notice in such other manner as the court deems fit.</Text></Subsection><Subsection><MarginalNote>Claiming interest</MarginalNote><Label>(13)</Label><Text>Where an application is made under subsection (8) or (9) in respect of a ship,</Text><Paragraph><Label>(a)</Label><Text>any person referred to in paragraph (10)(b) or (c) may, within sixty days after the notice is given to that person, and</Text></Paragraph><Paragraph><Label>(b)</Label><Text>any other person who claims an interest in the ship as mortgagee, or as the holder of a maritime lien or as the holder of any like interest, may, within sixty days after the application is made,</Text></Paragraph><ContinuedSectionSubsection><Text>apply by notice in writing to the court seized of the application for an order referred to in subsection (14).</Text></ContinuedSectionSubsection></Subsection><Subsection><MarginalNote>Order</MarginalNote><Label>(14)</Label><Text>Where, on the hearing of an application made under subsection (13), it is made to appear to the satisfaction of the court</Text><Paragraph><Label>(a)</Label><Text>that the applicant acquired the interest in respect of which the applicant is applying in good faith prior to the commission of the offence in respect of which the ship was detained, and</Text></Paragraph><Paragraph><Label>(b)</Label><Text>that the applicant is innocent of any complicity or collusion in respect of the offence in respect of which the ship was detained,</Text></Paragraph><ContinuedSectionSubsection><Text>the court shall grant to the applicant an order declaring the nature and extent of the applicant’s interest at the time of the commission of the offence.</Text></ContinuedSectionSubsection></Subsection><Subsection><MarginalNote>Appeal</MarginalNote><Label>(15)</Label><Text>Any person who makes an application under subsection (13), and the Minister of Transport, may appeal to the court of appeal from an order referred to in subsection (14) and the appeal shall be asserted, heard and decided according to the ordinary procedure governing appeals to the court of appeal from orders or judgments of a court.</Text></Subsection><Subsection><MarginalNote>Applications under subsection (13) to be heard first</MarginalNote><Label>(16)</Label><Text>A court shall not hear an application under subsection (8) or (9) until all applications under subsection (13) in relation thereto have been heard.</Text></Subsection><Subsection><MarginalNote>Court may authorize sale</MarginalNote><Label>(17)</Label><Text>A court hearing an application under subsection (8) or (9) may authorize the Minister of Transport to sell the ship to which the application relates in such manner and subject to such terms and conditions as the court considers appropriate and, on application by the Minister of Transport, give directions to the Minister of Transport as to the rank of the interests of persons who have obtained an order referred to in subsection (14).</Text></Subsection><Subsection><MarginalNote>Payment of proceeds</MarginalNote><Label>(18)</Label><Text>Where a ship is sold pursuant to this section, any surplus remaining from the proceeds of the sale after deducting</Text><Paragraph><Label>(a)</Label><Text>the amount of</Text><Subparagraph><Label>(i)</Label><Text>the maximum fine that could have been imposed for the offence, where subsection (8) applies, or</Text></Subparagraph><Subparagraph><Label>(ii)</Label><Text>the fine actually imposed, where subsection (9) applies, and</Text></Subparagraph></Paragraph><Paragraph><Label>(b)</Label><Text>the cost of the detention and the sale</Text></Paragraph><ContinuedSectionSubsection><Text>shall, to the extent of the surplus, be paid in accordance with the interests of persons who have obtained an order referred to in subsection (14), and any surplus remaining thereafter shall be paid to the person registered as the owner of the ship or, in the absence of registration, to the person who owns the ship.</Text></ContinuedSectionSubsection></Subsection><Subsection><MarginalNote>Clear title</MarginalNote><Label>(19)</Label><Text>On selling a ship pursuant to this section, the Minister of Transport may, by bill of sale, give the purchaser a valid title to the ship free from any mortgage or other claim on the ship that is in existence at the time of the sale.</Text></Subsection><Subsection><MarginalNote>Registrability not implied</MarginalNote><Label>(20)</Label><Text>Nothing in subsection (19) shall be construed as meaning that the ship may be registered in the name of the purchaser.</Text></Subsection><Subsection><MarginalNote>Not duty paid</MarginalNote><Label>(21)</Label><Text>No ship sold pursuant to this section shall be deemed to have been duty paid under the <XRefExternal reference-type="act">Customs Tariff</XRefExternal> by reason only of that sale.</Text></Subsection><Subsection><MarginalNote>Definitions</MarginalNote><Label>(22)</Label><Text>In this section,</Text><Definition><MarginalNote><DefinedTermEn>court</DefinedTermEn></MarginalNote><MarginalNote><DefinedTermFr>tribunal</DefinedTermFr></MarginalNote><Text><DefinedTermEn>court</DefinedTermEn> means</Text><Paragraph><Label>(a)</Label><Text>in the Province of Ontario, the Superior Court of Justice,</Text></Paragraph><Paragraph><Label>(b)</Label><Text>in the Province of Quebec, the Superior Court of the Province,</Text></Paragraph><Paragraph><Label>(c)</Label><Text>in the Province of Newfoundland and Labrador, the Trial Division of the Supreme Court of the Province,</Text></Paragraph><Paragraph><Label>(d)</Label><Text>in the Provinces of New Brunswick, Manitoba, Saskatchewan and Alberta, the Court of Queen’s Bench for the Province,</Text></Paragraph><Paragraph><Label>(e)</Label><Text>in the Provinces of Nova Scotia, British Columbia and Prince Edward Island, the Supreme Court of the Province,</Text></Paragraph><Paragraph><Label>(f)</Label><Text>the Supreme Court of Yukon, the Supreme Court of the Northwest Territories and the Nunavut Court of Justice, and</Text></Paragraph><Paragraph><Label>(g)</Label><Text>the Federal Court;</Text></Paragraph></Definition><Definition><MarginalNote><DefinedTermEn>court of appeal</DefinedTermEn></MarginalNote><MarginalNote><DefinedTermFr>tribunal d’appel</DefinedTermFr></MarginalNote><Text><DefinedTermEn>court of appeal</DefinedTermEn> means, in the province in which an order referred to in subsection (14) is made, the court of appeal for that province as defined in section 2 of the <XRefExternal reference-type="act">Criminal Code</XRefExternal> and includes the Federal Court of Appeal.</Text></Definition></Subsection><HistoricalNote>1992, c. 31, s. 16; 1996, c. 31, s. 108; 1998, c. 16, s. 31, c. 30, ss. 13(F), 15(E); 1999, c. 3, s. 21, c. 31, s. 43; 2002, c. 7, s. 132(E), c. 8, s. 183; 2015, c. 3, s. 36.</HistoricalNote></Section><Heading level="1"><TitleText>Other Offences</TitleText></Heading><Section><MarginalNote>Obstruction</MarginalNote><Label>17</Label><Text>No person shall obstruct or hinder an enforcement officer in the carrying out of the enforcement officer’s duties and functions under this Act.</Text></Section><Section><MarginalNote>False statements</MarginalNote><Label>18</Label><Text>No person shall knowingly make a false or misleading statement, either orally or in writing, as the case may be,</Text><Paragraph><Label>(a)</Label><Text>in an application for a licence;</Text></Paragraph><Paragraph><Label>(b)</Label><Text>to the Agency pursuant to a request under section 9; or</Text></Paragraph><Paragraph><Label>(c)</Label><Text>to an enforcement officer while the enforcement officer is engaged in carrying out that enforcement officer’s duties and functions under this Act.</Text></Paragraph></Section><Section><MarginalNote>Summary conviction offence and punishment</MarginalNote><Label>19</Label><Text>Every person who contravenes section 17 or 18 is guilty of an offence punishable on summary conviction and is liable to a fine of not more than fifteen thousand dollars or to imprisonment for a term not exceeding twelve months or to both.</Text></Section><Heading level="1"><TitleText>General</TitleText></Heading><Section><MarginalNote>Minister of Transport responsible</MarginalNote><Label>20</Label><Text>Except where otherwise provided for in this Act, the Minister of Transport is responsible for the administration of this Act.</Text></Section><Section><MarginalNote>Copies or extracts</MarginalNote><Label>21</Label><Subsection><Label>(1)</Label><Text>Subject to subsection (2), a copy or extract of any document or paper made or taken pursuant to subsection 15(3) by an enforcement officer and purporting to be certified under the enforcement officer’s signature as a true copy or extract is admissible in evidence in any prosecution for an offence under this Act without proof of the signature or official character of the person appearing to have signed the copy or extract and, in the absence of any evidence to the contrary, has the same probative force as the original document or paper would have if it had been proved in the ordinary way.</Text></Subsection><Subsection><MarginalNote>Notice</MarginalNote><Label>(2)</Label><Text>No copy or extract referred to in subsection (1) shall be received in evidence in any proceedings unless the party intending to produce it has given to the party against whom it is intended to be produced notice of that intention at least seven days prior to the proceedings together with a duplicate of the copy or extract.</Text></Subsection></Section><Heading level="1"><TitleText>Consequential Amendments</TitleText></Heading><Section><Label>22 to 28</Label><Text>[Amendments]</Text></Section><Heading level="1"><TitleText>Transitional</TitleText></Heading><Section><Label>29</Label><Text><Repealed>[Repealed, 2001, c. 26, s. 291]</Repealed></Text></Section><Section><Label>30</Label><Text><Repealed>[Repealed, 2001, c. 26, s. 291]</Repealed></Text></Section><Heading level="1"><TitleText>Coming into Force</TitleText></Heading><Section type="transitional"><MarginalNote>Coming into force</MarginalNote><Label><FootnoteRef idref="C-33.3_en_1">*</FootnoteRef>31</Label><Subsection type="transitional"><Label>(1)</Label><Text>Subject to this section, this Act shall come into force on a day to be fixed by order of the Governor in Council.</Text></Subsection><Subsection type="transitional"><Label>(2)</Label><Text><Repealed>[Repealed, 2001, c. 26, s. 292]</Repealed></Text><Footnote id="C-33.3_en_1" placement="section" status="editorial" xml:space="default"><Label>*</Label><Text>[Note: Act in force December 1, 1992, <Emphasis style="italic">see</Emphasis> SI/92-175.]</Text></Footnote></Subsection><HistoricalNote>1992, c. 31, s. 31; 2001, c. 26, s. 292.</HistoricalNote></Section></Body><Schedule id="RelatedProvs"><ScheduleFormHeading type="amending"><TitleText>RELATED PROVISIONS</TitleText></ScheduleFormHeading><BillPiece><Heading level="5" style="nifrp"><TitleText>
                    — 1998, c. 30, s. 10</TitleText></Heading><Section><MarginalNote>Transitional — proceedings</MarginalNote><Label>10</Label><Text>Every proceeding commenced before the coming into force of this section and in respect of which any provision amended by sections 12 to 16 applies shall be taken up and continued under and in conformity with that amended provision without any further formality.</Text></Section></BillPiece></Schedule><Schedule id="NifProvs"><ScheduleFormHeading type="amending"><TitleText>AMENDMENTS NOT IN FORCE</TitleText></ScheduleFormHeading><BillPiece><Heading level="5" style="nifrp"><TitleText>
                    — 2018, c. 10, s. 70</TitleText></Heading><Section type="amending"><Label>70</Label><Subsection type="amending"><Label>(1)</Label><Text>Subsections 3(2.1) and (2.2) of the <XRefExternal reference-type="act">Coasting Trade Act</XRefExternal> are replaced by the following:</Text><AmendedText><Subsection><MarginalNote>Repositioning of empty containers</MarginalNote><Label>(2.1)</Label><Text>Subsection (1) does not apply in respect of carriage between one place in Canada and another, without consideration, of empty containers that are owned or leased by the ship’s owner and of any ancillary equipment that is necessary to ensure the safety, security, containment and preservation of the goods that may be carried in those containers.</Text></Subsection><Subsection><MarginalNote>Dredging activities</MarginalNote><Label>(2.2)</Label><Text>Subsection (1) does not apply in respect of dredging activities — other than dredging activities that are provided under an agreement with Her Majesty in right of Canada or with an entity which is listed in Annex 19-1, as amended from time to time, of Chapter Nineteen of CETA — carried out by any of the following ships:</Text><Paragraph><Label>(a)</Label><Text>a non-duty paid ship whose owner is a Canadian entity or an EU entity;</Text></Paragraph><Paragraph><Label>(b)</Label><Text>a foreign ship that is registered in the first, or domestic, register of a member state of the European Union and whose owner is a Canadian entity, an EU entity or an entity that is under Canadian or European control;</Text></Paragraph><Paragraph><Label>(c)</Label><Text>a foreign ship that is registered in a second, or international, register of a member state of the European Union and whose owner is a Canadian entity, an EU entity or an entity that is under Canadian or European control; and</Text></Paragraph><Paragraph><Label>(d)</Label><Text>a foreign ship that is registered in a register other than the Canadian Register of Vessels or a register referred to in paragraph (b) or (c), and whose owner is a Canadian entity or an EU entity.</Text></Paragraph></Subsection></AmendedText></Subsection><Subsection type="amending"><Label>(2)</Label><Text>Paragraph 3(2.3)(a) of the Act is replaced by the following:</Text><AmendedText><SectionPiece><Paragraph><Label>(a)</Label><Text>the carriage of goods by a ship that is described in paragraph (2.2)(b), from the port of Halifax — where the goods are loaded — to the port of Montreal, or vice versa, if that carriage is one leg of the importation of the goods into Canada; or</Text></Paragraph></SectionPiece></AmendedText></Subsection><Subsection type="amending"><Label>(3)</Label><Text>The portion of subsection 3(2.4) of the Act before paragraph (a) is replaced by the following:</Text><AmendedText><Subsection><MarginalNote>Feeder services — single trip</MarginalNote><Label>(2.4)</Label><Text>Subject to subsection (2.5), subsection (1) does not apply in respect of the carriage, by a ship that is described in paragraph (2.2)(c), of goods in a container from the port of Montreal to the port of Halifax, or vice versa, if</Text></Subsection></AmendedText></Subsection><Subsection type="amending"><Label>(4)</Label><Text>Subsection 3(2.6) of the Act is replaced by the following:</Text><AmendedText><Subsection><MarginalNote>Provision of information</MarginalNote><Label>(2.6)</Label><Text>Before a ship engages, without a licence, in any activities referred to in subsections (2.2) to (2.4) and for which the owner of the ship intends to rely on an exemption under any one of those subsections, the owner shall provide information to an enforcement officer, in the form and manner specified by the Minister, establishing that the ship meets the applicable conditions under any of paragraphs (2.2)(a) to (d).</Text></Subsection></AmendedText></Subsection><Subsection type="amending"><Label>(5)</Label><Text>The portion of subsection 3(7) of the Act before paragraph (a) is replaced by the following:</Text><AmendedText><Subsection><MarginalNote>Control</MarginalNote><Label>(7)</Label><Text>For the purposes of paragraphs (2.2)(b) and (c), an entity is under Canadian or European control</Text></Subsection></AmendedText></Subsection></Section><Heading level="5" style="nifrp"><TitleText>
                    — 2018, c. 10, s. 71</TitleText></Heading><Section type="amending"><Label>71</Label><Text>Paragraphs 5.1(1)(a) and (b) of the Act are replaced by the following:</Text><AmendedText><SectionPiece><Paragraph><Label>(a)</Label><Text>for an application made on behalf of a ship described in paragraph 3(2.2)(a), paragraph 5(a); and</Text></Paragraph><Paragraph><Label>(b)</Label><Text>for an application made on behalf of a ship described in paragraph 3(2.2)(b) or (c), paragraph 4(1)(a).</Text></Paragraph></SectionPiece></AmendedText></Section><Heading level="5" style="nifrp"><TitleText>
                    — 2018, c. 10, s. 72</TitleText></Heading><Section type="amending"><Label>72</Label><Text>Paragraph 7(b) of the Act is replaced by the following:</Text><AmendedText><SectionPiece><Paragraph><Label>(b)</Label><Text>indicate, for the purpose of paragraph 3(2.2)(c), the registers that are second, or international, registers of member states of the European Union; and</Text></Paragraph></SectionPiece></AmendedText></Section></BillPiece></Schedule></Statute>