﻿<?xml version="1.0" encoding="utf-8"?><!DOCTYPE Statute PUBLIC "-//Justice Canada//DTD Statute v2.0.0//EN" "Dtd/Version_2.0.0/Statute/Statute.dtd"><Statute bill-origin="commons" bill-type="govt-public" xml:lang="en" in-force="yes"><Identification><LongTitle>An Act respecting contraventions of federal enactments</LongTitle><ShortTitle status="official">Contraventions Act</ShortTitle><RunningHead>Contraventions</RunningHead><BillHistory><Stages stage="assented-to"><Date><YYYY>1992</YYYY><MM>10</MM><DD>15</DD></Date></Stages><Stages stage="consolidation"><Date><YYYY>2018</YYYY><MM>08</MM><DD>20</DD></Date></Stages></BillHistory><Chapter><ConsolidatedNumber official="no">C-38.7</ConsolidatedNumber><AnnualStatuteId revised-statute="no"><AnnualStatuteNumber>47</AnnualStatuteNumber><YYYY>1992</YYYY></AnnualStatuteId></Chapter></Identification><Introduction><Enacts><Provision format-ref="indent-0-0" language-align="no"><Text>Her Majesty, by and with the advice and consent of the Senate and House of Commons of Canada, enacts as follows:</Text></Provision></Enacts></Introduction><Body><Heading level="1"><TitleText>Short Title</TitleText></Heading><Section><MarginalNote>Short title</MarginalNote><Label>1</Label><Text>This Act may be cited as the <XRefExternal reference-type="act">Contraventions Act</XRefExternal>.</Text></Section><Heading level="1"><TitleText>Interpretation</TitleText></Heading><Section><MarginalNote>Definitions</MarginalNote><Label>2</Label><Text>In this Act,</Text><Definition><Text><DefinedTermEn>Attorney General</DefinedTermEn> means the Attorney General of Canada or the Attorney General of a province, and includes counsel or an agent exercising any of the powers or performing any of the duties and functions of the Attorney General for the purposes of the applicable laws of a province or this Act, as the case may be; (<DefinedTermFr>procureur général</DefinedTermFr>)</Text></Definition><Definition><Text><DefinedTermEn>contravention</DefinedTermEn> means an offence that is created by an enactment and is designated as a contravention by regulation of the Governor in Council; (<DefinedTermFr>contravention</DefinedTermFr>)</Text></Definition><Definition><Text><DefinedTermEn>contraventions court</DefinedTermEn> means, in respect of a contravention alleged to have been committed in, or otherwise within the territorial jurisdiction of the courts of, a province, a court designated by order of the Governor in Council in respect of that province; (<DefinedTermFr>tribunal des contraventions</DefinedTermFr>)</Text></Definition><Definition><Text><DefinedTermEn>enactment</DefinedTermEn> means any Act of Parliament or any regulation, rule, order, by-law or ordinance made under an Act of Parliament; (<DefinedTermFr>texte</DefinedTermFr>)</Text></Definition><Definition><Text><DefinedTermEn>enforcement authority</DefinedTermEn> means, in respect of a contravention,</Text><Paragraph><Label>(a)</Label><Text>any police officer or constable, including a special or auxiliary constable,</Text></Paragraph><Paragraph><Label>(b)</Label><Text>the minister responsible for administering the enactment creating the contravention,</Text></Paragraph><Paragraph><Label>(c)</Label><Text>any person, or member of a class of persons, designated by the minister responsible for administering the enactment creating the contravention, or</Text></Paragraph><Paragraph><Label>(d)</Label><Text>the corporation or other body that made or is responsible for administering the enactment creating the contravention; (<DefinedTermFr>agent de l’autorité</DefinedTermFr>)</Text></Paragraph></Definition><Definition><Text><DefinedTermEn>fees</DefinedTermEn> means any of the amounts provided for under paragraph 8(1)(e); (<DefinedTermFr>frais</DefinedTermFr>)</Text></Definition><Definition><Text><DefinedTermEn>forfeitable thing</DefinedTermEn><Repealed>[Repealed, 1996, c. 7, s. 1]</Repealed></Text></Definition><Definition><Text><DefinedTermEn>Minister</DefinedTermEn> means the Minister of Justice; (<DefinedTermFr>ministre</DefinedTermFr>)</Text></Definition><Definition><Text><DefinedTermEn>prescribed</DefinedTermEn> means prescribed by regulation; (<DefinedTermFr>réglementaire</DefinedTermFr>)</Text></Definition><Definition><Text><DefinedTermEn>ticket</DefinedTermEn> means a ticket issued under this Act; (<DefinedTermFr>procès-verbal</DefinedTermFr>)</Text></Definition><Definition><Text><DefinedTermEn>young person</DefinedTermEn> means, in respect of a contravention, a person who, at the time of the contravention, is or, in the absence of evidence to the contrary, appears to be twelve years of age or more but under eighteen years of age; (<DefinedTermFr>adolescent</DefinedTermFr>)</Text></Definition><Definition><Text><DefinedTermEn>youth court</DefinedTermEn><Repealed>[Repealed, 2002, c. 1, s. 167]</Repealed></Text></Definition><Definition><Text><DefinedTermEn>youth justice court</DefinedTermEn> means, in respect of a contravention alleged to have been committed by a young person in, or otherwise within the territorial jurisdiction of the courts of, a province, the court established or designated by or under an Act of the legislature of the province, or designated by the Governor in Council or lieutenant governor in council of the province, as the youth justice court for the purposes of the <XRefExternal reference-type="act">Youth Criminal Justice Act</XRefExternal>. (<DefinedTermFr>tribunal pour adolescents</DefinedTermFr>)</Text></Definition><HistoricalNote>1992, c. 47, s. 2; 1996, c. 7, s. 1; 2002, c. 1, s. 167.</HistoricalNote></Section><Heading level="1"><TitleText>Her Majesty</TitleText></Heading><Section><MarginalNote>Binding on Her Majesty</MarginalNote><Label>3</Label><Text>This Act is binding on Her Majesty in right of Canada or a province.</Text></Section><Heading level="1"><TitleText>Purpose</TitleText></Heading><Section><MarginalNote>Purpose</MarginalNote><Label>4</Label><Text>The purposes of this Act are</Text><Paragraph><Label>(a)</Label><Text>to provide a procedure for the prosecution of contraventions that reflects the distinction between criminal offences and regulatory offences and that is in addition to the procedures set out in the <XRefExternal reference-type="act">Criminal Code</XRefExternal> for the prosecution of contraventions and other offences; and</Text></Paragraph><Paragraph><Label>(b)</Label><Text>to alter or abolish the consequences in law of being convicted of a contravention, in light of that distinction.</Text></Paragraph></Section><Heading level="1"><TitleText>Relationship with Other Acts</TitleText></Heading><Section><MarginalNote>Relationship with <XRefExternal reference-type="act">Criminal Code</XRefExternal> and <XRefExternal reference-type="act">Youth Criminal Justice Act</XRefExternal></MarginalNote><Label>5</Label><Text>The provisions of the <XRefExternal reference-type="act">Criminal Code</XRefExternal> relating to summary conviction offences and the provisions of the <XRefExternal reference-type="act">Youth Criminal Justice Act</XRefExternal> apply to proceedings in respect of contraventions that are commenced under this Act, except to the extent that this Act, the regulations or the rules of court provide otherwise.</Text><HistoricalNote>1992, c. 47, s. 5; 1996, c. 7, s. 2; 2002, c. 1, s. 168.</HistoricalNote></Section><Section><Label>6</Label><Text><Repealed>[Repealed, 1996, c. 7, s. 3]</Repealed></Text></Section><Section><MarginalNote>Relationship with arrest provisions</MarginalNote><Label>7</Label><Text>A power of arrest in respect of an offence that is conferred by an enactment may be exercised in respect of the offence even though the offence is designated as a contravention, but nothing in this Act confers or enlarges a power of arrest.</Text></Section><Heading level="1"><TitleText>Designation of Offences</TitleText></Heading><Section><MarginalNote>Regulations</MarginalNote><Label>8</Label><Subsection><Label>(1)</Label><Text>The Governor in Council may, for the purposes of this Act, make regulations</Text><Paragraph><Label>(a)</Label><Text>designating as contraventions offences created by any enactment, other than offences for which an offender may be prosecuted only on indictment;</Text></Paragraph><Paragraph><Label>(b)</Label><Text>establishing short-form descriptions of contraventions;</Text></Paragraph><Paragraph><Label>(c)</Label><Text>establishing, in respect of a contravention, an amount as the amount of the fine for the purposes of proceedings commenced by means of a ticket;</Text></Paragraph><Paragraph in-force="9999-01-01"><Label>(d)</Label><Text>prescribing the form of tickets and other forms that may be used for the purposes of this Act;</Text></Paragraph><Paragraph><Label>(e)</Label><Text>providing for the fees, costs, penalties and other amounts that</Text><Subparagraph><Label>(i)</Label><Text>shall be imposed in respect of a contravention, or</Text></Subparagraph><Subparagraph><Label>(ii)</Label><Text>may be imposed in respect of a contravention,</Text></Subparagraph><ContinuedParagraph><Text>in the circumstances prescribed, at any stage of the proceedings; and</Text></ContinuedParagraph></Paragraph><Paragraph><Label>(f)</Label><Text>prescribing classes of contraventions for the purposes of this Act.</Text></Paragraph></Subsection><Subsection><MarginalNote>Fees</MarginalNote><Label>(1.1)</Label><Text>Different fees may be provided for in respect of each province.</Text></Subsection><Subsection><MarginalNote>Revocation of designation</MarginalNote><Label>(2)</Label><Text>For greater certainty, the Governor in Council may revoke the designation of an offence as a contravention.</Text></Subsection><Subsection><MarginalNote>Maximum fine</MarginalNote><Label>(3)</Label><Text>An amount established under paragraph (1)(c) may not exceed the maximum amount established for the relevant offence by the enactment creating the offence.</Text></Subsection><Subsection><MarginalNote>Maximum fine for contraventions by young persons</MarginalNote><Label>(4)</Label><Text>An amount established under paragraph (1)(c) in respect of a contravention, other than a contravention relating to parking a vehicle, may not exceed one hundred dollars, if the contravention is committed by a young person.</Text></Subsection><Subsection><MarginalNote>Minimum fine</MarginalNote><Label>(5)</Label><Text>An amount established under paragraph (1)(c) may not be less than any minimum amount prescribed for the relevant offence by the enactment creating the offence.</Text></Subsection><Subsection><MarginalNote>Corporations and individuals</MarginalNote><Label>(6)</Label><Text>Different amounts may be established under paragraph (1)(c) in respect of corporations and individuals committing the same contravention if the enactment creating the offence differentiates between them in prescribing the punishment for the offence.</Text></Subsection><Subsection><MarginalNote>Sufficiency of short-form description</MarginalNote><Label>(7)</Label><Text>The use on a form prescribed under this Act of a short-form description established under paragraph (1)(b) or of a description that deviates from that description without affecting its substance is sufficient for all purposes to describe the contravention.</Text></Subsection><Subsection><Label>(8)</Label><Text><Repealed>[Repealed, 1996, c. 7, s. 4]</Repealed></Text></Subsection><HistoricalNote>1992, c. 47, s. 8; 1996, c. 7, s. 4.</HistoricalNote></Section><Heading level="1"><TitleText>Completion and Service of Tickets</TitleText></Heading><Section in-force="9999-01-01"><MarginalNote>Completion and service of ticket</MarginalNote><Label>9</Label><Subsection><Label>(1)</Label><Text>An enforcement authority who believes on reasonable grounds that a person has committed a contravention may, within thirty days after the day on which the contravention is believed to have been committed, complete a ticket in respect of that contravention and cause it to be served on the person.</Text></Subsection><Subsection><MarginalNote>Notes on all copies</MarginalNote><Label>(2)</Label><Text>A ticket served on a person under subsection (1) must include any notes made by the enforcement authority on any other copy of the ticket.</Text></Subsection></Section><Section in-force="9999-01-01"><MarginalNote>Service on individuals</MarginalNote><Label>10</Label><Subsection><Label>(1)</Label><Text>Service of a ticket on an individual must be personal and is effected by leaving a copy of it with the individual or, if the individual cannot conveniently be found, with a person who appears to be at least eighteen years of age at the last or usual place of residence of the individual.</Text></Subsection><Subsection><MarginalNote>Service on corporations</MarginalNote><Label>(2)</Label><Text>Service of a ticket on a corporation is effected by</Text><Paragraph><Label>(a)</Label><Text>leaving a copy of it with</Text><Subparagraph><Label>(i)</Label><Text>the clerk or the chairperson, mayor, warden, reeve or other chief officer, in the case of a municipal corporation, or</Text></Subparagraph><Subparagraph><Label>(ii)</Label><Text>an officer or director or the person at any place of business of the corporation who appears to be in control or management of the place of business, in the case of a corporation other than a municipal corporation; or</Text></Subparagraph></Paragraph><Paragraph><Label>(b)</Label><Text>sending a copy of it by registered mail to the head office of the corporation.</Text></Paragraph></Subsection><Subsection><MarginalNote>Service on non-residents</MarginalNote><Label>(3)</Label><Text>Service of a ticket on an individual who does not reside in Canada may be effected by sending a copy of it by registered mail to the last or usual place of residence of the individual.</Text></Subsection><Subsection><MarginalNote>Effective date</MarginalNote><Label>(4)</Label><Text>Service of a ticket by registered mail is effective on the seventh day after the ticket is mailed.</Text></Subsection></Section><Section><Label>11</Label><Text><Repealed>[Repealed, 1996, c. 7, s. 5]</Repealed></Text></Section><Section in-force="9999-01-01"><MarginalNote>Parking contraventions</MarginalNote><Label>12</Label><Subsection><Label>(1)</Label><Text>An enforcement authority who believes from personal knowledge that a person has committed a contravention relating to parking a vehicle may, at the time of the alleged contravention, complete a ticket in respect of that contravention and serve it on the person or the owner of the vehicle.</Text></Subsection><Subsection><MarginalNote>Notes on all copies</MarginalNote><Label>(2)</Label><Text>A ticket served on a person under subsection (1) must include any notes made by the enforcement authority on any other copy of the ticket.</Text></Subsection></Section><Section in-force="9999-01-01"><MarginalNote>Vicarious liability of vehicle owners</MarginalNote><Label>13</Label><Text>Where a contravention relating to parking a vehicle is committed, the owner of the vehicle is guilty of the like contravention.</Text></Section><Section in-force="9999-01-01"><MarginalNote>Service of parking ticket</MarginalNote><Label>14</Label><Subsection><Label>(1)</Label><Text>Service of a ticket, in respect of a contravention relating to parking a vehicle, on the person who parked the vehicle is effected by affixing the ticket to the vehicle in a conspicuous place or by leaving a copy of the ticket with the person having care and control of the vehicle.</Text></Subsection><Subsection><MarginalNote>Service on vehicle owner</MarginalNote><Label>(2)</Label><Text>Service of a ticket, in respect of a contravention relating to parking a vehicle, on the owner of the vehicle is effected by affixing the ticket to the vehicle in a conspicuous place.</Text></Subsection></Section><Section in-force="9999-01-01"><MarginalNote>Certificate of service</MarginalNote><Label>15</Label><Subsection><Label>(1)</Label><Text>An enforcement authority who serves a ticket shall complete and sign a certificate of service stating that the ticket was, on the day set out in the certificate, served on the person who the enforcement authority believes committed the contravention and, in the case of a ticket served in respect of a contravention relating to parking a vehicle, on the owner of the vehicle.</Text></Subsection><Subsection><MarginalNote>Certificate as evidence</MarginalNote><Label>(2)</Label><Text>The certificate is evidence that, on the day set out in the certificate, a ticket was served on the person who the enforcement authority believes committed the contravention and, in the case of a ticket served in respect of a contravention relating to parking a vehicle, the owner of the vehicle.</Text></Subsection></Section><Heading level="1"><TitleText>Contents of Ticket</TitleText></Heading><Section in-force="9999-01-01"><MarginalNote>Contents of ticket</MarginalNote><Label>16</Label><Text>A ticket must be in the form prescribed under paragraph 8(1)(d) and</Text><Paragraph><Label>(a)</Label><Text>contain a statement signed by the enforcement authority certifying, in the case of a ticket served under section 9, that the enforcement authority has reasonable grounds to believe that a contravention has been committed and, in the case of a ticket served under section 12, that the enforcement authority believes from personal knowledge that a contravention has been committed;</Text></Paragraph><Paragraph><Label>(b)</Label><Text>include the short-form description of the contravention established under paragraph 8(1)(b);</Text></Paragraph><Paragraph><Label>(c)</Label><Text>indicate with reasonable precision, having regard to all the circumstances, the time and place at which the contravention was committed;</Text></Paragraph><Paragraph><Label>(d)</Label><Text>set out a total amount equal to</Text><Subparagraph><Label>(i)</Label><Text>the amount established under paragraph 8(1)(c) as the amount of the fine, and</Text></Subparagraph><Subparagraph><Label>(ii)</Label><Text>the fees that are applicable on serving a ticket;</Text></Subparagraph></Paragraph><Paragraph><Label>(e)</Label><Text>set out the options the person served with the ticket has in responding to it, the time within which the person must respond and the consequences under section 44 of failing to respond;</Text></Paragraph><Paragraph><Label>(f)</Label><Text>provide an opportunity for the person to indicate in which official language, being the person’s language, the person wishes to be tried;</Text></Paragraph><Paragraph><Label>(g)</Label><Text>provide an opportunity for the person to indicate whether the person is a young person;</Text></Paragraph><Paragraph><Label>(h)</Label><Text>mention that the ticket may be used as the evidence of the enforcement authority; and</Text></Paragraph><Paragraph><Label>(i)</Label><Text>provide an opportunity for the person to indicate whether the attendance of the enforcement authority who completed the ticket is required for the purposes of cross-examination.</Text></Paragraph><HistoricalNote>1992, c. 47, s. 16; 1996, c. 7, s. 6.</HistoricalNote></Section><Heading level="1"><TitleText>Commencement of Proceedings</TitleText></Heading><Section><MarginalNote>Filing of ticket</MarginalNote><Label>17</Label><Subsection in-force="9999-01-01"><Label>(1)</Label><Text>A proceeding in respect of a contravention may be commenced by filing a ticket in the office of the contraventions court or, if the contravention is alleged to have been committed by a young person and the lieutenant governor in council of the province has not made an order under subsection (2), in the office of the youth court.</Text></Subsection><Subsection in-force="9999-01-01"><MarginalNote>Jurisdiction of adult courts over young persons</MarginalNote><Label>(2)</Label><Text>Notwithstanding the <XRefExternal reference-type="act">Youth Criminal Justice Act</XRefExternal>, a contraventions court or a justice of the peace has jurisdiction, to the exclusion of that of the youth justice court, in respect of any contravention alleged to have been committed by a young person in, or otherwise within the territorial jurisdiction of the courts of, a province the lieutenant governor in council of which has ordered that any such contravention be dealt with in ordinary court.</Text></Subsection><Subsection in-force="9999-01-01"><MarginalNote>Application of <XRefExternal reference-type="act">Statutory Instruments Act</XRefExternal></MarginalNote><Label>(3)</Label><Text>Paragraph 3(2)(d) of the <XRefExternal reference-type="act">Statutory Instruments Act</XRefExternal> does not apply in respect of an order of the lieutenant governor in council of a province under subsection (2).</Text></Subsection><Subsection><Label>(4)</Label><Text><Repealed>[Repealed, 2001, c. 26, s. 293]</Repealed></Text></Subsection><HistoricalNote>1992, c. 47, s. 17; 1996, c. 7, s. 7; 2001, c. 26, s. 293; 2002, c. 1, s. 169.</HistoricalNote></Section><Section in-force="9999-01-01"><MarginalNote>Obligatory filing of ticket</MarginalNote><Label>18</Label><Text>An enforcement authority shall cause a ticket to be filed in the office of the relevant court in the following cases within the following times, namely,</Text><Paragraph><Label>(a)</Label><Text>if that office is the place specified in the ticket for the purposes of pleading guilty, pleading guilty but making representations or requesting a trial, as soon as practicable, and in any event within thirty days, after the ticket is served; or</Text></Paragraph><Paragraph><Label>(b)</Label><Text>if that office is not the place specified in the ticket for those purposes and the person served with the ticket</Text><Subparagraph><Label>(i)</Label><Text>requests an opportunity to plead guilty but make representations in accordance with section 23, or</Text></Subparagraph><Subparagraph><Label>(ii)</Label><Text>requests a trial in accordance with section 26,</Text></Subparagraph><Subparagraph><Label>(iii)</Label><Text><Repealed>[Repealed, 1996, c. 7, s. 8]</Repealed></Text></Subparagraph><ContinuedParagraph><Text>as soon as practicable, and in any event within thirty days, after the person does so.</Text></ContinuedParagraph></Paragraph><HistoricalNote>1992, c. 47, s. 18; 1996, c. 7, s. 8.</HistoricalNote></Section><Section in-force="9999-01-01"><MarginalNote>Parking tickets</MarginalNote><Label>19</Label><Text>A ticket that is filed in respect of a contravention relating to parking a vehicle must be accompanied by evidence of the ownership of the vehicle.</Text></Section><Section><Label>20</Label><Text><Repealed>[Repealed, 1996, c. 7, s. 9]</Repealed></Text></Section><Heading level="1"><TitleText>Options Available to Defendants</TitleText></Heading><Section><MarginalNote>Options</MarginalNote><Label>21</Label><Subsection in-force="9999-01-01"><Label>(1)</Label><Text>A person may, within thirty days after being served with a ticket,</Text><Paragraph><Label>(a)</Label><Text>plead guilty and pay the total amount set out in the ticket in accordance with section 22;</Text></Paragraph><Paragraph><Label>(b)</Label><Text>plead guilty but make representations in accordance with section 23; or</Text></Paragraph><Paragraph><Label>(c)</Label><Text>request a trial in accordance with section 26.</Text></Paragraph></Subsection><Subsection><Label>(2)</Label><Text><Repealed>[Repealed, 1996, c. 7, s. 10]</Repealed></Text></Subsection><HistoricalNote>1992, c. 47, s. 21; 1996, c. 7, s. 10.</HistoricalNote></Section><Section in-force="9999-01-01"><MarginalNote>Plea of guilty and payment</MarginalNote><Label>22</Label><Subsection><Label>(1)</Label><Text>A person who is served with a ticket may plead guilty by delivering the ticket, along with the total amount set out in the ticket, to the place specified in the ticket.</Text></Subsection><Subsection><MarginalNote>Effect of payment</MarginalNote><Label>(2)</Label><Text>Payment of the total amount under subsection (1) constitutes a plea of guilty and endorsement of payment on the ticket constitutes a conviction and the imposition of that amount.</Text></Subsection><Subsection><MarginalNote>Effect of part payment</MarginalNote><Label>(3)</Label><Text>Payment of an amount that is less than the total amount set out in the ticket constitutes a payment on account of the fine and fees.</Text></Subsection><Subsection><MarginalNote>Effect of late payment</MarginalNote><Label>(4)</Label><Text>Payment of an amount more than thirty days after service of the ticket constitutes a payment on account of the fine and fees.</Text></Subsection><HistoricalNote>1992, c. 47, s. 22; 1996, c. 7, s. 11.</HistoricalNote></Section><Section in-force="9999-01-01"><MarginalNote>Plea of guilty with representations</MarginalNote><Label>23</Label><Subsection><Label>(1)</Label><Text>A person who is served with a ticket may</Text><Paragraph><Label>(a)</Label><Text>plead guilty but make representations with respect to the matters described in subsection (2) by appearing at the time specified in the ticket before the contraventions or youth court so specified, or before a justice of the peace or other officer, at the office of that court; or</Text></Paragraph><Paragraph><Label>(b)</Label><Text>if no contraventions or youth court is specified in the ticket, request an opportunity to plead guilty but make representations with respect to those matters by signing the request to make representations on the ticket and delivering it to the place specified in the ticket.</Text></Paragraph></Subsection><Subsection><MarginalNote>Representations</MarginalNote><Label>(2)</Label><Text>The matters referred to in subsection (1) are the following:</Text><Paragraph><Label>(a)</Label><Text>the fine, fees or other sentence that ought to be imposed; or</Text></Paragraph><Paragraph><Label>(b)</Label><Text>whether the person ought to be given time to pay the fine or fees.</Text></Paragraph><Paragraph><Label>(c)</Label><Text><Repealed>[Repealed, 1996, c. 7, s. 12]</Repealed></Text></Paragraph></Subsection><Subsection><MarginalNote>Disposition</MarginalNote><Label>(3)</Label><Text>The contraventions court or a justice of the peace or other officer or, in the case of a young person in a province the lieutenant governor in council of which has not made an order under subsection 17(2), the youth court shall consider the representations, along with the ticket, and</Text><Paragraph><Label>(a)</Label><Text>if the court, justice or officer is satisfied that the representations should be accepted without holding a sentencing hearing, convict the defendant and</Text><Subparagraph><Label>(i)</Label><Text>impose a fine and the applicable fees in amounts not exceeding the amounts provided for under section 8 or any sentence prescribed by law other than a fine, or</Text></Subparagraph><Subparagraph><Label>(ii)</Label><Text>direct that any fine and fees so imposed be paid immediately or fix the time within which they are to be paid;</Text></Subparagraph><Subparagraph><Label>(iii)</Label><Text><Repealed>[Repealed, 1996, c. 7, s. 12]</Repealed></Text></Subparagraph></Paragraph><Paragraph><Label>(b)</Label><Text>if the court, justice or officer is satisfied that the representations should be rejected without holding a sentencing hearing, convict the defendant and impose a fine and the applicable fees in the amounts provided for under section 8; or</Text></Paragraph><Paragraph><Label>(c)</Label><Text>if the court, justice or officer considers, having regard to the amounts of the fine and applicable fees provided for under section 8, that the proceeding should not be disposed of without oral evidence or requires the participation of the Attorney General, direct that a sentencing hearing be held.</Text></Paragraph></Subsection><HistoricalNote>1992, c. 47, s. 23; 1996, c. 7, s. 12.</HistoricalNote></Section><Section><Label>24</Label><Text><Repealed>[Repealed, 1996, c. 7, s. 13]</Repealed></Text></Section><Section in-force="9999-01-01"><MarginalNote>Sentencing hearing</MarginalNote><Label>25</Label><Text>As soon as practicable after a court, justice or officer directs that a sentencing hearing be held under paragraph 23(3)(c), the court, the clerk of the court or a justice of the peace shall fix the time and place of the hearing and cause the defendant and the Attorney General to be notified of its time and place.</Text><HistoricalNote>1992, c. 47, s. 25; 1996, c. 7, s. 14.</HistoricalNote></Section><Section in-force="9999-01-01"><MarginalNote>Request for trial</MarginalNote><Label>26</Label><Subsection><Label>(1)</Label><Text>A person who is served with a ticket may request a trial by signing the request for a trial on the ticket and delivering it to the place specified in the ticket.</Text></Subsection><Subsection><MarginalNote>Trial</MarginalNote><Label>(2)</Label><Text>As soon as practicable after a person requests a trial under subsection (1), the court, the clerk of the court or a justice of the peace shall fix the time and place of the trial and cause the defendant and the Attorney General to be notified of its time and place.</Text></Subsection><HistoricalNote>1992, c. 47, s. 26; 1996, c. 7, s. 15.</HistoricalNote></Section><Section><Label>27</Label><Text><Repealed>[Repealed, 1996, c. 7, s. 16]</Repealed></Text></Section><Heading level="1"><TitleText>Transfer to Proper Court</TitleText></Heading><Section in-force="9999-01-01"><MarginalNote>Transfer to youth court</MarginalNote><Label>28</Label><Subsection><Label>(1)</Label><Text>The contraventions court or a justice of the peace shall order that a proceeding commenced by means of a ticket in the office of that court be continued in the youth court if the defendant is a young person and the lieutenant governor in council of the province has not made an order under subsection 17(2).</Text></Subsection><Subsection><MarginalNote>Transfer to contraventions court</MarginalNote><Label>(2)</Label><Text>The youth court or a justice of the peace shall order that a proceeding commenced by means of a ticket in the office of that court be continued in the contraventions court if the defendant is not a young person.</Text></Subsection><HistoricalNote>1992, c. 47, s. 28; 1996, c. 7, s. 17.</HistoricalNote></Section><Heading level="1"><TitleText>Trial Procedure</TitleText></Heading><Section in-force="9999-01-01"><MarginalNote>Trial</MarginalNote><Label>29</Label><Text>A contraventions court or a justice of the peace or, in the case of a young person in a province the lieutenant governor in council of which has not made an order under subsection 17(2), a youth court shall hold a trial in a proceeding commenced by means of a ticket, if</Text><Paragraph><Label>(a)</Label><Text>the defendant requests a trial in accordance with section 26;</Text></Paragraph><Paragraph><Label>(b)</Label><Text>the defendant is a young person who does not exercise any of the options referred to in section 21 within thirty days after being served with the ticket; or</Text></Paragraph><Paragraph><Label>(c)</Label><Text>a court directs that a trial be held after setting aside a conviction under section 47.</Text></Paragraph><Paragraph><Label>(d)</Label><Text><Repealed>[Repealed, 1996, c. 7, s. 18]</Repealed></Text></Paragraph><HistoricalNote>1992, c. 47, s. 29; 1996, c. 7, s. 18.</HistoricalNote></Section><Section in-force="9999-01-01"><MarginalNote>Language of trial</MarginalNote><Label>30</Label><Text>The choice of a defendant in responding to a ticket as to the official language, being the defendant’s language, in which the defendant wishes to be tried is deemed to be an order granted under section 530 of the <XRefExternal reference-type="act">Criminal Code</XRefExternal> and accordingly sections 530.1 and 531 of that Act apply in respect of the choice.</Text></Section><Section in-force="9999-01-01"><MarginalNote>Attendance of person who completed ticket</MarginalNote><Label>31</Label><Text>If a defendant in responding to a ticket indicates that the attendance of the enforcement authority who completed the ticket is required for the purposes of cross-examination, the Attorney General shall ensure that the enforcement authority attends the trial.</Text><HistoricalNote>1992, c. 47, s. 31; 1996, c. 7, s. 19.</HistoricalNote></Section><Section in-force="9999-01-01"><MarginalNote>Court shall not require defendant to appear personally</MarginalNote><Label>32</Label><Text>Notwithstanding subsection 800(2) of the <XRefExternal reference-type="act">Criminal Code</XRefExternal>, if the defendant appears for the trial by counsel or agent, the contraventions court or justice shall not issue a warrant for the arrest of the defendant.</Text></Section><Section in-force="9999-01-01"><MarginalNote><Language xml:lang="la">Ex parte</Language> trial where defendant absent</MarginalNote><Label>33</Label><Subsection><Label>(1)</Label><Text>If the defendant does not appear for the trial in person or by counsel or agent and the contraventions court or justice is satisfied that the defendant was served with the ticket and notified of the time and place of the trial, the court or justice may</Text><Paragraph><Label>(a)</Label><Text>after directing the clerk to enter a plea of not guilty, proceed with the trial in the absence of the defendant; or</Text></Paragraph><Paragraph><Label>(b)</Label><Text>adjourn the proceeding and fix a new trial date, if the Attorney General so requests.</Text></Paragraph></Subsection><Subsection><MarginalNote>New trial date</MarginalNote><Label>(2)</Label><Text>If the defendant does not appear for the trial at the new trial date fixed under paragraph (1)(b), the contraventions court or justice shall, after directing the clerk to enter a plea of not guilty, proceed with the trial in the absence of the defendant.</Text></Subsection><Subsection><MarginalNote>Resumption of trial</MarginalNote><Label>(3)</Label><Text>If the trial begins, either on the date originally fixed or on the new date fixed under paragraph (1)(b) or 34(1)(b), but is adjourned and the defendant does not appear for the resumption of the trial, the contraventions court or justice</Text><Paragraph><Label>(a)</Label><Text>may either adjourn the trial and fix a new date for its resumption or resume the trial in the absence of the defendant if the proceeding has not previously been adjourned as a result of the defendant not appearing; and</Text></Paragraph><Paragraph><Label>(b)</Label><Text>shall resume the trial in the absence of the defendant, if the proceeding has previously been adjourned as a result of the defendant not appearing.</Text></Paragraph></Subsection><Subsection><MarginalNote>Court shall not issue warrant for arrest of defendant</MarginalNote><Label>(4)</Label><Text>Notwithstanding subsection 803(2) of the <XRefExternal reference-type="act">Criminal Code</XRefExternal>, if the defendant does not appear for the trial or a resumption of the trial, a warrant for the arrest of the defendant shall not be issued.</Text></Subsection><HistoricalNote>1992, c. 47, s. 33; 1996, c. 7, s. 20.</HistoricalNote></Section><Section in-force="9999-01-01"><MarginalNote>Dismissal of proceeding where Crown absent</MarginalNote><Label>34</Label><Subsection><Label>(1)</Label><Text>If the defendant appears for the trial but the Attorney General does not and the contraventions court or justice is satisfied that the Attorney General was notified of the time and place of the trial, the court or justice may</Text><Paragraph><Label>(a)</Label><Text>dismiss the proceeding; or</Text></Paragraph><Paragraph><Label>(b)</Label><Text>adjourn the proceeding and fix a new trial date, on any terms that the court or justice considers proper.</Text></Paragraph></Subsection><Subsection><MarginalNote>New trial date</MarginalNote><Label>(2)</Label><Text>If the defendant appears for the trial at the new trial date fixed under paragraph (1)(b) but the Attorney General does not, the contraventions court or justice shall dismiss the proceeding.</Text></Subsection><Subsection><MarginalNote>Resumption of trial</MarginalNote><Label>(3)</Label><Text>If the trial begins, either on the date originally fixed or on the new date fixed under paragraph (1)(b) or 33(1)(b), but is adjourned and the Attorney General does not appear for the resumption of the trial, the contraventions court or justice</Text><Paragraph><Label>(a)</Label><Text>may either adjourn the trial and fix a new date for its resumption, on any terms that the court or justice considers proper, or dismiss the proceeding, if the proceeding has not previously been adjourned as a result of the Attorney General not appearing; and</Text></Paragraph><Paragraph><Label>(b)</Label><Text>shall dismiss the proceeding, if it has previously been adjourned as a result of the Attorney General not appearing.</Text></Paragraph></Subsection><HistoricalNote>1992, c. 47, s. 34; 1996, c. 7, s. 21.</HistoricalNote></Section><Section in-force="9999-01-01"><MarginalNote>New trial date</MarginalNote><Label>35</Label><Text>As soon as practicable after the contraventions court or justice fixes a new trial date or a new date for the resumption of the trial, the clerk of the court shall notify the defendant and the Attorney General of its time and place.</Text><HistoricalNote>1992, c. 47, s. 35; 1996, c. 7, s. 21.</HistoricalNote></Section><Section in-force="9999-01-01"><MarginalNote>Notice of conviction</MarginalNote><Label>36</Label><Text>As soon as practicable after an offender, whose address appears on the ticket, the certificate of service or other document in the court file, is convicted in the absence of the offender, the clerk of the court shall cause a notice of the conviction, the amounts of any fine and fees and any time allowed for their payment to be sent to the offender by ordinary mail.</Text><HistoricalNote>1992, c. 47, s. 36; 1996, c. 7, s. 22(E).</HistoricalNote></Section><Heading level="1"><TitleText>Sentencing Hearing</TitleText></Heading><Section in-force="9999-01-01"><MarginalNote>Sentencing hearing</MarginalNote><Label>37</Label><Subsection><Label>(1)</Label><Text>A contraventions court or a justice of the peace or, in the case of a young person in a province the lieutenant governor in council of which has not made an order under subsection 17(2), a youth court shall hold a sentencing hearing in a proceeding commenced by filing a ticket, if</Text><Paragraph><Label>(a)</Label><Text>the defendant is convicted after a trial and the court or justice must determine the amount of the fine to be imposed; or</Text></Paragraph><Paragraph><Label>(b)</Label><Text>the court or a justice of the peace or other officer directs that a sentencing hearing be held after the defendant has pleaded guilty but made representations with respect to the matters referred to in subsection 23(2).</Text></Paragraph></Subsection><Subsection><MarginalNote>Need not be in court</MarginalNote><Label>(2)</Label><Text>The sentencing hearing may be held in the office of the court.</Text></Subsection></Section><Heading level="1"><TitleText>Evidence</TitleText></Heading><Section in-force="9999-01-01"><MarginalNote>Ticket as evidence</MarginalNote><Label>38</Label><Text>A ticket that is filed in the office of the contraventions court or the youth court, including any notes that purport to have been made by, and any portions that purport to have been completed by, an enforcement authority in respect of matters of which the authority has personal knowledge, is evidence of the facts alleged in the ticket without proof of the signature or official character of the person appearing to have completed the ticket.</Text></Section><Section><Label>39</Label><Text><Repealed>[Repealed, 1996, c. 7, s. 23]</Repealed></Text></Section><Section in-force="9999-01-01"><MarginalNote>Evidence of vehicle’s ownership</MarginalNote><Label>40</Label><Text>A statement purporting to be signed by or on behalf of the registrar of motor vehicles of a province and certifying that a person was the owner of a vehicle at the time specified in the statement is evidence that the person owned the vehicle at that time, without proof of the signature or official character of the person appearing to have signed the statement.</Text></Section><Section in-force="9999-01-01"><MarginalNote>Notice</MarginalNote><Label>41</Label><Subsection><Label>(1)</Label><Text>Except as otherwise provided, a notice or document required or authorized to be given or delivered under this Act may be given or delivered personally or by ordinary mail.</Text></Subsection><Subsection><MarginalNote>Evidence of notice</MarginalNote><Label>(2)</Label><Text>Evidence that a notice or document required or authorized to be given or delivered to a person under this Act was sent by ordinary mail to the person at his or her address appearing on a ticket, certificate of service or other document in the court file is evidence that the notice or document was given or delivered to the person.</Text></Subsection></Section><Heading level="1"><TitleText>Sentence</TitleText></Heading><Section><MarginalNote>Fines</MarginalNote><Label>42</Label><Subsection><Label>(1)</Label><Text>A person who is convicted in a proceeding commenced by means of a ticket is liable to a fine in an amount not exceeding the amount established under section 8 or to any sentence prescribed by law other than a fine.</Text></Subsection><Subsection><MarginalNote>No imprisonment</MarginalNote><Label>(2)</Label><Text>A person who is convicted in a proceeding commenced by means of a ticket is not liable to imprisonment and, accordingly, subsection 806(2) of the <XRefExternal reference-type="act">Criminal Code</XRefExternal> does not apply.</Text></Subsection><Subsection><MarginalNote>Minimum punishment</MarginalNote><Label>(3)</Label><Text>Where a defendant in a proceeding commenced by means of a ticket requests a trial but does not appear for it or a resumption of it and is convicted, a contraventions or youth court or a justice of the peace shall impose the fine in the amount established under section 8.</Text></Subsection><Subsection><MarginalNote>Punishment on default</MarginalNote><Label>(4)</Label><Text>Where a defendant in a proceeding commenced by means of a ticket does not respond to the ticket, a contraventions or youth court or a justice of the peace shall impose the fine in the amount established under section 8.</Text></Subsection><HistoricalNote>1992, c. 47, s. 42; 1996, c. 7, s. 24.</HistoricalNote></Section><Section><Label>43</Label><Text><Repealed>[Repealed, 1996, c. 7, s. 25]</Repealed></Text></Section><Heading level="1"><TitleText>Default Proceedings</TitleText></Heading><Section in-force="9999-01-01"><MarginalNote>Default convictions</MarginalNote><Label>44</Label><Subsection><Label>(1)</Label><Text>For the purpose of obtaining a default conviction, a proceeding in respect of a contravention may be commenced by filing a ticket in the office of the contraventions court if</Text><Paragraph><Label>(a)</Label><Text>the place specified in the ticket for the purposes of pleading guilty, pleading guilty but making representations or requesting a trial is not the office of the court;</Text></Paragraph><Paragraph><Label>(b)</Label><Text>more than thirty but not more than sixty days have elapsed since the date of service of the ticket;</Text></Paragraph><Paragraph><Label>(c)</Label><Text>the person alleged to have committed the contravention has not exercised any of the options referred to in section 21; and</Text></Paragraph><Paragraph><Label>(d)</Label><Text>the person alleged to have committed the contravention is not a young person.</Text></Paragraph></Subsection><Subsection><MarginalNote>Examination of ticket</MarginalNote><Label>(2)</Label><Text>The contraventions court or a justice of the peace shall examine a ticket that has been filed in the office of the court under subsection (1) or paragraph 18(a) if</Text><Paragraph><Label>(a)</Label><Text>more than thirty days have elapsed since the date of service of the ticket;</Text></Paragraph><Paragraph><Label>(b)</Label><Text>the person alleged to have committed the contravention has not exercised any of the options referred to in section 21; and</Text></Paragraph><Paragraph><Label>(c)</Label><Text>the person alleged to have committed the contravention is not a young person.</Text></Paragraph></Subsection><Subsection><MarginalNote>Default convictions</MarginalNote><Label>(3)</Label><Text>The contraventions court or justice of the peace shall</Text><Paragraph><Label>(a)</Label><Text>if the ticket is complete and regular on its face, convict the defendant and impose a fine and the applicable fees in the amounts provided for under section 8; or</Text></Paragraph><Paragraph><Label>(b)</Label><Text>quash the proceeding, if the ticket is not complete and regular on its face.</Text></Paragraph></Subsection><Subsection><MarginalNote>Notice of conviction</MarginalNote><Label>(4)</Label><Text>As soon as practicable after an offender whose address appears on the ticket, the certificate of service or other document in the court file is convicted under paragraph (3)(a), the clerk of the court shall cause a notice of the conviction to be sent to the offender by ordinary mail.</Text></Subsection><HistoricalNote>1992, c. 47, s. 44; 1996, c. 7, s. 26.</HistoricalNote></Section><Section in-force="9999-01-01"><MarginalNote>Young persons</MarginalNote><Label>45</Label><Subsection><Label>(1)</Label><Text>An enforcement authority may, for the purpose of compelling the appearance of a young person so that a trial can take place, commence a proceeding in respect of a contravention by filing a ticket in the office of the youth court or, in a province the lieutenant governor in council of which has made an order under subsection 17(2), in the office of the contraventions court if</Text><Paragraph><Label>(a)</Label><Text>the place specified in the ticket for the purposes of pleading guilty, pleading guilty but making representations or requesting a trial is not the office of the court;</Text></Paragraph><Paragraph><Label>(b)</Label><Text>more than thirty but not more than sixty days have elapsed since the date of service of the ticket;</Text></Paragraph><Paragraph><Label>(c)</Label><Text>the person alleged to have committed the contravention has not exercised any of the options referred to in section 21; and</Text></Paragraph><Paragraph><Label>(d)</Label><Text>the person alleged to have committed the contravention is a young person.</Text></Paragraph></Subsection><Subsection><MarginalNote>Examination of ticket</MarginalNote><Label>(2)</Label><Text>The youth or contraventions court or a justice of the peace shall examine a ticket that has been filed in the office of the court under subsection (1) or paragraph 18(a) if</Text><Paragraph><Label>(a)</Label><Text>more than thirty days have elapsed since the date of service of the ticket;</Text></Paragraph><Paragraph><Label>(b)</Label><Text>the person alleged to have committed the contravention has not exercised any of the options referred to in section 21; and</Text></Paragraph><Paragraph><Label>(c)</Label><Text>the person alleged to have committed the contravention is a young person.</Text></Paragraph></Subsection><Subsection><MarginalNote>Summons or warrant</MarginalNote><Label>(3)</Label><Text>The youth or contraventions court or justice may issue a summons or a warrant for the arrest of the young person to compel the young person to attend before the court or justice or some other justice for the same territorial division.</Text></Subsection><Subsection><MarginalNote>Deeming</MarginalNote><Label>(4)</Label><Text>The summons or warrant is deemed to have been issued under section 507 of the <XRefExternal reference-type="act">Criminal Code</XRefExternal>.</Text></Subsection></Section><Heading level="1"><TitleText>Removal of Convictions</TitleText></Heading><Section in-force="9999-01-01"><MarginalNote>Application to contraventions court</MarginalNote><Label>46</Label><Subsection><Label>(1)</Label><Text>A defendant who is convicted by the contraventions court or a justice of the peace in a proceeding commenced by means of a ticket or the Attorney General may apply to the court, within thirty days after becoming aware of the conviction, to set it aside.</Text></Subsection><Subsection><MarginalNote>Application to youth court</MarginalNote><Label>(2)</Label><Text>A defendant who is convicted by the youth court in a proceeding commenced by means of a ticket or the Attorney General may apply to the court, within thirty days after becoming aware of the conviction, to set it aside.</Text></Subsection><HistoricalNote>1992, c. 47, s. 46; 1996, c. 7, s. 27.</HistoricalNote></Section><Section in-force="9999-01-01"><MarginalNote>Review of convictions entered in defendant’s absence</MarginalNote><Label>47</Label><Subsection><Label>(1)</Label><Text>If the defendant was convicted in his or her absence, the contraventions court may</Text><Paragraph><Label>(a)</Label><Text>set aside the conviction if the court is satisfied that</Text><Subparagraph><Label>(i)</Label><Text>the defendant was not served with the ticket,</Text></Subparagraph><Subparagraph><Label>(ii)</Label><Text>the defendant was not notified of the time and place of the trial although the defendant requested a trial,</Text></Subparagraph><Subparagraph><Label>(iii)</Label><Text>the conviction was entered as a result of administrative error and through no fault of the defendant, or</Text></Subparagraph><Subparagraph><Label>(iv)</Label><Text>the court lacked jurisdiction to enter the conviction; or</Text></Subparagraph></Paragraph><Paragraph><Label>(b)</Label><Text>dismiss the application.</Text></Paragraph></Subsection><Subsection><MarginalNote>Review of convictions entered after trial</MarginalNote><Label>(2)</Label><Text>If the defendant was convicted after a trial, the contraventions or youth court may</Text><Paragraph><Label>(a)</Label><Text>set aside the conviction if the court is satisfied that</Text><Subparagraph><Label>(i)</Label><Text>the conviction is unreasonable or cannot be supported by the evidence,</Text></Subparagraph><Subparagraph><Label>(ii)</Label><Text>the conviction should be set aside on the ground of a wrong decision on a question of law, or</Text></Subparagraph><Subparagraph><Label>(iii)</Label><Text>there was a miscarriage of justice; or</Text></Subparagraph></Paragraph><Paragraph><Label>(b)</Label><Text>dismiss the application if</Text><Subparagraph><Label>(i)</Label><Text>the application is not decided in favour of the defendant on any ground mentioned in paragraph (a),</Text></Subparagraph><Subparagraph><Label>(ii)</Label><Text>the court is satisfied that no substantial wrong or miscarriage of justice occurred despite being satisfied that the application might be decided in favour of the defendant on any ground mentioned in paragraph (a), or</Text></Subparagraph><Subparagraph><Label>(iii)</Label><Text>the court is satisfied that the defendant suffered no prejudice by any procedural irregularity at the trial.</Text></Subparagraph></Paragraph></Subsection><Subsection><MarginalNote>Effect of removal of conviction</MarginalNote><Label>(3)</Label><Text>A court that sets aside a conviction under subsection (1) or (2) shall direct that a trial be held.</Text></Subsection><Subsection><MarginalNote>Transfer to proper court</MarginalNote><Label>(4)</Label><Text>A court that sets aside a conviction under subparagraph (1)(a)(iv) may make an order under section 28 in addition to or in lieu of directing that a trial be held.</Text></Subsection><Subsection><MarginalNote>Trial — contraventions court</MarginalNote><Label>(5)</Label><Text>As soon as practicable after the contraventions court directs that a trial be held, the court, the clerk of the court or a justice of the peace shall fix the time and place of the trial and cause the defendant and the Attorney General to be notified of its time and place.</Text></Subsection><Subsection><MarginalNote>Trial — youth court</MarginalNote><Label>(6)</Label><Text>As soon as practicable after the youth court directs that a trial be held, the court shall fix the time and place of the trial and cause the defendant and the Attorney General to be notified of its time and place.</Text></Subsection><HistoricalNote>1992, c. 47, s. 47; 1996, c. 7, s. 28.</HistoricalNote></Section><Section><Label>48 and 49</Label><Text><Repealed>[Repealed, 1996, c. 7, s. 29]</Repealed></Text></Section><Heading level="1"><TitleText>Election of Crown</TitleText></Heading><Section in-force="9999-01-01"><MarginalNote>Election of Crown</MarginalNote><Label>50</Label><Subsection><Label>(1)</Label><Text>Where a proceeding in respect of a contravention is commenced by laying an information, the Attorney General may elect that the proceeding be dealt with and disposed of as if it had been commenced by filing a ticket.</Text></Subsection><Subsection><MarginalNote>Effect of election</MarginalNote><Label>(2)</Label><Text>Where the Attorney General makes an election, this Act applies as if the defendant were served with a ticket on the day on which the defendant is notified of the election, even if that day is more than thirty days after the day on which the contravention was committed.</Text></Subsection><Subsection><MarginalNote>Notice of election</MarginalNote><Label>(3)</Label><Text>As soon as practicable, the clerk of the court shall notify the defendant of the election.</Text></Subsection><Subsection><MarginalNote>Contents of notice</MarginalNote><Label>(4)</Label><Text>A notice of election must have the contents required of a ticket by section 16 and state that, where an undertaking was given to a justice of the peace or a judge, its conditions cease to have effect.</Text></Subsection><Subsection><MarginalNote>Effect on undertaking’s conditions</MarginalNote><Label>(5)</Label><Text>The conditions in an undertaking given to a justice of the peace or a judge cease to have effect on the defendant’s being notified of the election.</Text></Subsection><HistoricalNote>1992, c. 47, s. 50; 1996, c. 7, s. 30.</HistoricalNote></Section><Heading level="1"><TitleText>Practice and Procedure</TitleText></Heading><Section in-force="9999-01-01"><MarginalNote>Rules</MarginalNote><Label>51</Label><Subsection><Label>(1)</Label><Text>A contraventions or youth court may, subject to the approval of the lieutenant governor in council of the province, make rules governing the practice and procedure in proceedings under this Act.</Text></Subsection><Subsection><MarginalNote>Consistency</MarginalNote><Label>(2)</Label><Text>The rules shall not be inconsistent with this Act or the regulations but may be inconsistent with the practice and procedure in proceedings under the <XRefExternal reference-type="act">Criminal Code</XRefExternal>.</Text></Subsection><Subsection><MarginalNote>Prepublication</MarginalNote><Label>(3)</Label><Text>A court that proposes to make rules under this section</Text><Paragraph><Label>(a)</Label><Text>shall give notice of the proposed rules by publishing them in the <XRefExternal reference-type="other">Canada Gazette</XRefExternal> and shall, in the notice, invite any interested person to make representations in writing with respect to the proposed rules within sixty days after the day of that publication; and</Text></Paragraph><Paragraph><Label>(b)</Label><Text>may, after the expiration of the sixty days referred to in paragraph (a) and subject to the approval of the lieutenant governor in council of the province, make the rules either as originally published or as revised in any manner that the court considers advisable having regard to any representations so made.</Text></Paragraph></Subsection><Subsection><MarginalNote>Publication</MarginalNote><Label>(4)</Label><Text>The rules shall be published in the <XRefExternal reference-type="other">Canada Gazette</XRefExternal>.</Text></Subsection><Subsection><MarginalNote>Quorum, etc. for making rules</MarginalNote><Label>(5)</Label><Text>Subsection 22(2) of the <XRefExternal reference-type="act">Interpretation Act</XRefExternal> applies in respect of making the rules as if the Act of the legislature of the province establishing the contraventions court or youth court were an enactment within the meaning of the <XRefExternal reference-type="act">Interpretation Act</XRefExternal>.</Text></Subsection></Section><Section in-force="9999-01-01"><MarginalNote>Fees</MarginalNote><Label>52</Label><Subsection><Label>(1)</Label><Text>In proceedings commenced by means of a ticket, a contraventions or youth court or a justice of the peace may award such costs provided for under paragraph 8(1)(e) as the court or justice considers appropriate.</Text></Subsection><Subsection><MarginalNote><XRefExternal reference-type="act">Criminal Code</XRefExternal> limitations on fees and allowances inapplicable</MarginalNote><Label>(2)</Label><Text>Section 840 of the <XRefExternal reference-type="act">Criminal Code</XRefExternal> does not apply in respect of proceedings commenced by means of a ticket and, accordingly, subsection 809(1) of that Act does not restrict the power to award costs under this section.</Text></Subsection><HistoricalNote>1992, c. 47, s. 52; 1996, c. 7, s. 31.</HistoricalNote></Section><Heading level="1"><TitleText>Recognizances</TitleText></Heading><Section in-force="9999-01-01"><MarginalNote>Recognizances</MarginalNote><Label>53</Label><Subsection><Label>(1)</Label><Text>Notwithstanding paragraphs 498(1)(c) and (d), 499(1)(b) and (c) and 515(2)(b), (c), (d) and (e) of the <XRefExternal reference-type="act">Criminal Code</XRefExternal>, neither an officer in charge nor a justice of the peace may direct that a recognizance be entered into in an amount that exceeds the fine established in respect of the contravention under paragraph 8(1)(c).</Text></Subsection><Subsection><MarginalNote>Money or other valuable security</MarginalNote><Label>(2)</Label><Text>Notwithstanding paragraphs 498(1)(d), 499(1)(c) and 515(2)(d) and (e) of the <XRefExternal reference-type="act">Criminal Code</XRefExternal>, neither an officer in charge nor a justice of the peace may direct that a sum of money or other valuable security in an amount or value that exceeds the fine established in respect of the contravention under paragraph 8(1)(c) be deposited.</Text></Subsection><Subsection><MarginalNote>Money or other valuable security as fine deposit</MarginalNote><Label>(3)</Label><Text>Where in a proceeding in respect of a contravention the defendant deposits a sum of money or other valuable security with an officer in charge or a justice of the peace and the defendant is afterwards convicted in the proceeding, the money or valuable security shall</Text><Paragraph><Label>(a)</Label><Text>be applied on account of the fine and fees imposed; and</Text></Paragraph><Paragraph><Label>(b)</Label><Text>to the extent that its amount or value exceeds the amount of the fine and fees imposed, be returned to the defendant.</Text></Paragraph></Subsection><Subsection><MarginalNote>Return of money or other valuable security</MarginalNote><Label>(4)</Label><Text>Where in a proceeding in respect of a contravention the defendant deposits a sum of money or other valuable security with an officer in charge or a justice of the peace and the defendant is afterwards acquitted in the proceeding, the money or valuable security shall be returned to the defendant.</Text></Subsection><HistoricalNote>1992, c. 47, s. 53; 1996, c. 7, s. 32; 1999, c. 25, s. 28.</HistoricalNote></Section><Section><MarginalNote>Exclusion of laying information</MarginalNote><Label>54</Label><Text>Where a ticket is served in respect of a contravention, an information under the <XRefExternal reference-type="act">Criminal Code</XRefExternal> may not be laid in respect of that contravention.</Text><HistoricalNote>1992, c. 47, s. 54; 1996, c. 7, s. 33.</HistoricalNote></Section><Heading level="1"><TitleText>Discharge and Enforcement of Fines and Fees</TitleText></Heading><Section><MarginalNote>Definition of <DefinedTermEn>proceeding</DefinedTermEn></MarginalNote><Label>55</Label><Text>In sections 56 to 62, <DefinedTermEn>proceeding</DefinedTermEn> means a proceeding in respect of a contravention that is commenced by means of a ticket or by laying an information where the prosecutor elects to proceed summarily.</Text><HistoricalNote>1992, c. 47, s. 55; 1996, c. 7, s. 33.</HistoricalNote></Section><Section in-force="9999-01-01"><MarginalNote>Discharge of fines and fees</MarginalNote><Label>56</Label><Subsection><Label>(1)</Label><Text>A fine or any fees imposed in a proceeding may be discharged by payment or, if a court or justice of the peace so orders, by earning credits for work performed during a period not exceeding two years in a program referred to in section 736 of the <XRefExternal reference-type="act">Criminal Code</XRefExternal> or by imprisonment for a term determined by the court.</Text></Subsection><Subsection><MarginalNote>Charges for cashing cheques</MarginalNote><Label>(2)</Label><Text>Paragraph 159(2)(c) of the <XRefExternal reference-type="act">Financial Administration Act</XRefExternal> does not apply in respect of a charge imposed on a person who is served with a ticket in respect of any cheque or other instruction for payment that is drawn in favour of the Receiver General, the Government of Canada, any department or any public officer in the officer’s official capacity and tendered for deposit to the credit of the Receiver General for the purpose of paying the amount set out in the ticket or a fine or any fees imposed in a proceeding.</Text></Subsection><HistoricalNote>1992, c. 47, s. 56; 1995, c. 22, s. 17; 1996, c. 7, ss. 33, 43.</HistoricalNote></Section><Section in-force="9999-01-01"><MarginalNote>Notice</MarginalNote><Label>57</Label><Text>If an offender who is convicted in a proceeding does not pay a fine or any fees imposed for the contravention within thirty days after the imposition or, if the time for payment is extended, within thirty days after the expiration of that time, the clerk of the contraventions or youth court shall cause a notice to be sent to the person by ordinary mail advising the person of the consequences under sections 58, 61 and 62 of not paying the fine or fees.</Text><HistoricalNote>1992, c. 47, s. 57; 1996, c. 7, s. 33.</HistoricalNote></Section><Section><MarginalNote>Civil enforcement</MarginalNote><Label>58</Label><Subsection><Label>(1)</Label><Text>If an offender, other than a young person, who is convicted in a proceeding does not pay a fine or any fees imposed for the contravention within thirty days after the imposition or, if the time for payment is extended, within thirty days after the expiration of that time, the Attorney General may, by filing the conviction, enter as a judgment the amount of the fine and fees, if any, in any civil court in Canada, other than the Federal Court, that has jurisdiction to enter a judgment for that amount.</Text></Subsection><Subsection><MarginalNote>Effect of filing conviction</MarginalNote><Label>(2)</Label><Text>A conviction that is entered as a judgment under this section is enforceable against the convicted person in the same manner as if it were a judgment obtained against that person in that court in civil proceedings by Her Majesty in right of Canada or of a province or by the person to whom the proceeds of the fine belong.</Text></Subsection><Subsection><MarginalNote>Limitation</MarginalNote><Label>(3)</Label><Text>A conviction may not be entered as a judgment under this section more than two years after the day on which the conviction was entered.</Text></Subsection><HistoricalNote>1992, c. 47, s. 58; 1996, c. 7, s. 34.</HistoricalNote></Section><Section><MarginalNote>Licences, permits and registration of establishments</MarginalNote><Label>59</Label><Text>If an offender who is convicted in a proceeding does not pay a fine or any fees imposed for the contravention within thirty days after the imposition or, if the time for payment is extended, within thirty days after the expiration of that time,</Text><Paragraph><Label>(a)</Label><Text>the person responsible by or under an Act of Parliament for issuing, renewing, suspending or revoking a licence or permit for conduct in relation to which the contravention was committed may</Text><Subparagraph><Label>(i)</Label><Text>refuse to issue a licence or permit of that kind to the offender, or</Text></Subparagraph><Subparagraph><Label>(ii)</Label><Text>suspend or revoke or refuse to renew a licence or permit of that kind held by the offender; and</Text></Subparagraph></Paragraph><Paragraph><Label>(b)</Label><Text>the person responsible by or under an Act of Parliament for registering or renewing, suspending or revoking the registration of an establishment in or in relation to which the contravention was committed may</Text><Subparagraph><Label>(i)</Label><Text>refuse to register the establishment, or</Text></Subparagraph><Subparagraph><Label>(ii)</Label><Text>suspend or revoke or refuse to renew the registration of the establishment.</Text></Subparagraph></Paragraph><HistoricalNote>1992, c. 47, s. 59; 1996, c. 7, s. 35.</HistoricalNote></Section><Section in-force="9999-01-01"><MarginalNote>No imprisonment in default</MarginalNote><Label>60</Label><Subsection><Label>(1)</Label><Text>Only an offender who is unwilling though able to pay a fine imposed in a proceeding may be imprisoned in default of its payment.</Text></Subsection><Subsection><MarginalNote><XRefExternal reference-type="act">Criminal Code</XRefExternal> provisions for imprisonment in default of fine payment inapplicable</MarginalNote><Label>(2)</Label><Text>Subsections 734.7(3) and 787(2) of the <XRefExternal reference-type="act">Criminal Code</XRefExternal> do not apply in respect of a fine imposed in a proceeding to the extent that they are inconsistent with subsection (1).</Text></Subsection><HistoricalNote>1992, c. 47, s. 60; 1995, c. 22, s. 17.</HistoricalNote></Section><Section in-force="9999-01-01"><MarginalNote>Where arrest possible</MarginalNote><Label>61</Label><Subsection><Label>(1)</Label><Text>A contraventions or youth court or a justice of the peace may issue a warrant for the arrest of the offender in Form 7 of Part XXVIII of the <XRefExternal reference-type="act">Criminal Code</XRefExternal>, varied to suit the case, if the court or justice is satisfied that</Text><Paragraph><Label>(a)</Label><Text>at least thirty days have elapsed after the imposition of a fine in a proceeding or, if the time for payment was extended, after the expiration of that time;</Text></Paragraph><Paragraph><Label>(b)</Label><Text>part of the fine remains unpaid;</Text></Paragraph><Paragraph><Label>(c)</Label><Text>the notice referred to in section 57 has been sent to the offender; and</Text></Paragraph><Paragraph><Label>(d)</Label><Text>enforcement of the payment of the fine under sections 58 and 59 has been tried and has failed or has not been tried but would not likely result in payment within a reasonable time.</Text></Paragraph></Subsection><Subsection><MarginalNote>Execution of warrant</MarginalNote><Label>(2)</Label><Text>An offender arrested in execution of a warrant issued under subsection (1) shall be brought before the contraventions or youth court</Text><Paragraph><Label>(a)</Label><Text>without unreasonable delay and in any event within twenty-four hours after the arrest, if a judge is available within that period; or</Text></Paragraph><Paragraph><Label>(b)</Label><Text>as soon as possible, if a judge is not available within twenty-four hours after the arrest.</Text></Paragraph></Subsection><HistoricalNote>1992, c. 47, s. 61; 1996, c. 7, s. 36.</HistoricalNote></Section><Section in-force="9999-01-01"><MarginalNote>Determination by court</MarginalNote><Label>62</Label><Subsection><Label>(1)</Label><Text>The court before which an offender arrested in execution of the warrant is brought shall determine whether the offender is unwilling though able to pay the fine.</Text></Subsection><Subsection><MarginalNote>Committal of offender</MarginalNote><Label>(2)</Label><Text>The court may, where it determines that the offender is unwilling though able to pay the fine, issue a warrant for the committal of the offender in Form 8 of Part XXVIII of the <XRefExternal reference-type="act">Criminal Code</XRefExternal>, varied to suit the case,</Text><Paragraph><Label>(a)</Label><Text>for the committal of the offender to custody under the <XRefExternal reference-type="act">Youth Criminal Justice Act</XRefExternal>, for one day, if the offender is a young person; or</Text></Paragraph><Paragraph><Label>(b)</Label><Text>for the committal of the offender during the term determined by the court, if the offender is not a young person.</Text></Paragraph></Subsection><Subsection><MarginalNote>Other discharge of fine</MarginalNote><Label>(3)</Label><Text>A court that determines that an offender is willing to pay the fine though unable to pay it may</Text><Paragraph><Label>(a)</Label><Text>order that the fine be discharged by earning credits for work performed during a period not exceeding two years in a program referred to in section 736 of the <XRefExternal reference-type="act">Criminal Code</XRefExternal>; or</Text></Paragraph><Paragraph><Label>(b)</Label><Text>extend the time for payment of the fine by ordering periodic payments or otherwise.</Text></Paragraph></Subsection><HistoricalNote>1992, c. 47, s. 62; 1995, c. 22, s. 17; 2002, c. 1, s. 170.</HistoricalNote></Section><Heading level="1"><TitleText>Criminal Records</TitleText></Heading><Section><MarginalNote>No criminal record</MarginalNote><Label>63</Label><Text>Except in respect of a conviction for a contravention that is entered after a trial on an indictment,</Text><Paragraph><Label>(a)</Label><Text>a person who has been convicted of a contravention has not been convicted of a criminal offence; and</Text></Paragraph><Paragraph><Label>(b)</Label><Text>a contravention does not constitute an offence for the purposes of the <XRefExternal reference-type="act">Criminal Records Act</XRefExternal>.</Text></Paragraph><HistoricalNote>1992, c. 47, s. 63; 2012, c. 1, s. 140(F).</HistoricalNote></Section><Section><MarginalNote>Applications for employment</MarginalNote><Label>64</Label><Text>Every one is guilty of an offence who uses or authorizes the use of an application form for or relating to any of the following matters that contains a question that by its terms requires the applicant to disclose a conviction for a contravention, other than a conviction entered after a trial on an indictment:</Text><Paragraph><Label>(a)</Label><Text>employment in any department, as defined in section 2 of the <XRefExternal reference-type="act">Financial Administration Act</XRefExternal>;</Text></Paragraph><Paragraph><Label>(b)</Label><Text>employment by any Crown corporation, as defined in subsection 83(1) of the <XRefExternal reference-type="act">Financial Administration Act</XRefExternal>;</Text></Paragraph><Paragraph><Label>(c)</Label><Text>enrolment in the Canadian Forces; or</Text></Paragraph><Paragraph><Label>(d)</Label><Text>employment on or in connection with the operation of any work, undertaking or business that is within the legislative authority of Parliament.</Text></Paragraph></Section><Heading level="1"><TitleText>Partial Abolition of Royal Prerogative</TitleText></Heading><Section><MarginalNote>Issuance and revocation of passports</MarginalNote><Label>65</Label><Text>The prerogative right of the Crown to refuse to issue a passport to a person, or to revoke the passport of a person, by reason only that the person is charged with or convicted of a contravention or of an offence committed outside Canada that, if committed in Canada, would constitute a contravention is abolished.</Text></Section><Heading level="1"><TitleText>Application of Provincial Laws</TitleText></Heading><Section><MarginalNote>Application of provincial laws</MarginalNote><Label>65.1</Label><Subsection><Label>(1)</Label><Text>The Governor in Council may, for the purposes of this Act, make regulations making applicable, in respect of any contravention or any contravention of a prescribed class of contraventions, alleged to have been committed in or otherwise within the territorial jurisdiction of the courts of a province, laws of the province, as amended from time to time, relating to proceedings in respect of offences that are created by a law of the province, with such modifications as the circumstances require, and, without limiting the generality of the foregoing, the Governor in Council may make regulations</Text><Paragraph><Label>(a)</Label><Text>adapting any provision or any part of a provision of those laws;</Text></Paragraph><Paragraph><Label>(b)</Label><Text>deeming any of the notices or other documents issued or entered into under those laws to be a ticket for the purposes of this Act or any of its provisions;</Text></Paragraph><Paragraph><Label>(c)</Label><Text>prescribing, for the purposes of subsection 65.3(2), categories of fees; and</Text></Paragraph><Paragraph><Label>(d)</Label><Text>providing for any other matter in respect of the application of those laws.</Text></Paragraph></Subsection><Subsection><MarginalNote>Application of certain provisions of this Act</MarginalNote><Label>(2)</Label><Text>Where the laws of a province apply by virtue of regulations made under subsection (1) in respect of a contravention or a contravention of a prescribed class, that is alleged to have been committed in or otherwise within the territorial jurisdiction of the courts of the province, the definitions <DefinitionRef>Attorney General</DefinitionRef>, <DefinitionRef>contravention</DefinitionRef>, <DefinitionRef>enactment</DefinitionRef>, <DefinitionRef>enforcement authority</DefinitionRef>, <DefinitionRef>fees</DefinitionRef>, <DefinitionRef>Minister</DefinitionRef>, <DefinitionRef>prescribed</DefinitionRef> and <DefinitionRef>ticket</DefinitionRef> in section 2, sections 3, 4, 5 and 7, paragraphs 8(1)(a), (b), (c), (e) and (f), subsections 8(1.1) to (7) and 17(4) and sections 42, 54, 55, 58, 59, 63, 64, 65, 65.2 and 65.3 apply, and the remainder of this Act does not apply, in respect of the contravention.</Text></Subsection><HistoricalNote>1996, c. 7, s. 37.</HistoricalNote></Section><Heading level="1"><TitleText>Agreements with Provinces</TitleText></Heading><Section><MarginalNote>General agreements with provinces</MarginalNote><Label>65.2</Label><Subsection><Label>(1)</Label><Text>The Minister may enter into an agreement with the government of a province respecting the administration and enforcement of this Act generally.</Text></Subsection><Subsection><MarginalNote>Particular agreements</MarginalNote><Label>(2)</Label><Text>The Minister may enter into an agreement with the government of a province or with any provincial, municipal or local authority or any agent thereof respecting, in particular, any of the following matters:</Text><Paragraph><Label>(a)</Label><Text>the prosecution of contraventions; and</Text></Paragraph><Paragraph><Label>(b)</Label><Text>the discharge and enforcement of fines and fees imposed in respect of contraventions alleged to have been committed in or otherwise within the territorial jurisdiction of the courts of the province.</Text></Paragraph></Subsection><HistoricalNote>1996, c. 7, s. 37.</HistoricalNote></Section><Section><MarginalNote>Compensation agreements</MarginalNote><Label>65.3</Label><Subsection><Label>(1)</Label><Text>The Minister may enter into an agreement with the government of a province or with any provincial, municipal or local authority</Text><Paragraph><Label>(a)</Label><Text>respecting the sharing with that province or authority of fines and fees imposed under this Act that are collected in respect of contraventions, for the purpose of providing for compensation by Canada of that province or authority, in whole or in part, in respect of the administration and enforcement of this Act; and</Text></Paragraph><Paragraph><Label>(b)</Label><Text>notwithstanding subsections 17(1) and (4) of the <XRefExternal reference-type="act">Financial Administration Act</XRefExternal>, authorizing the government of the province or that authority to withhold amounts, in accordance with the terms and conditions of the agreement, from the fines and fees referred to in paragraph (a) to be remitted to the Receiver General and deposited in the Consolidated Revenue Fund.</Text></Paragraph></Subsection><Subsection><MarginalNote>Deemed not public money</MarginalNote><Label>(2)</Label><Text>The fees imposed under the laws of a province, of a category prescribed under paragraph 65.1(1)(c), are deemed not to be public money for the purposes of the <XRefExternal reference-type="act">Financial Administration Act</XRefExternal>.</Text></Subsection><Subsection><MarginalNote>Appropriation by Parliament</MarginalNote><Label>(3)</Label><Text>All or a portion of the fines and fees referred to in paragraph (1)(a) that are applied for the purpose referred to in that paragraph are deemed to be appropriated by Parliament for that purpose.</Text></Subsection><HistoricalNote>1996, c. 7, s. 37.</HistoricalNote></Section><Heading level="1"><TitleText>Related Amendments</TitleText></Heading><Section><Label>66 to 83</Label><Text>[Amendments]</Text></Section><Heading level="1"><TitleText>Consequential Amendments</TitleText></Heading><Section><Label>84 and 85</Label><Text>[Amendments]</Text></Section><Heading level="1"><TitleText>Coming into Force</TitleText></Heading><Section type="transitional"><MarginalNote>Coming into force</MarginalNote><Label><FootnoteRef idref="C-38.7_en_1">*</FootnoteRef>86</Label><Subsection type="transitional"><Label>(1)</Label><Text>This Act or any provision thereof shall come into force throughout Canada or in any province on a day or days to be fixed by order of the Governor in Council made throughout Canada or in respect of that province.</Text></Subsection><Subsection type="transitional"><MarginalNote>Coming into force</MarginalNote><Label>(2)</Label><Text>Section 84 shall come into force with respect to any provision of the schedule throughout Canada or in any province on a day or days to be fixed by order of the Governor in Council made throughout Canada or in respect of that province.</Text><Footnote id="C-38.7_en_1" placement="section" status="editorial" xml:space="default"><Label>*</Label><Text>[Note: Sections 1 to 5 and 7, paragraphs 8(1)(a) to (c), (e) and (f), subsections 8(1.1) to (7) and 17(4) and sections 42, 54, 55, 58, 59 and 63 to 80.1 in force August 1, 1996, <Emphasis style="italic">see</Emphasis> SI/96-56; sections 81 to 83 and sections 2, 6, 13 and 15 of the schedule repealed before coming into force, <Emphasis style="italic">see</Emphasis> 2008, c. 20, s. 3.]</Text></Footnote></Subsection><HistoricalNote>1992, c. 47, s. 86; 1996, c. 7, s. 42.</HistoricalNote></Section></Body><Schedule spanlanguages="no" bilingual="no"><ScheduleFormHeading><Label>SCHEDULE</Label><OriginatingRef>(Section 84)</OriginatingRef></ScheduleFormHeading><BillPiece><Body><Section><Label>1 to 7</Label><Text>[Amendments]</Text></Section><Section><Label>8</Label><Text><Repealed>[Repealed, 2000, c. 32, s. 47]</Repealed></Text></Section><Section><Label>9 to 15</Label><Text>[Amendments]</Text></Section></Body></BillPiece></Schedule><Schedule id="NifProvs"><ScheduleFormHeading type="amending"><TitleText>AMENDMENTS NOT IN FORCE</TitleText></ScheduleFormHeading><BillPiece><Heading level="5" style="nifrp"><TitleText>
                    — 2012, c. 24, s. 96</TitleText></Heading><Section type="amending"><Label>96</Label><Text>Section 1 of the schedule to the <XRefExternal reference-type="act">Contraventions Act</XRefExternal> is repealed.</Text></Section></BillPiece></Schedule></Statute>