﻿<?xml version="1.0" encoding="utf-8"?><!DOCTYPE Statute PUBLIC "-//Justice Canada//DTD Statute v2.0.0//EN" "Dtd/Version_2.0.0/Statute/Statute.dtd"><Statute bill-origin="commons" bill-type="govt-public" xml:lang="en" in-force="yes"><Identification><LongTitle>An Act to establish a foundation to fund sustainable development technology</LongTitle><ShortTitle status="official">Canada Foundation for Sustainable Development Technology Act</ShortTitle><RunningHead>Canada Foundation for Sustainable Development Technology</RunningHead><BillHistory><Stages stage="assented-to"><Date><YYYY>2001</YYYY><MM>6</MM><DD>14</DD></Date></Stages><Stages stage="consolidation"><Date><YYYY>2018</YYYY><MM>08</MM><DD>20</DD></Date></Stages></BillHistory><Chapter><ConsolidatedNumber official="no">C-5.5</ConsolidatedNumber><AnnualStatuteId revised-statute="no"><AnnualStatuteNumber>23</AnnualStatuteNumber><YYYY>2001</YYYY></AnnualStatuteId></Chapter></Identification><Introduction><Enacts><Provision language-align="no" format-ref="indent-0-0"><Text>Her Majesty, by and with the advice and consent of the Senate and House of Commons of Canada, enacts as follows:</Text></Provision></Enacts></Introduction><Body><Heading level="1"><TitleText>Short Title</TitleText></Heading><Section><MarginalNote>Short title</MarginalNote><Label>1</Label><Text>This Act may be cited as the <XRefExternal reference-type="act">Canada Foundation for Sustainable Development Technology Act</XRefExternal>.</Text></Section><Heading level="1"><TitleText>Interpretation</TitleText></Heading><Section><MarginalNote>Definitions</MarginalNote><Label>2</Label><Text>The definitions in this section apply in this Act.</Text><Definition><MarginalNote><DefinedTermEn>board</DefinedTermEn></MarginalNote><MarginalNote><DefinedTermFr>conseil</DefinedTermFr></MarginalNote><Text><DefinedTermEn>board</DefinedTermEn> means the board of directors of the Foundation.</Text></Definition><Definition><MarginalNote><DefinedTermEn>Chairperson</DefinedTermEn></MarginalNote><MarginalNote><DefinedTermFr>président</DefinedTermFr></MarginalNote><Text><DefinedTermEn>Chairperson</DefinedTermEn> means the Chairperson of the board appointed under paragraph 9(2)(a).</Text></Definition><Definition><MarginalNote><DefinedTermEn>corporation</DefinedTermEn></MarginalNote><MarginalNote><DefinedTermFr>société</DefinedTermFr></MarginalNote><Text><DefinedTermEn>corporation</DefinedTermEn> means the corporation described in the order made under subsection 35(1).</Text></Definition><Definition><MarginalNote><DefinedTermEn>director</DefinedTermEn></MarginalNote><MarginalNote><DefinedTermFr>administrateur</DefinedTermFr></MarginalNote><Text><DefinedTermEn>director</DefinedTermEn> means a person who is on the board and includes the Chairperson.</Text></Definition><Definition><MarginalNote><DefinedTermEn>eligible project</DefinedTermEn></MarginalNote><MarginalNote><DefinedTermFr>travaux admissibles</DefinedTermFr></MarginalNote><Text><DefinedTermEn>eligible project</DefinedTermEn> means a project carried on, or to be carried on, primarily in Canada by an eligible recipient to develop and demonstrate new technologies to promote sustainable development, including technologies to address issues related to climate change and the quality of air, water and soil.</Text></Definition><Definition><MarginalNote><DefinedTermEn>eligible recipient</DefinedTermEn></MarginalNote><MarginalNote><DefinedTermFr>bénéficiaire admissible</DefinedTermFr></MarginalNote><Text><DefinedTermEn>eligible recipient</DefinedTermEn> means an entity that</Text><Paragraph><Label>(a)</Label><Text>is established in Canada and carries on or, in the opinion of the board, is capable of carrying on eligible projects;</Text></Paragraph><Paragraph><Label>(b)</Label><Text>meets the criteria of eligibility established in any agreement entered into between Her Majesty in right of Canada and the Foundation for provision of funding by Her Majesty to the Foundation; and</Text></Paragraph><Paragraph><Label>(c)</Label><Text>has legal capacity or is composed of organizations, each of which has legal capacity.</Text></Paragraph></Definition><Definition><MarginalNote><DefinedTermEn>employee or agent of Her Majesty in right of a province</DefinedTermEn></MarginalNote><MarginalNote><DefinedTermFr>fonctionnaire ou mandataire de Sa Majesté du chef d’une province</DefinedTermFr></MarginalNote><Text><DefinedTermEn>employee or agent of Her Majesty in right of a province</DefinedTermEn> does not include an employee or agent of Her Majesty in right of a province whose duties and functions in that capacity are restricted to work in a university, college or other educational institution.</Text></Definition><Definition><MarginalNote><DefinedTermEn>Foundation</DefinedTermEn></MarginalNote><MarginalNote><DefinedTermFr>Fondation</DefinedTermFr></MarginalNote><Text><DefinedTermEn>Foundation</DefinedTermEn> means the Canada Foundation for Sustainable Development Technology referred to in section 3.</Text></Definition><Definition><MarginalNote><DefinedTermEn>member</DefinedTermEn></MarginalNote><MarginalNote><DefinedTermFr>membre</DefinedTermFr></MarginalNote><Text><DefinedTermEn>member</DefinedTermEn> means a person who is a member of the Foundation.</Text></Definition><Definition><MarginalNote><DefinedTermEn>Minister</DefinedTermEn></MarginalNote><MarginalNote><DefinedTermFr>ministre</DefinedTermFr></MarginalNote><Text><DefinedTermEn>Minister</DefinedTermEn> means the member of the Queen’s Privy Council for Canada who is designated by the Governor in Council as the Minister for the purposes of this Act.</Text></Definition><Definition><MarginalNote><DefinedTermEn>not-for-profit organization</DefinedTermEn></MarginalNote><MarginalNote><DefinedTermFr>organisation sans but lucratif</DefinedTermFr></MarginalNote><Text><DefinedTermEn>not-for-profit organization</DefinedTermEn> means a corporation, society, association, university, research institute, organization or body no part of whose income is payable to or otherwise available for the personal benefit of any of its proprietors, members or shareholders.</Text></Definition><Definition><MarginalNote><DefinedTermEn>special resolution</DefinedTermEn></MarginalNote><MarginalNote><DefinedTermFr>résolution extraordinaire</DefinedTermFr></MarginalNote><Text><DefinedTermEn>special resolution</DefinedTermEn> means a resolution of the members passed by a majority of not less than two thirds of the votes cast by the members who voted on the resolution at a meeting of members or signed by all the members entitled to vote on the resolution.</Text></Definition><Definition><MarginalNote><DefinedTermEn>sustainable development</DefinedTermEn></MarginalNote><MarginalNote><DefinedTermFr>développement durable</DefinedTermFr></MarginalNote><Text><DefinedTermEn>sustainable development</DefinedTermEn> means development that meets the needs of the present without compromising the ability of future generations to meet their own needs.</Text></Definition><HistoricalNote>2001, c. 23, ss. 2, 36; 2004, c. 22, s. 12.</HistoricalNote></Section><Heading level="1"><TitleText>Continuation of the Corporation</TitleText></Heading><Section><MarginalNote>Continuation</MarginalNote><Label>3</Label><Subsection><Label>(1)</Label><Text>The corporation is continued as a corporation without share capital, to be called the Canada Foundation for Sustainable Development Technology, consisting of the Foundation’s members and directors.</Text></Subsection><Subsection><MarginalNote>Powers, duties and functions</MarginalNote><Label>(2)</Label><Text>If under any Act of Parliament, any instrument made under an Act of Parliament or any contract, licence or other document, a power, duty or function is vested in or exercisable by the corporation, the power, duty or function is vested in or exercisable by the Foundation.</Text></Subsection><Subsection><MarginalNote>References</MarginalNote><Label>(3)</Label><Text>Every reference to the corporation in any deed, contract, agreement or other document executed by the corporation shall, unless the context otherwise requires, be read as a reference to the Foundation.</Text></Subsection><Subsection><MarginalNote>Rights and obligations</MarginalNote><Label>(4)</Label><Text>All rights and property of the corporation and all obligations of the corporation are transferred to the Foundation.</Text></Subsection><Subsection><MarginalNote>Commencement of legal proceedings</MarginalNote><Label>(5)</Label><Text>Any action, suit or other legal proceeding in respect of an obligation or liability incurred by the corporation may be brought against the Foundation in any court that would have had jurisdiction if the action, suit or other legal proceeding had been brought against the corporation.</Text></Subsection><Subsection><MarginalNote>Continuation of legal proceedings</MarginalNote><Label>(6)</Label><Text>Any action, suit or other legal proceeding to which the corporation is party pending in any court immediately before the day on which this section comes into force may be continued by or against the Foundation in like manner and to the same extent as it could have been continued by or against the corporation.</Text></Subsection><Subsection><MarginalNote>By-laws</MarginalNote><Label>(7)</Label><Text>Every by-law of the corporation is, to the extent that it is not inconsistent with this Act, a by-law of the Foundation.</Text></Subsection><Subsection><MarginalNote>Officers and employees</MarginalNote><Label>(8)</Label><Text>Nothing in this Act affects the status of any person who, immediately before the day on which this section comes into force, was an officer or employee of the corporation except that, as of that day, the person is an officer or employee, as the case may be, of the Foundation.</Text></Subsection><HistoricalNote>2001, c. 23, ss. 3, 37.</HistoricalNote></Section><Section><MarginalNote>Foundation not agent of Her Majesty</MarginalNote><Label>4</Label><Text>The Foundation is not an agent of Her Majesty.</Text></Section><Section><MarginalNote>Objects and purposes of Foundation</MarginalNote><Label>5</Label><Text>The objects and purposes of the Foundation are to provide funding to eligible recipients for eligible projects.</Text></Section><Section><MarginalNote>Capacity</MarginalNote><Label>6</Label><Text>For the purposes of carrying out its objects and purposes, the Foundation has the capacity and, subject to this Act, the rights, powers and privileges of a natural person.</Text></Section><Section><MarginalNote>Head office</MarginalNote><Label>7</Label><Text>The head office of the Foundation shall be in a place in Canada designated by the Governor in Council.</Text></Section><Section><MarginalNote><XRefExternal reference-type="act">Canada Business Corporations Act</XRefExternal></MarginalNote><Label>8</Label><Subsection><Label>(1)</Label><Text>The following provisions of the <XRefExternal reference-type="act">Canada Business Corporations Act</XRefExternal> apply, with any modifications that the circumstances require, to the Foundation and its directors, members, officers and employees as if the Foundation were a corporation incorporated under that Act, this Act were its articles of incorporation and its members were its shareholders:</Text><Paragraph><Label>(a)</Label><Text>section 16 (by-law not required to confer powers on Foundation, restriction on powers of Foundation and validity of acts of Foundation);</Text></Paragraph><Paragraph><Label>(b)</Label><Text>subsection 21(1) (access to Foundation’s records by members and creditors);</Text></Paragraph><Paragraph><Label>(c)</Label><Text>section 23 (corporate seal not needed to validate instrument);</Text></Paragraph><Paragraph><Label>(d)</Label><Text>subsections 103(1) to (4) (powers of directors to make and amend by-laws, members’ approval of by-laws and effective date of by-laws);</Text></Paragraph><Paragraph><Label>(e)</Label><Text>subsection 105(1) (qualifications of directors);</Text></Paragraph><Paragraph><Label>(f)</Label><Text>subsection 108(2) (resignation of director);</Text></Paragraph><Paragraph><Label>(g)</Label><Text>section 110 (right of director to attend members’ meetings and statements by retiring directors);</Text></Paragraph><Paragraph><Label>(h)</Label><Text>subsections 114(1) and (2) (place of directors’ meetings and quorum);</Text></Paragraph><Paragraph><Label>(i)</Label><Text>section 116 (validity of acts of directors and officers);</Text></Paragraph><Paragraph><Label>(j)</Label><Text>section 117 (validity of directors’ resolutions not passed at meeting);</Text></Paragraph><Paragraph><Label>(k)</Label><Text>section 120 (conflict of interest of directors);</Text></Paragraph><Paragraph><Label>(l)</Label><Text>subsection 122(1) (duty of care of directors and officers);</Text></Paragraph><Paragraph><Label>(m)</Label><Text>section 123 (directors’ dissents);</Text></Paragraph><Paragraph><Label>(n)</Label><Text>subsections 124(1) to (4) (indemnification of directors and insurance for directors’ liability);</Text></Paragraph><Paragraph><Label>(o)</Label><Text>paragraph 133(b) (special meetings of members);</Text></Paragraph><Paragraph><Label>(p)</Label><Text>section 155 (financial statements);</Text></Paragraph><Paragraph><Label>(q)</Label><Text>section 158 (approval of financial statements by directors);</Text></Paragraph><Paragraph><Label>(r)</Label><Text>section 159 (sending financial statements to members before annual meeting and penalty for failure);</Text></Paragraph><Paragraph><Label>(s)</Label><Text>section 161 (qualifications of auditor);</Text></Paragraph><Paragraph><Label>(t)</Label><Text>section 168 (rights and duties of auditor);</Text></Paragraph><Paragraph><Label>(u)</Label><Text>section 169 (examination by auditor);</Text></Paragraph><Paragraph><Label>(v)</Label><Text>section 170 (right of auditor to information);</Text></Paragraph><Paragraph><Label>(w)</Label><Text>subsections 171(3) to (9) (duty and administration of audit committee and penalty for failure to comply);</Text></Paragraph><Paragraph><Label>(x)</Label><Text>section 172 (qualified privilege in defamation for auditor’s statements); and</Text></Paragraph><Paragraph><Label>(y)</Label><Text>subsections 257(1) and (2) (certificates of Foundation as evidence).</Text></Paragraph></Subsection><Subsection><MarginalNote>Description with cross-references</MarginalNote><Label>(2)</Label><Text>The descriptive words in parentheses that follow a reference to a provision of the <XRefExternal reference-type="act">Canada Business Corporations Act</XRefExternal> in subsection (1) form no part of that subsection but are inserted for convenience of reference only.</Text></Subsection><Subsection><MarginalNote><XRefExternal reference-type="act">Canada Not-for-profit Corporations Act</XRefExternal></MarginalNote><Label>(3)</Label><Text>The <XRefExternal reference-type="act">Canada Not-for-profit Corporations Act</XRefExternal> does not apply to the Foundation.</Text></Subsection><HistoricalNote>2001, c. 23, s. 8; 2009, c. 23, ss. 315, 349.</HistoricalNote></Section><Heading level="1"><TitleText>Directors</TitleText></Heading><Section><MarginalNote>Continuation of board of directors of corporation</MarginalNote><Label>9</Label><Subsection><Label>(1)</Label><Text>The board of directors of the corporation ceases to exist and there shall be a board of directors of the Foundation that shall supervise the management of the business and affairs of the Foundation and, subject to the by-laws of the Foundation, exercise all its powers.</Text></Subsection><Subsection><MarginalNote>Appointment of directors</MarginalNote><Label>(2)</Label><Text>Subject to subsection (4), the board consists of</Text><Paragraph><Label>(a)</Label><Text>the Chairperson of the board appointed by the Governor in Council on the Minister’s recommendation;</Text></Paragraph><Paragraph><Label>(b)</Label><Text>six persons appointed by the Governor in Council on the Minister’s recommendation; and</Text></Paragraph><Paragraph><Label>(c)</Label><Text>eight persons appointed by the members in accordance with subsection 13(5) and the by-laws of the Foundation.</Text></Paragraph></Subsection><Subsection><MarginalNote>Eligibility for directors</MarginalNote><Label>(3)</Label><Text>A person is not eligible to be appointed as a director if the person</Text><Paragraph><Label>(a)</Label><Text>is a member of the Senate, the House of Commons or the legislature of a province;</Text></Paragraph><Paragraph><Label>(b)</Label><Text>is an employee or agent of Her Majesty in right of Canada or in right of a province;</Text></Paragraph><Paragraph><Label>(c)</Label><Text>does not ordinarily reside in Canada; or</Text></Paragraph><Paragraph><Label>(d)</Label><Text>is disqualified under subsection 105(1) of the <XRefExternal reference-type="act">Canada Business Corporations Act</XRefExternal>.</Text></Paragraph></Subsection><Subsection><MarginalNote>Initial organization</MarginalNote><Label>(4)</Label><Text>If the Chairperson is appointed before directors have been appointed under paragraph (2)(c), the Chairperson and any other directors that may have been appointed under paragraph (2)(b) constitute the board until directors are appointed under paragraph (2)(c) and may</Text><Paragraph><Label>(a)</Label><Text>undertake the organization of the Foundation including the appointment of officers and employees;</Text></Paragraph><Paragraph><Label>(b)</Label><Text>make banking arrangements for the Foundation;</Text></Paragraph><Paragraph><Label>(c)</Label><Text>enact organizational by-laws for the Foundation; and</Text></Paragraph><Paragraph><Label>(d)</Label><Text>receive on behalf of the Foundation any moneys paid to the Foundation.</Text></Paragraph></Subsection><Subsection><MarginalNote>Limitation</MarginalNote><Label>(5)</Label><Text>Until directors are appointed under paragraph (2)(c), the Foundation shall not provide any funding from the funds of the Foundation or enter into any agreements or arrangements, or review any applications, for or in respect of funding to be provided from the funds of the Foundation.</Text></Subsection><Subsection><MarginalNote>Foundation not owned by Crown</MarginalNote><Label>(6)</Label><Text>The operation of the Foundation under subsection (4) by the Chairperson and any directors appointed under paragraph (2)(b) shall not, despite subsection 83(2) of the <XRefExternal reference-type="act">Financial Administration Act</XRefExternal>, result in the Foundation being considered, for the purposes of Part X of that Act or for any other purpose, to be wholly owned directly by Her Majesty in right of Canada.</Text></Subsection><HistoricalNote>2001, c. 23, ss. 9, 38; 2016, c. 7, s. 237.</HistoricalNote></Section><Section><MarginalNote>Terms of office of directors</MarginalNote><Label>10</Label><Subsection><Label>(1)</Label><Text>Subject to subsections (2) and (3), the Chairperson and the directors shall be appointed to hold office during good behaviour for terms not exceeding five years.</Text></Subsection><Subsection><MarginalNote>Removal from office</MarginalNote><Label>(2)</Label><Text>The Chairperson and any director appointed under paragraph 9(2)(b) may be removed for cause by the Governor in Council. Any director appointed under paragraph 9(2)(c) may be removed for cause by a special resolution.</Text></Subsection><Subsection><MarginalNote>Continuation in office</MarginalNote><Label>(3)</Label><Text>Except where they cease to be directors under subsection (6), directors shall continue to hold office until their successors are appointed.</Text></Subsection><Subsection><MarginalNote>Additional terms of office</MarginalNote><Label>(4)</Label><Text>A director is eligible to be reappointed for one or more terms not exceeding five years each.</Text></Subsection><Subsection><MarginalNote>Term of replacements</MarginalNote><Label>(5)</Label><Text>A person appointed to fill a vacancy in the office of a director who has ceased to hold office before the expiry of the director’s term of office shall be appointed to hold office for the unexpired portion of that term.</Text></Subsection><Subsection><MarginalNote>Ceasing to be director</MarginalNote><Label>(6)</Label><Text>A director ceases to be a director when the director</Text><Paragraph><Label>(a)</Label><Text>dies;</Text></Paragraph><Paragraph><Label>(b)</Label><Text>resigns;</Text></Paragraph><Paragraph><Label>(c)</Label><Text>is appointed to the Senate;</Text></Paragraph><Paragraph><Label>(d)</Label><Text>is elected to the House of Commons or to the legislature of a province;</Text></Paragraph><Paragraph><Label>(e)</Label><Text>becomes an employee or agent of Her Majesty in right of Canada or in right of a province;</Text></Paragraph><Paragraph><Label>(f)</Label><Text>ceases to be ordinarily resident in Canada;</Text></Paragraph><Paragraph><Label>(g)</Label><Text>becomes disqualified under subsection 105(1) of the <XRefExternal reference-type="act">Canada Business Corporations Act</XRefExternal>; or</Text></Paragraph><Paragraph><Label>(h)</Label><Text>is removed from office under subsection (2).</Text></Paragraph></Subsection></Section><Section><MarginalNote>Director representation and experience</MarginalNote><Label>11</Label><Text>The appointment of directors shall be made having regard to the following considerations:</Text><Paragraph><Label>(a)</Label><Text>the need to ensure, as far as possible, that at all times the board will be representative of</Text><Subparagraph><Label>(i)</Label><Text>persons engaged in the development and demonstration of technologies to promote sustainable development, including technologies to address issues related to climate change and the quality of air, water and soil,</Text></Subparagraph><Subparagraph><Label>(ii)</Label><Text>the business community, and</Text></Subparagraph><Subparagraph><Label>(iii)</Label><Text>not-for-profit organizations;</Text></Subparagraph></Paragraph><Paragraph><Label>(b)</Label><Text>the importance of having a board that is representative of various regions of Canada and includes men and women who are able to contribute to the achievement of the objects and purposes of the Foundation; and</Text></Paragraph><Paragraph><Label>(c)</Label><Text>the need for a board that has sufficient knowledge of technologies that promote sustainable development.</Text></Paragraph><HistoricalNote>2001, c. 23, s. 11; 2004, c. 22, s. 13.</HistoricalNote></Section><Section><MarginalNote>Remuneration and expenses for directors</MarginalNote><Label>12</Label><Subsection><Label>(1)</Label><Text>From the funds of the Foundation, the directors</Text><Paragraph><Label>(a)</Label><Text>may be paid remuneration that is fixed by the Foundation’s by-laws; and</Text></Paragraph><Paragraph><Label>(b)</Label><Text>are entitled to be paid reasonable travel and living expenses incurred by them in the performance of their duties under this Act while absent from their ordinary place of residence.</Text></Paragraph></Subsection><Subsection><MarginalNote>Directors not to profit</MarginalNote><Label>(2)</Label><Text>Except as provided under subsection (1), no director shall profit or gain any income or acquire any property from the Foundation or its activities.</Text></Subsection></Section><Heading level="1"><TitleText>Members</TitleText></Heading><Section><MarginalNote>Members of the corporation</MarginalNote><Label>13</Label><Subsection><Label>(1)</Label><Text>The persons who are members of the corporation cease to be members of the corporation.</Text></Subsection><Subsection><MarginalNote>Appointing of members</MarginalNote><Label>(1.1)</Label><Text>There shall be 15 members of the Foundation.</Text></Subsection><Subsection><MarginalNote>First members</MarginalNote><Label>(2)</Label><Text>The Governor in Council shall without delay appoint seven persons as members of the Foundation, on the recommendation of the Minister, as proposed by the Minister of Natural Resources and the Minister of the Environment, after consultation with the Minister of Industry.</Text></Subsection><Subsection><MarginalNote>First meeting</MarginalNote><Label>(3)</Label><Text>As soon as possible after the appointment of the seven members under subsection (2), the Minister shall make arrangements for a first meeting of those members.</Text></Subsection><Subsection><MarginalNote>Appointing balance of first members</MarginalNote><Label>(4)</Label><Text>At the first meeting of the seven members appointed under subsection (2), or at a meeting held as soon after that meeting as possible, those members shall appoint eight further members of the Foundation.</Text></Subsection><Subsection><MarginalNote>Appointment of first directors under paragraph 9(2)(c)</MarginalNote><Label>(5)</Label><Text>The members shall appoint the first directors under paragraph 9(2)(c) at a meeting held as soon as possible after the eight further members are appointed under subsection (4).</Text></Subsection><Subsection><MarginalNote>Appointment of successor members</MarginalNote><Label>(6)</Label><Text>The appointment of a person as a member to succeed a person whose term as a member expires shall be made by the members at a meeting of members.</Text></Subsection><Subsection><MarginalNote>Filling vacancies</MarginalNote><Label>(7)</Label><Text>The appointment of a person as a member to fill a vacancy in the membership caused by a person ceasing to be a member before the member’s term as a member expires shall be made by the members at a meeting of members.</Text></Subsection><Subsection><MarginalNote>Eligibility for members</MarginalNote><Label>(8)</Label><Text>A person is not eligible to be appointed as a member if the person</Text><Paragraph><Label>(a)</Label><Text>is a member of the Senate, the House of Commons or the legislature of a province;</Text></Paragraph><Paragraph><Label>(b)</Label><Text>is an employee or agent of Her Majesty in right of Canada or in right of a province;</Text></Paragraph><Paragraph><Label>(c)</Label><Text>is a director;</Text></Paragraph><Paragraph><Label>(d)</Label><Text>does not ordinarily reside in Canada; or</Text></Paragraph><Paragraph><Label>(e)</Label><Text>is disqualified under subsection 105(1) of the <XRefExternal reference-type="act">Canada Business Corporations Act</XRefExternal>.</Text></Paragraph></Subsection><HistoricalNote>2001, c. 23, ss. 13, 39.</HistoricalNote></Section><Section><MarginalNote>Terms of members</MarginalNote><Label>14</Label><Subsection><Label>(1)</Label><Text>Subject to subsections (2) and (3), members shall be appointed to hold office during good behaviour for terms not exceeding five years.</Text></Subsection><Subsection><MarginalNote>Removal from office</MarginalNote><Label>(2)</Label><Text>Any member appointed under subsection 13(2) may be removed for cause by the Governor in Council. Any member appointed under subsection 13(4), (6) or (7) may be removed for cause by a special resolution.</Text></Subsection><Subsection><MarginalNote>Continuation in office</MarginalNote><Label>(3)</Label><Text>Except where they cease to be members under subsection (6), members shall continue to hold office until their successors are appointed.</Text></Subsection><Subsection><MarginalNote>Additional terms of office</MarginalNote><Label>(4)</Label><Text>A member is eligible to be reappointed for one or more terms not exceeding five years each.</Text></Subsection><Subsection><MarginalNote>Term of Replacements</MarginalNote><Label>(5)</Label><Text>A person appointed to fill a vacancy in the office of a member who has ceased to hold the office before the expiry of the member’s term of office shall be appointed to hold office for the unexpired portion of that term.</Text></Subsection><Subsection><MarginalNote>Ceasing to be member</MarginalNote><Label>(6)</Label><Text>A member ceases to be a member when the member</Text><Paragraph><Label>(a)</Label><Text>dies;</Text></Paragraph><Paragraph><Label>(b)</Label><Text>resigns;</Text></Paragraph><Paragraph><Label>(c)</Label><Text>is appointed to the Senate;</Text></Paragraph><Paragraph><Label>(d)</Label><Text>is elected to the House of Commons or to the legislature of a province;</Text></Paragraph><Paragraph><Label>(e)</Label><Text>is appointed as a director;</Text></Paragraph><Paragraph><Label>(f)</Label><Text>becomes an employee or agent of Her Majesty in right of Canada or in right of a province;</Text></Paragraph><Paragraph><Label>(g)</Label><Text>ceases to be ordinarily resident in Canada;</Text></Paragraph><Paragraph><Label>(h)</Label><Text>becomes disqualified under subsection 105(1) of the <XRefExternal reference-type="act">Canada Business Corporations Act</XRefExternal>; or</Text></Paragraph><Paragraph><Label>(i)</Label><Text>is removed from office under subsection (2).</Text></Paragraph></Subsection></Section><Section><MarginalNote>Member representation and experience</MarginalNote><Label>15</Label><Text>The appointment of members shall be made having regard to the following considerations:</Text><Paragraph><Label>(a)</Label><Text>the need to ensure, as far as possible, that at all times the membership will be representative of</Text><Subparagraph><Label>(i)</Label><Text>persons engaged in the development and demonstration of technologies to promote sustainable development, including technologies to address issues related to climate change and the quality of air, water and soil,</Text></Subparagraph><Subparagraph><Label>(ii)</Label><Text>the business community, and</Text></Subparagraph><Subparagraph><Label>(iii)</Label><Text>not-for-profit organizations;</Text></Subparagraph></Paragraph><Paragraph><Label>(b)</Label><Text>the importance of having membership that is representative of various regions of Canada and includes men and women who are able to contribute to the achievement of the objects and purposes of the Foundation; and</Text></Paragraph><Paragraph><Label>(c)</Label><Text>the need for a membership that has sufficient knowledge of technologies that promote sustainable development.</Text></Paragraph><HistoricalNote>2001, c. 23, s. 15; 2004, c. 22, s. 14.</HistoricalNote></Section><Section><MarginalNote>Expenses for members</MarginalNote><Label>16</Label><Subsection><Label>(1)</Label><Text>Members shall serve without remuneration but are entitled to be paid from the funds of the Foundation reasonable travel and living expenses incurred by them in the performance of their duties under this Act while absent from their ordinary place of residence.</Text></Subsection><Subsection><MarginalNote>Members not to profit</MarginalNote><Label>(2)</Label><Text>Except as provided under subsection (1), no member shall profit or gain any income or acquire any property from the Foundation or its activities.</Text></Subsection></Section><Heading level="1"><TitleText>Staff</TitleText></Heading><Section><MarginalNote>Staff</MarginalNote><Label>17</Label><Subsection><Label>(1)</Label><Text>The board may appoint any officers, employees and agents of the Foundation that it considers necessary to carry out the objects and purposes of the Foundation.</Text></Subsection><Subsection><MarginalNote>Designation of offices</MarginalNote><Label>(2)</Label><Text>Subject to the by-laws of the Foundation, the board may designate the offices of the Foundation and specify the duties and functions of each office.</Text></Subsection><Subsection><MarginalNote>Directors and members not employees or agents</MarginalNote><Label>(3)</Label><Text>Directors and members are not eligible to be employees or agents of the Foundation.</Text></Subsection><Subsection><MarginalNote>Not part of public service of Canada</MarginalNote><Label>(4)</Label><Text>The directors, members, officers, employees and agents of the Foundation are not, because of being directors, members, officers, employees or agents of the Foundation, part of the federal public administration.</Text></Subsection><HistoricalNote>2001, c. 23, s. 17; 2003, c. 22, s. 224(E).</HistoricalNote></Section><Heading level="1"><TitleText>Operations</TitleText></Heading><Section><MarginalNote>Administrative expenses</MarginalNote><Label>18</Label><Text>From its funds, the Foundation may pay salaries and wages of its officers and employees, rent for its accommodation, remuneration for its directors and agents, reimbursement to the directors and members for reasonable travel and living expenses incurred by them in the performance of their duties under this Act while absent from their ordinary place of residence, and other costs and expenses of carrying on the business of the Foundation.</Text></Section><Section><MarginalNote>Funding for eligible projects</MarginalNote><Label>19</Label><Subsection><Label>(1)</Label><Text>From its funds, the Foundation may provide funding to eligible recipients to be used by them solely for the purposes of eligible projects in accordance with any terms and conditions specified by the Foundation in respect of the funding, including terms and conditions as to repayment of the funding, intellectual property rights and the maximum amount and proportion of funding for eligible projects to be provided by the Foundation.</Text></Subsection><Subsection><MarginalNote>Agreement with eligible recipient</MarginalNote><Label>(2)</Label><Text>The Foundation shall enter into an agreement with an eligible recipient respecting, among other things,</Text><Paragraph><Label>(a)</Label><Text>the manner in which the Foundation will make advances in respect of funding to the eligible recipient and when those advances will be made;</Text></Paragraph><Paragraph><Label>(b)</Label><Text>any terms or conditions on which the funding will be provided, including those terms and conditions referred to in subsection (1);</Text></Paragraph><Paragraph><Label>(c)</Label><Text>the evaluation of the eligible recipient’s performance in achieving the objectives of the eligible project and the evaluation of the results of the project, including the potential performance of the technology that is developed and demonstrated by the project; and</Text></Paragraph><Paragraph><Label>(d)</Label><Text>if the eligible recipient is composed of organizations, each of which has legal capacity, the requirement for those organizations to be jointly and severally or solidarily liable for the obligations of that eligible recipient.</Text></Paragraph></Subsection><Subsection><MarginalNote>Foundation not to acquire an interest</MarginalNote><Label>(3)</Label><Text>In providing funding to an eligible recipient in respect of an eligible project, the Foundation shall not acquire any interest, whether through the acquisition of share capital, a partnership interest or otherwise, in any research infrastructure acquired by the eligible recipient for the project.</Text></Subsection></Section><Section><MarginalNote>Donations to Foundation</MarginalNote><Label>20</Label><Subsection><Label>(1)</Label><Text>Subject to subsection (3), the Foundation may accept conditional or unconditional donations of money.</Text></Subsection><Subsection><MarginalNote>Use of donations</MarginalNote><Label>(2)</Label><Text>All money donated to the Foundation, and any income arising from the investment of that money, shall be used by the Foundation in carrying out its objects and purposes in accordance with the terms and conditions of any agreement for provision of funding entered into between a donor and the Foundation.</Text></Subsection><Subsection><MarginalNote>Conditional donations</MarginalNote><Label>(3)</Label><Text>The Foundation shall not accept a donation of money that is made on the condition that the Foundation use the money or any income arising from the investment of the money for any purpose that is not within the objects and purposes of the Foundation.</Text></Subsection><Subsection><MarginalNote>Exception</MarginalNote><Label>(4)</Label><Text>Subsection (3) does not apply if the conditions of a donation of money merely restrict or direct the manner of investing the money until it can be used to provide funding to eligible recipients for eligible projects.</Text></Subsection></Section><Section><MarginalNote>Investment policies</MarginalNote><Label>21</Label><Text>The board shall establish investment policies, standards and procedures that a reasonably prudent person would apply in respect of a portfolio of investments to avoid undue risk of loss and obtain a reasonable return, having regard to the Foundation’s obligations and anticipated obligations.</Text></Section><Section><MarginalNote>Investments</MarginalNote><Label>22</Label><Subsection><Label>(1)</Label><Text>Subject to any conditions of a donation restricting the investment of money donated until it can be used to provide funding to eligible recipients for eligible projects, the Foundation shall invest its funds, and reinvest any income from those funds, in accordance with the investment policies, standards and procedures established by the board.</Text></Subsection><Subsection><MarginalNote>Incorporation of other corporations</MarginalNote><Label>(2)</Label><Text>The Foundation shall not cause any corporation to be incorporated or participate in the incorporation of a corporation or become a partner in a partnership.</Text></Subsection><Subsection><MarginalNote>Control of corporation</MarginalNote><Label>(3)</Label><Text>Except for the investment of its funds, the Foundation shall not carry on any business for gain or profit and shall not hold or acquire any interest in any corporation or enterprise.</Text></Subsection></Section><Section><MarginalNote>Borrowing prohibited</MarginalNote><Label>23</Label><Subsection><Label>(1)</Label><Text>The Foundation shall not borrow money, issue any debt obligations or securities, give any guarantees to secure a debt or other obligation of another person or mortgage, pledge or otherwise encumber property of the Foundation.</Text></Subsection><Subsection><MarginalNote>Real property or immovables</MarginalNote><Label>(2)</Label><Text>The Foundation shall not purchase or accept a donation of real property or immovables.</Text></Subsection></Section><Section><MarginalNote>Delegation by board</MarginalNote><Label>24</Label><Subsection><Label>(1)</Label><Text>Subject to subsection (2), the board may delegate to the Chairperson, a committee of directors or an officer of the Foundation any of the powers or rights of the board.</Text></Subsection><Subsection><MarginalNote>Restrictions on delegation</MarginalNote><Label>(2)</Label><Text>The board shall not delegate any power or right of the board</Text><Paragraph><Label>(a)</Label><Text>to enact, amend or repeal by-laws;</Text></Paragraph><Paragraph><Label>(b)</Label><Text>to authorize the provision of funding to eligible recipients for eligible projects;</Text></Paragraph><Paragraph><Label>(c)</Label><Text>to appoint directors to, or fill vacancies on, a committee of the board;</Text></Paragraph><Paragraph><Label>(d)</Label><Text>to appoint officers of the Foundation or fix their remuneration;</Text></Paragraph><Paragraph><Label>(e)</Label><Text>to accept donations;</Text></Paragraph><Paragraph><Label>(f)</Label><Text>to approve the annual financial statements or reports of the Foundation; or</Text></Paragraph><Paragraph><Label>(g)</Label><Text>to submit to the members any matter requiring the approval of the members.</Text></Paragraph></Subsection></Section><Heading level="1"><TitleText>Financial Matters and Audit</TitleText></Heading><Section><MarginalNote>Operating and capital budgets</MarginalNote><Label>25</Label><Subsection><Label>(1)</Label><Text>The board shall cause an operating budget and a capital budget to be prepared for each fiscal year of the Foundation and shall submit those budgets to the members for consideration at the annual meeting of members.</Text></Subsection><Subsection><MarginalNote>Books of account</MarginalNote><Label>(2)</Label><Text>The board shall cause books of account and other records to be kept and shall establish financial and management controls, information systems and management practices that will ensure that the business and affairs of the Foundation are carried on, and the financial, human and physical resources of the Foundation are managed effectively, efficiently and economically.</Text></Subsection><Subsection><MarginalNote>Information systems</MarginalNote><Label>(3)</Label><Text>The books of account and other records of the Foundation shall be maintained in a way that will ensure that the assets of the Foundation are properly protected and controlled and that its business and affairs are carried on in compliance with this Act and, in particular, in such a way that they will show</Text><Paragraph><Label>(a)</Label><Text>descriptions and book values of all investments of the Foundation; and</Text></Paragraph><Paragraph><Label>(b)</Label><Text>the eligible recipients who have received, or are about to receive, funding from the Foundation in respect of eligible projects, the nature and extent of the projects and the amount of the funding.</Text></Paragraph></Subsection></Section><Section><MarginalNote>Auditor</MarginalNote><Label>26</Label><Subsection><Label>(1)</Label><Text>At the first meeting of the members, and in any subsequent fiscal year at the annual meeting, the members shall appoint an auditor for the Foundation for the fiscal year and fix, or authorize the board to fix, the auditor’s remuneration.</Text></Subsection><Subsection><MarginalNote>Qualifications of auditor</MarginalNote><Label>(2)</Label><Text>The auditor shall be</Text><Paragraph><Label>(a)</Label><Text>a natural person who</Text><Subparagraph><Label>(i)</Label><Text>is a member in good standing of an institute or association of accountants incorporated by or under an Act of the legislature of a province,</Text></Subparagraph><Subparagraph><Label>(ii)</Label><Text>has at least five years experience at a senior level in carrying out audits,</Text></Subparagraph><Subparagraph><Label>(iii)</Label><Text>is ordinarily resident in Canada, and</Text></Subparagraph><Subparagraph><Label>(iv)</Label><Text>is independent of the board, the directors, the members and the officers of the Foundation; or</Text></Subparagraph></Paragraph><Paragraph><Label>(b)</Label><Text>a firm of accountants of which the member or employee jointly designated by the board and the firm to conduct the audit of the books and records of the Foundation on behalf of the firm meets the qualifications set out in paragraph (a).</Text></Paragraph></Subsection><Subsection><MarginalNote>Continuation of auditor</MarginalNote><Label>(3)</Label><Text>If an auditor is not appointed at the annual general meeting in any fiscal year, the auditor for the preceding fiscal year continues in office until a successor is appointed.</Text></Subsection><Subsection><MarginalNote>Removal of auditor</MarginalNote><Label>(4)</Label><Text>The members may by a special resolution remove an auditor from office.</Text></Subsection><Subsection><MarginalNote>Ceasing to hold office</MarginalNote><Label>(5)</Label><Text>An auditor ceases to hold office when the auditor</Text><Paragraph><Label>(a)</Label><Text>dies;</Text></Paragraph><Paragraph><Label>(b)</Label><Text>resigns;</Text></Paragraph><Paragraph><Label>(c)</Label><Text>is removed from office under subsection (4); or</Text></Paragraph><Paragraph><Label>(d)</Label><Text>no longer meets the requirements under subsection (2).</Text></Paragraph></Subsection><Subsection><MarginalNote>Replacement</MarginalNote><Label>(6)</Label><Text>The members may, at a meeting of the members, appoint an auditor to fill any vacancy in the office of the auditor but, if the members fail to fill the vacancy at that meeting or if no meeting of the members is convened without delay after the vacancy occurs, the board may appoint an auditor.</Text></Subsection><Subsection><MarginalNote>Unexpired term</MarginalNote><Label>(7)</Label><Text>An auditor appointed to fill a vacancy in the office holds office for the unexpired term of the predecessor in the office.</Text></Subsection></Section><Section><MarginalNote>Auditor’s report</MarginalNote><Label>27</Label><Text>The auditor shall, within four months after the end of each fiscal year, complete the audit of the books and records of the Foundation for the fiscal year and submit a report of the audit to the members.</Text></Section><Section><MarginalNote>Audit committee</MarginalNote><Label>28</Label><Subsection><Label>(1)</Label><Text>The board shall appoint an audit committee consisting of not fewer than three directors and fix the duties and functions of the committee.</Text></Subsection><Subsection><MarginalNote>Internal audit</MarginalNote><Label>(2)</Label><Text>In addition to any other duties and functions that it is required to perform, the audit committee shall cause internal audits to be conducted to ensure compliance by the officers and employees of the Foundation with management and information systems and controls established by the board.</Text></Subsection></Section><Heading level="1"><TitleText>Annual Meeting</TitleText></Heading><Section><MarginalNote>Annual meeting</MarginalNote><Label>29</Label><Text>The board shall call an annual meeting of members not later than six months after the end of each fiscal year of the Foundation for the purpose of</Text><Paragraph><Label>(a)</Label><Text>examining the audited financial statements and the report of the auditor on those statements for the preceding fiscal year;</Text></Paragraph><Paragraph><Label>(b)</Label><Text>examining the annual report of the Foundation for the preceding fiscal year;</Text></Paragraph><Paragraph><Label>(c)</Label><Text>examining the operating budget and the capital budget submitted by the board under subsection 25(1);</Text></Paragraph><Paragraph><Label>(d)</Label><Text>considering and confirming, rejecting or amending by-laws made by the board or amendments to or the repeal of by-laws made by the board;</Text></Paragraph><Paragraph><Label>(e)</Label><Text>appointing an auditor under subsection 26(1); and</Text></Paragraph><Paragraph><Label>(f)</Label><Text>considering any other matter respecting the operations of the Foundation.</Text></Paragraph></Section><Heading level="1"><TitleText>Annual Report</TitleText></Heading><Section><MarginalNote>Annual report</MarginalNote><Label>30</Label><Subsection><Label>(1)</Label><Text>The Foundation shall, within five months after the end of each fiscal year, prepare an annual report in both official languages of its activities during the preceding fiscal year and include in the report</Text><Paragraph><Label>(a)</Label><Text>its financial statements for the year as approved by the board and the report of the auditor respecting those statements;</Text></Paragraph><Paragraph><Label>(b)</Label><Text>a detailed statement of its investment activities during the year, its investment portfolio as at the end of the year and its investment policies, standards and procedures;</Text></Paragraph><Paragraph><Label>(c)</Label><Text>a detailed statement of its funding activities;</Text></Paragraph><Paragraph><Label>(d)</Label><Text>a statement of its plans for fulfilling its objects and purposes for the next year; and</Text></Paragraph><Paragraph><Label>(e)</Label><Text>an evaluation of the overall results achieved by the funding of eligible projects by the Foundation during the year in review, and since the inception of the Foundation.</Text></Paragraph></Subsection><Subsection><MarginalNote>Consideration of report</MarginalNote><Label>(2)</Label><Text>Before the annual report of the Foundation for a fiscal year is distributed to the public it shall be approved by the board and examined by the members at a meeting of the members.</Text></Subsection><Subsection><MarginalNote>Distribution of report</MarginalNote><Label>(3)</Label><Text>After the annual report of the Foundation for a fiscal year is approved as required under subsection (2), the report shall be made public in accordance with the by-laws of the Foundation and a copy shall be sent to the Minister who shall cause a copy of the report to be laid before each House of Parliament on any of the first 15 days on which that House is sitting after the Minister receives it.</Text></Subsection></Section><Section><MarginalNote>Public meeting</MarginalNote><Label>31</Label><Subsection><Label>(1)</Label><Text>After it publishes its annual report for a fiscal year, the Foundation shall convene a public meeting at a city in Canada selected by the board to consider the report and other matters relating to the activities of the Foundation during the year.</Text></Subsection><Subsection><MarginalNote>Notice of meeting</MarginalNote><Label>(2)</Label><Text>At least 30 days before the date of a meeting convened under subsection (1) to consider the Foundation’s annual report for a fiscal year, the Foundation shall give notice of the time and place of the meeting in accordance with the by-laws of the Foundation.</Text></Subsection></Section><Heading level="1"><TitleText>Winding-up</TitleText></Heading><Section><MarginalNote>Property to be divided</MarginalNote><Label>32</Label><Subsection><Label>(1)</Label><Text>If the Foundation is wound up or dissolved, its property remaining after its debts and obligations have been satisfied shall be liquidated and the moneys arising from the liquidation shall be distributed among all the eligible recipients that have received funding from the Foundation and that are, as of the day the distribution begins, still carrying on projects to develop and demonstrate new technologies to promote sustainable development, to be used by them for the purpose of those projects. Each of those eligible recipients shall receive an amount that is the same proportion of the moneys arising from the liquidation as the total funding received by that eligible recipient from the Foundation is of the total of all funding that has been provided by the Foundation to all of those eligible recipients.</Text></Subsection><Subsection><MarginalNote>Repayment out of remaining property</MarginalNote><Label>(2)</Label><Text>Despite subsection (1), the Minister may require the Foundation to repay out of the moneys arising from the liquidation to the Receiver General for credit to the Consolidated Revenue Fund any amount that is so repayable under the terms or conditions on which public moneys were provided to the Foundation.</Text></Subsection><HistoricalNote>2001, c. 23, s. 32; 2003, c. 15, s. 33.</HistoricalNote></Section><Heading level="1"><TitleText>General</TitleText></Heading><Section><MarginalNote><XRefExternal reference-type="act">Official Languages Act</XRefExternal> applies</MarginalNote><Label>33</Label><Text>The <XRefExternal reference-type="act">Official Languages Act</XRefExternal> applies to the Foundation as if it were a federal institution.</Text></Section><Section><MarginalNote>Mandatory by-laws</MarginalNote><Label>34</Label><Text>The Foundation shall include in its by-laws provisions</Text><Paragraph><Label>(a)</Label><Text>entitling an eligible recipient that has made an application for funding from the Foundation to request the board to make a ruling as to the possible conflict of interest of a director in the consideration or disposal of the application;</Text></Paragraph><Paragraph><Label>(b)</Label><Text>establishing procedures to be followed by the board in responding to the request and giving the ruling;</Text></Paragraph><Paragraph><Label>(c)</Label><Text>determining the fiscal year of the Foundation;</Text></Paragraph><Paragraph><Label>(d)</Label><Text>requiring the creation of advisory committees, including technical advisory committees, and their mandates; and</Text></Paragraph><Paragraph><Label>(e)</Label><Text>fixing the remuneration for directors.</Text></Paragraph></Section><Heading level="1"><TitleText>Designation and Amendments Consequential on It</TitleText></Heading><Section><MarginalNote>Designation by Governor in Council</MarginalNote><Label>35</Label><Subsection><Label>(1)</Label><Text>The Governor in Council may, by order, designate, for the purposes of this Act, any corporation incorporated under the <XRefExternal reference-type="act">Canada Not-for-profit Corporations Act</XRefExternal>.</Text></Subsection><Subsection><MarginalNote>Sections 36 to 39 apply</MarginalNote><Label>(2)</Label><Text>If an order is made under subsection (1), sections 36 to 39 apply as of the day on which that order is made.</Text></Subsection><HistoricalNote>2001, c. 23, s. 35; 2009, c. 23, ss. 316, 350.</HistoricalNote></Section><Section><Label>36 to 39</Label><Text>[Amendments]</Text></Section><Heading level="1"><TitleText>Coming into Force</TitleText></Heading><Section type="transitional"><MarginalNote>Coming into force</MarginalNote><Label><FootnoteRef idref="C-5.5_en_1">*</FootnoteRef>40</Label><Text>This Act comes into force on a day to be fixed by order of the Governor in Council.</Text><Footnote id="C-5.5_en_1" placement="section" status="editorial" xml:space="default"><Label>*</Label><Text>[Note: Act in force March 22, 2002, <Emphasis style="italic">see</Emphasis> SI/2002-57.]</Text></Footnote></Section></Body><Schedule id="RelatedProvs"><ScheduleFormHeading type="amending"><TitleText>RELATED PROVISIONS</TitleText></ScheduleFormHeading><BillPiece><Heading level="5" style="nifrp"><TitleText>
                    — 2003, c. 15, s. 34</TitleText></Heading><Section><MarginalNote>$250,000,000 granted</MarginalNote><Label>34</Label><Text>From and out of the Consolidated Revenue Fund there may, on the requisition of the Minister of the Environment and the Minister of Natural Resources, be paid and applied a sum not exceeding two hundred and fifty million dollars for payment to the Canada Foundation for Sustainable Development Technology for its use.</Text></Section></BillPiece></Schedule></Statute>