﻿<?xml version="1.0" encoding="utf-8"?><!--Arbortext, Inc., 1988-2004, v.4002--><!DOCTYPE Statute PUBLIC "-//Justice Canada//DTD Statute v2.0.0//EN" "Dtd/Version_2.0.0/Statute/Statute.dtd"><Statute bill-origin="commons" bill-type="govt-public" xml:lang="en" in-force="yes"><Identification><BillNumber>C-15</BillNumber><Parliament><Session>2</Session><Number>39</Number><RegnalYear><Year-s>56</Year-s><Monarch>Elizabeth II</Monarch></RegnalYear><Year-s>2007</Year-s></Parliament><LongTitle>An Act respecting the exploitation of the Donkin coal block and employment in or in connection with the operation of a mine that is wholly or partly at the Donkin coal block, and to make a consequential amendment to the Canada-Nova Scotia Offshore Petroleum Resources Accord Implementation Act</LongTitle><ShortTitle status="official">Donkin Coal Block Development Opportunity Act</ShortTitle><RunningHead>Donkin Coal Block Development Opportunity</RunningHead><BillHistory><Stages stage="consolidation"><Date><YYYY>2018</YYYY><MM>08</MM><DD>20</DD></Date></Stages><Stages stage="assented-to"><Date><YYYY>2007</YYYY><MM>12</MM><DD>14</DD></Date></Stages></BillHistory><Chapter><ConsolidatedNumber official="no">D-3.9</ConsolidatedNumber><AnnualStatuteId><AnnualStatuteNumber>33</AnnualStatuteNumber><YYYY>2007</YYYY></AnnualStatuteId></Chapter><BillRefNumber date-time="2007-10-26">90429</BillRefNumber></Identification><Introduction><Enacts><Provision format-ref="indent-0-0" language-align="yes" list-item="no"><Text>Her Majesty, by and with the advice and consent of the Senate and House of Commons of Canada, enacts as follows:</Text></Provision></Enacts></Introduction><Body><Heading level="1"><TitleText>Short Title</TitleText></Heading><Section><MarginalNote>Short title</MarginalNote><Label>1</Label><Text>This Act may be cited as the <XRefExternal reference-type="act">Donkin Coal Block Development Opportunity Act</XRefExternal>.</Text></Section><Heading level="1"><TitleText>Interpretation</TitleText></Heading><Section><MarginalNote>Definitions</MarginalNote><Label>2</Label><Text>The following definitions apply in this Act.</Text><Definition><MarginalNote><DefinedTermEn>Donkin coal block</DefinedTermEn></MarginalNote><MarginalNote><DefinedTermFr>réserve de charbon Donkin</DefinedTermFr></MarginalNote><Text><DefinedTermEn>Donkin coal block</DefinedTermEn> means the coal and coal-bed methane deposits located in the area described in the schedule.</Text></Definition><Definition><MarginalNote><DefinedTermEn>exploitation</DefinedTermEn></MarginalNote><MarginalNote><DefinedTermFr>exploitation</DefinedTermFr></MarginalNote><Text><DefinedTermEn>exploitation</DefinedTermEn> includes the exploration, development and reclamation of a coal block, as well as the operation of a mine that is wholly or partly at the coal block.</Text></Definition><Definition><MarginalNote><DefinedTermEn>frontier lands</DefinedTermEn></MarginalNote><MarginalNote><DefinedTermFr>terres domaniales</DefinedTermFr></MarginalNote><Text><DefinedTermEn>frontier lands</DefinedTermEn> means lands that belong to Her Majesty in right of Canada, or in respect of which Her Majesty in right of Canada has the right to dispose of or exploit the natural resources, and that are situated in</Text><Paragraph><Label>(a)</Label><Text>the Northwest Territories, Nunavut or Sable Island; or</Text></Paragraph><Paragraph><Label>(b)</Label><Text>submarine areas, not within a province, in the internal waters of Canada, the territorial sea of Canada or the continental shelf of Canada.</Text></Paragraph><ContinuedDefinition><Text>However, it does not include the adjoining area, as defined in section 2 of the <XRefExternal reference-type="act">Yukon Act</XRefExternal>.</Text></ContinuedDefinition></Definition><Definition><MarginalNote><DefinedTermEn>Minister</DefinedTermEn></MarginalNote><MarginalNote><DefinedTermFr>ministre</DefinedTermFr></MarginalNote><Text><DefinedTermEn>Minister</DefinedTermEn> means the Minister of Natural Resources.</Text></Definition><Definition><MarginalNote><DefinedTermEn>operation</DefinedTermEn></MarginalNote><MarginalNote><DefinedTermFr>exploitation</DefinedTermFr></MarginalNote><Text><DefinedTermEn>operation</DefinedTermEn> includes the development, construction and abandonment of a mine, as well as exploration for a mine.</Text></Definition><Definition><MarginalNote><DefinedTermEn>Province</DefinedTermEn></MarginalNote><MarginalNote><DefinedTermFr>province</DefinedTermFr></MarginalNote><Text><DefinedTermEn>Province</DefinedTermEn> means Nova Scotia.</Text></Definition></Section><Section><MarginalNote>Interpretation</MarginalNote><Label>3</Label><Text>For greater certainty, this Act shall not be interpreted as providing a basis for any claim by or on behalf of any province in respect of any interest in or legislative jurisdiction over any frontier lands, or any living or non-living resources of any frontier lands, or as limiting the application of any federal law that is not specifically limited under this Act.</Text></Section><Heading level="1"><TitleText>Purpose</TitleText></Heading><Section><MarginalNote>Purpose</MarginalNote><Label>4</Label><Text>The purpose of this Act is to provide a legal regime within a cooperative framework to facilitate the exploitation of the Donkin coal block and to regulate employment in or in connection with the operation of a mine that is wholly or partly at the Donkin coal block.</Text></Section><Heading level="1"><TitleText>Her Majesty</TitleText></Heading><Section><MarginalNote>Binding on Her Majesty</MarginalNote><Label>5</Label><Text>This Act is binding on Her Majesty in right of Canada and of the Province.</Text></Section><Heading level="1"><TitleText>Application</TitleText></Heading><Section><MarginalNote>Application</MarginalNote><Label>6</Label><Text>This Act applies to the exploitation of the Donkin coal block and to employment in or in connection with the operation of a mine that is wholly or partly at the Donkin coal block.</Text></Section><Section><MarginalNote>Non-application of certain Acts</MarginalNote><Label>7</Label><Text>Except as otherwise provided in the regulations, the <XRefExternal reference-type="act">Canada Oil and Gas Operations Act</XRefExternal>, the <XRefExternal reference-type="act">Canada Petroleum Resources Act</XRefExternal> and the <XRefExternal reference-type="act">Federal Real Property and Federal Immovables Act</XRefExternal>, and all regulations made under those Acts, do not apply to the Donkin coal block.</Text></Section><Heading level="1"><TitleText>Delegation</TitleText></Heading><Section><MarginalNote>Minister may delegate</MarginalNote><Label>8</Label><Text>Subject to section <XRefInternal>15</XRefInternal>, the Minister may delegate to any person any power, function or duty that the Minister considers necessary for the administration of the exploitation of the Donkin coal block.</Text></Section><Heading level="1"><TitleText>Royalties</TitleText></Heading><Section><MarginalNote>Royalties</MarginalNote><Label>9</Label><Text>There is hereby reserved to Her Majesty in right of Canada the royalties on coal and coal-bed methane from the portions of the Donkin coal block that lie in frontier lands, as well as related interest and penalties.</Text></Section><Section><MarginalNote>Remittance to Receiver General</MarginalNote><Label>10</Label><Subsection><Label>(1)</Label><Text>The Province shall remit to the Receiver General, in accordance with the terms of any agreement referred to in section <XRefInternal>12</XRefInternal>, all royalties, interest and penalties reserved to Her Majesty in right of Canada under section <XRefInternal>9</XRefInternal>.</Text></Subsection><Subsection><MarginalNote>Remittance to Province</MarginalNote><Label>(2)</Label><Text>Her Majesty in right of Canada shall, in accordance with the terms of such an agreement, remit to Her Majesty in right of the Province an amount equal to each amount remitted to the Receiver General under subsection (1).</Text></Subsection><Subsection><MarginalNote>Payment out of Consolidated Revenue Fund</MarginalNote><Label>(3)</Label><Text>There may be paid out of the Consolidated Revenue Fund to Her Majesty in right of the Province, on the requisition of the Minister, any amount to be remitted during a fiscal year under subsection (2).</Text></Subsection><HistoricalNote>2007, c. 33, s. 10; 2008, c. 28, s. 152.</HistoricalNote></Section><Section><MarginalNote>Debts due to Her Majesty</MarginalNote><Label>11</Label><Text>All royalties, interest and penalties payable under subsection <XRefInternal>10</XRefInternal>(1) are debts due to Her Majesty in right of Canada and are recoverable as such from the Province.</Text></Section><Heading level="1"><TitleText>Agreement</TitleText></Heading><Section><MarginalNote>Agreement concerning royalties, etc.</MarginalNote><Label>12</Label><Text>The Minister may, with the approval of the Governor in Council, enter on behalf of Her Majesty in right of Canada into an agreement with the government of the Province with respect to the collection and administration of the royalties, interest and penalties referred to in section <XRefInternal>9</XRefInternal> on behalf of the Government of Canada, and to the remittance of those amounts by the Government of Canada to the Province.</Text></Section><Heading level="1"><TitleText>Regulations</TitleText></Heading><Section><MarginalNote>Recommendation of Minister of Labour</MarginalNote><Label>13</Label><Subsection><Label>(1)</Label><Text>The Governor in Council may, on the recommendation of the Minister of Labour, make regulations respecting employment in or in connection with the operation of a mine that is wholly or partly at the Donkin coal block, including regulations</Text><Paragraph><Label>(a)</Label><Text>excluding, in whole or in part, from the application of any of the provisions of the <XRefExternal reference-type="act">Canada Labour Code</XRefExternal> any employment, or any class or classes of employment, in or in connection with the operation of such a mine; and</Text></Paragraph><Paragraph><Label>(b)</Label><Text>governing industrial relations, occupational health and safety and labour standards in relation to employment that is subject to a regulation made under paragraph (a).</Text></Paragraph></Subsection><Subsection><MarginalNote>Recommendation of Minister</MarginalNote><Label>(2)</Label><Text>The Governor in Council may, on the recommendation of the Minister, make regulations respecting all other matters relating to the exploitation of the Donkin coal block, including regulations</Text><Paragraph><Label>(a)</Label><Text>amending the schedule to provide for any change that is necessary to the description of the area in which the Donkin coal block is located;</Text></Paragraph><Paragraph><Label>(b)</Label><Text>respecting the application, in whole or in part, of any of the Acts referred to in section <XRefInternal>7</XRefInternal> and the regulations made under those Acts; and</Text></Paragraph><Paragraph><Label>(c)</Label><Text>respecting royalties, interest and penalties that are referred to in section <XRefInternal>9</XRefInternal>.</Text></Paragraph></Subsection><Subsection><MarginalNote>Incorporation by reference</MarginalNote><Label>(3)</Label><Text>The regulations referred to in subsections (1) and (2) may incorporate by reference in whole or in part any Act of the Province or instrument made under such an Act, as amended from time to time, with any adaptations that the Governor in Council considers necessary.</Text></Subsection><Subsection><MarginalNote>Joint recommendation</MarginalNote><Label>(4)</Label><Text>The Governor in Council may, on the recommendation of both the Minister and the Minister of Labour, by regulation provide that any Act of the Province or instrument made under such an Act relating to the prosecution of provincial offences applies, in whole or in part, as amended from time to time and with any adaptations that the Governor in Council considers necessary, to prosecutions for offences under this Act.</Text></Subsection></Section><Section><MarginalNote><XRefExternal reference-type="act">Service Fees Act</XRefExternal> does not apply</MarginalNote><Label>14</Label><Text>For greater certainty, the <XRefExternal reference-type="act">Service Fees Act</XRefExternal> does not apply in respect of any fees fixed under a provision that is incorporated into the regulations by reference.</Text><HistoricalNote>2007, c. 33, s. 14; 2017, c. 20, s. 454.</HistoricalNote></Section><Section><MarginalNote>Administration and enforcement</MarginalNote><Label>15</Label><Subsection><Label>(1)</Label><Text>A regulation incorporating — and, as necessary, adapting — any Act of the Province or instrument made under such an Act shall, after consultation with the appropriate provincial minister, be administered and enforced by the person or authority that is responsible for the administration and enforcement of the incorporated Act or instrument.</Text></Subsection><Subsection><MarginalNote>Not agent of Her Majesty in right of Canada</MarginalNote><Label>(2)</Label><Text>Persons and authorities referred to in subsection (1) are not agents of Her Majesty in right of Canada.</Text></Subsection><Subsection><MarginalNote>Offence and penalty</MarginalNote><Label>(3)</Label><Text>Every person who contravenes a regulation by contravening a provision that is incorporated — and, as necessary, adapted — by the regulation is guilty of an offence against this Act and liable to the same punishment as is imposed by or under an Act of the Province for the contravention of that provision.</Text></Subsection><Subsection><MarginalNote>Procedure</MarginalNote><Label>(4)</Label><Text>The prosecution of an offence described in subsection (3) shall be conducted by the Attorney General of the Province or his or her lawful deputy.</Text></Subsection></Section><Heading level="1"><TitleText>Consequential Amendment to the Canada-nova Scotia Offshore Petroleum Resources Accord Implementation Act</TitleText></Heading><Section><Label>16</Label><Text>[Amendment]</Text></Section></Body><Schedule bilingual="no" spanlanguages="no"><ScheduleFormHeading><Label>SCHEDULE</Label><OriginatingRef>(Section 2 and paragraph 13(2)(a))</OriginatingRef><TitleText>Area of the Donkin Coal Block</TitleText></ScheduleFormHeading><Provision format-ref="indent-0-0" language-align="yes" list-item="no"><Text>ALL that certain lot, piece or parcel of land and land covered by water, in the vicinity of Donkin, Cape Breton County, Province of Nova Scotia, and as more particularly described as follows:</Text><Provision format-ref="indent-0-0" language-align="no" list-item="no"><Text>BEGINNING at Latitude 46°10′50″N and Longitude 59°41′15″ W;</Text></Provision><Provision format-ref="indent-0-0" language-align="no" list-item="no"><Text>THENCE due North along the western most boundaries of tracts 57, 64, 81, 88, and 105, claim reference map 11 J 4 D as defined in Section 2(ao), the <XRefExternal reference-type="act">Mineral Resources Act</XRefExternal>, S.N.S. 1990, c.18, and more particularly described in Section 6, the <XRefExternal reference-type="regulation">Mineral Resources Regulations</XRefExternal>, N.S.R. 222/2004, a distance of 5 miles to Latitude 46°15′00″N and Longitude 59°41′15″W;</Text></Provision><Provision format-ref="indent-0-0" language-align="no" list-item="no"><Text>THENCE due West along the southern most boundaries of tracts 10, 11, and 12, claim reference map 11 J 5 A, a distance of 3 miles to Latitude 46°15′00″N and Longitude 59°45′00″W;</Text></Provision><Provision format-ref="indent-0-0" language-align="no" list-item="no"><Text>THENCE due North along the western most boundaries of tracts 12 and 13, claim reference map 11 J 5 A, a distance of 2 miles to Latitude 46°16′40″N and Longitude 59°45′00″W;</Text></Provision><Provision format-ref="indent-0-0" language-align="no" list-item="no"><Text>THENCE due West along the southern most boundaries of tracts 25, 26, 27, 28, 29, 30, 31, 32, and 33, claim reference map 11 J 5 B, a distance of 9 miles to Latitude 46°16′40″N and Longitude 59°56′15″W;</Text></Provision><Provision format-ref="indent-0-0" language-align="no" list-item="no"><Text>THENCE due South along the eastern most boundaries of tracts 15 and 10, claim reference map 11 J 5 B and tracts 106, 87, and 82, claim reference map 11 J 4 C, a distance of 5 miles to Latitude 46°12′30″N and Longitude 59°56′15″W;</Text></Provision><Provision format-ref="indent-0-0" language-align="no" list-item="no"><Text>THENCE due West along the southern most boundary of tract 82, claim reference map 11 J 4 C, a distance of 1 mile to Latitude 46°12′30″N and Longitude 59°57′30″W;</Text></Provision><Provision format-ref="indent-0-0" language-align="no" list-item="no"><Text>THENCE due South along the eastern most boundary of tracts 62 and 59, claim reference map 11 J 4 C, a distance of 2 miles to Latitude 46°10′50″N and Longitude 59°57′30″W;</Text></Provision><Provision format-ref="indent-0-0" language-align="no" list-item="no"><Text>THENCE due East along the northern most boundary of tract 39 and claim N, tract 40, claim reference map 11 J 4 C, a distance of 1.25 miles to Latitude 46°10′50″N and Longitude 59°55′56.25″W;</Text></Provision><Provision format-ref="indent-0-0" language-align="no" list-item="no"><Text>THENCE due North along the western most boundary of claims C, F, L, and O, tract 57, claim reference map 11 J 4 C, a distance of 1 mile to Latitude 46°11′40″N and Longitude 59°55′56.25″W;</Text></Provision><Provision format-ref="indent-0-0" language-align="no" list-item="no"><Text>THENCE due East along the northern most boundary of claims O, P, and Q, tract 57, and northern most boundary of tracts 56, 55, and 54, claim reference map 11 J 4 C, a distance of 3.75 miles to Latitude 46°11′40″N and Longitude 59°51′15″W;</Text></Provision><Provision format-ref="indent-0-0" language-align="no" list-item="no"><Text>THENCE due South along the eastern most boundaries of tracts 54 and 43, claim reference map 11 J 4 C, a distance of 2 miles to Latitude 46°10′00″N and Longitude 59°51′15″W;</Text></Provision><Provision format-ref="indent-0-0" language-align="no" list-item="no"><Text>THENCE due East along the northern most boundaries of tracts 29 and 28, claim reference map 11 J 4 C, a distance of 2 miles to Latitude 46°10′00″N and Longitude 59°48′45″W;</Text></Provision><Provision format-ref="indent-0-0" language-align="no" list-item="no"><Text>THENCE due North along the western most boundary of tract 46, claim reference map 11 J 4 C, a distance of 1 mile to Latitude 46°10′50″N and Longitude 59°48′45″W;</Text></Provision><Provision format-ref="indent-0-0" language-align="no" list-item="no"><Text>THENCE due East along the northern most boundaries of tracts 46, 47, and 48, claim reference map 11 J 4 C, and tracts 37, 38, and 39, claim reference map 11 J 4 D, a distance of 6 miles to Latitude 46°10′50″N and Longitude 59°41′15″W.</Text></Provision></Provision></Schedule></Statute>