﻿<?xml version="1.0" encoding="utf-8"?><!--Arbortext, Inc., 1988-2004, v.4002--><!DOCTYPE Statute PUBLIC "-//Justice Canada//DTD Statute v2.0.0//EN" "Dtd/Version_2.0.0/Statute/Statute.dtd"><Statute bill-origin="commons" bill-type="govt-public" xml:lang="en" in-force="yes"><Identification><BillNumber>C-4</BillNumber><Parliament><Session>2</Session><Number>41</Number><RegnalYear><Year-s>62</Year-s><Monarch>Elizabeth II</Monarch></RegnalYear><Year-s>2013</Year-s></Parliament><LongTitle>A second act to implement certain provisions of the budget tabled in Parliament on March 21, 2013 and other measures</LongTitle><ShortTitle status="official">Economic Action Plan 2013 Act, No. 2</ShortTitle><RunningHead>Economic Action Plan 2013, No. 2</RunningHead><BillHistory><Stages stage="consolidation"><Date><YYYY>2018</YYYY><MM>08</MM><DD>20</DD></Date></Stages><Stages stage="assented-to"><Date><YYYY>2013</YYYY><MM>12</MM><DD>12</DD></Date></Stages></BillHistory><Chapter><ConsolidatedNumber official="no">E-0.7</ConsolidatedNumber><AnnualStatuteId><AnnualStatuteNumber>40</AnnualStatuteNumber><YYYY>2013</YYYY></AnnualStatuteId></Chapter><BillRefNumber date-time="2013-10-22">90703</BillRefNumber></Identification><Introduction><Enacts><Provision format-ref="indent-0-0" language-align="yes" list-item="no"><Text>Her Majesty, by and with the advice and consent of the Senate and House of Commons of Canada, enacts as follows:</Text></Provision></Enacts></Introduction><Body><Heading level="1"><TitleText>Short Title</TitleText></Heading><Section><MarginalNote>Short title</MarginalNote><Label>1</Label><Text>This Act may be cited as the <XRefExternal reference-type="act">Economic Action Plan 2013 Act, No. 2</XRefExternal>.</Text></Section><Heading level="1"><Label>PART 1</Label><TitleText>Measures Relating to Income Tax</TitleText></Heading><Heading level="2"><TitleText><XRefExternal reference-type="act">Income Tax Act</XRefExternal></TitleText></Heading><Section><Label>2</Label><Text>[Amendment]</Text></Section><Section><Label>3</Label><Text>[Amendment]</Text></Section><Section><Label>4</Label><Text>[Amendments]</Text></Section><Section><Label>5</Label><Text>[Amendment]</Text></Section><Section><Label>6</Label><Text>[Amendments]</Text></Section><Section><Label>7</Label><Text>[Amendment]</Text></Section><Section><Label>8</Label><Text>[Amendments]</Text></Section><Section><Label>9</Label><Text>[Amendment]</Text></Section><Section><Label>10</Label><Text>[Amendment]</Text></Section><Section><Label>11</Label><Text>[Amendments]</Text></Section><Section><Label>12</Label><Text>[Amendment]</Text></Section><Section><Label>13</Label><Text>[Amendment]</Text></Section><Section><Label>14</Label><Text>[Amendments]</Text></Section><Section><Label>15</Label><Text>[Amendment]</Text></Section><Section><Label>16</Label><Text>[Amendments]</Text></Section><Section><Label>17</Label><Text>[Amendment]</Text></Section><Section><Label>18</Label><Text>[Amendments]</Text></Section><Section><Label>19</Label><Text>[Amendments]</Text></Section><Section><Label>20</Label><Text>[Amendment]</Text></Section><Section><Label>21</Label><Text>[Amendment]</Text></Section><Section><Label>22</Label><Text>[Amendments]</Text></Section><Section><Label>23</Label><Text>[Amendments]</Text></Section><Section><Label>24</Label><Text>[Amendments]</Text></Section><Section><Label>25</Label><Text>[Amendments]</Text></Section><Section><Label>26</Label><Text>[Amendment]</Text></Section><Section><Label>27</Label><Text>[Amendment]</Text></Section><Section><Label>28</Label><Text>[Amendment]</Text></Section><Section><Label>29</Label><Text>[Amendment]</Text></Section><Section><Label>30</Label><Text>[Amendments]</Text></Section><Section><Label>31</Label><Text>[Amendments]</Text></Section><Section><Label>32</Label><Text>[Amendment]</Text></Section><Section><Label>33</Label><Text>[Amendment]</Text></Section><Section><Label>34</Label><Text>[Amendment]</Text></Section><Section><Label>35</Label><Text>[Amendments]</Text></Section><Section><Label>36</Label><Text>[Amendments]</Text></Section><Section><Label>37</Label><Text>[Amendment]</Text></Section><Section><Label>38</Label><Text>[Amendment]</Text></Section><Section><Label>39</Label><Text>[Amendments]</Text></Section><Section><Label>40</Label><Text>[Amendments]</Text></Section><Section><Label>41</Label><Text>[Amendment]</Text></Section><Section><Label>42</Label><Text>[Amendments]</Text></Section><Section><Label>43</Label><Text>[Amendment]</Text></Section><Section><Label>44</Label><Text>[Amendment]</Text></Section><Section><Label>45</Label><Text>[Amendment]</Text></Section><Section><Label>46</Label><Text>[Amendments]</Text></Section><Section><Label>47</Label><Text>[Amendments]</Text></Section><Section><Label>48</Label><Text>[Amendment]</Text></Section><Section><Label>49</Label><Text>[Amendment]</Text></Section><Section><Label>50</Label><Text>[Amendment]</Text></Section><Section><Label>51</Label><Text>[Amendments]</Text></Section><Section><Label>52</Label><Text>[Amendment]</Text></Section><Section><Label>53</Label><Text>[Amendment]</Text></Section><Section><Label>54</Label><Text>[Amendment]</Text></Section><Section><Label>55</Label><Text>[Amendment]</Text></Section><Section><Label>56</Label><Text>[Amendment]</Text></Section><Section><Label>57</Label><Text>[Amendments]</Text></Section><Section><Label>58</Label><Text>[Amendment]</Text></Section><Section><Label>59</Label><Subsection><Label>(1)</Label><Text><Repealed>[Repealed, 2016, c. 7. s. 61]</Repealed></Text></Subsection><Subsection><Label>(2) and (3)</Label><Text>[Amendments]</Text></Subsection><Subsection><Label>(4)</Label><Text><Repealed>[Repealed, 2016, c. 7. s. 61]</Repealed></Text></Subsection><Subsection><Label>(5)</Label><Text>[Amendment]</Text></Subsection><Subsection><Label>(6) and (7)</Label><Text><Repealed>[Repealed, 2016, c. 7. s. 61]</Repealed></Text></Subsection><Subsection><Label>(8) to (10)</Label><Text>[Amendments]</Text></Subsection></Section><Section><Label>60</Label><Text>[Amendments]</Text></Section><Section><Label>61</Label><Text>[Amendment]</Text></Section><Section><Label>62</Label><Text>[Amendment]</Text></Section><Section><Label>63</Label><Text>[Amendment]</Text></Section><Section><Label>64</Label><Text>[Amendment]</Text></Section><Section><Label>65</Label><Text>[Amendment]</Text></Section><Section><Label>66</Label><Text>[Amendment]</Text></Section><Section><Label>67</Label><Text>[Amendments]</Text></Section><Section><Label>68</Label><Text>[Amendment]</Text></Section><Section><Label>69</Label><Text>[Amendments]</Text></Section><Section><Label>70</Label><Text>[Amendment]</Text></Section><Section><Label>71</Label><Text>[Amendment]</Text></Section><Section><Label>72</Label><Text>[Amendment]</Text></Section><Section><Label>73</Label><Text>[Amendment]</Text></Section><Section><Label>74</Label><Text>[Amendments]</Text></Section><Section><Label>75</Label><Text>[Amendments]</Text></Section><Section><Label>76</Label><Text>[Amendment]</Text></Section><Section><Label>77</Label><Text>[Amendments]</Text></Section><Section><Label>78</Label><Text>[Amendment]</Text></Section><Section><Label>79</Label><Text>[Amendment]</Text></Section><Section><Label>80</Label><Text>[Amendment]</Text></Section><Section><Label>81</Label><Text>[Amendment]</Text></Section><Section><Label>82</Label><Text>[Amendments]</Text></Section><Section><Label>83</Label><Text>[Amendment]</Text></Section><Section><Label>84</Label><Text>[Amendments]</Text></Section><Section><Label>85</Label><Text>[Amendments]</Text></Section><Section><Label>86</Label><Text>[Amendment]</Text></Section><Section><Label>87</Label><Text>[Amendments]</Text></Section><Section><Label>88</Label><Text>[Amendment]</Text></Section><Section><Label>89</Label><Text>[Amendments]</Text></Section><Section><Label>90</Label><Text>[Amendment]</Text></Section><Section><Label>91</Label><Text>[Amendments]</Text></Section><Section><Label>92</Label><Text>[Amendment]</Text></Section><Section><Label>93</Label><Text>[Amendments]</Text></Section><Section><Label>94</Label><Text>[Amendment]</Text></Section><Heading level="2"><TitleText><XRefExternal reference-type="act">Keeping Canada’s Economy and Jobs Growing Act</XRefExternal></TitleText></Heading><Section><Label>95</Label><Text>[Amendment]</Text></Section><Heading level="2"><TitleText><XRefExternal reference-type="regulation">Income Tax Regulations</XRefExternal></TitleText></Heading><Section><Label>96</Label><Text>[Amendment]</Text></Section><Section><Label>97</Label><Text>[Amendment]</Text></Section><Section><Label>98</Label><Text>[Amendment]</Text></Section><Section><Label>99</Label><Text>[Amendment]</Text></Section><Section><Label>100</Label><Text>[Amendments]</Text></Section><Section><Label>101</Label><Text>[Amendment]</Text></Section><Section><Label>102</Label><Text>[Amendments]</Text></Section><Section><Label>103</Label><Text>[Amendments]</Text></Section><Section><Label>104</Label><Text>[Amendment]</Text></Section><Section><Label>105</Label><Text>[Amendment]</Text></Section><Section><Label>106</Label><Text>[Amendments]</Text></Section><Section><Label>107</Label><Text>[Amendment]</Text></Section><Section><Label>108</Label><Text>[Amendment]</Text></Section><Section><Label>109</Label><Text>[Amendment]</Text></Section><Section><Label>110</Label><Text>[Amendment]</Text></Section><Section><Label>111</Label><Text>[Amendment]</Text></Section><Section><Label>112</Label><Text>[Amendment]</Text></Section><Section><Label>113</Label><Text>[Amendment]</Text></Section><Section><Label>114</Label><Text>[Amendment]</Text></Section><Section><Label>115</Label><Text>[Amendment]</Text></Section><Section><Label>116</Label><Text>[Amendment]</Text></Section><Section><Label>117</Label><Text>[Amendment]</Text></Section><Section><Label>118</Label><Text>[Amendment]</Text></Section><Section><Label>119</Label><Text>[Amendments]</Text></Section><Heading level="2"><TitleText>Coordinating Amendment</TitleText></Heading><Section><Label>120</Label><Text>[Amendment]</Text></Section><Heading level="1"><Label>PART 2</Label><TitleText>Excise Tax Act</TitleText></Heading><Section><Label>121</Label><Text>[Amendment]</Text></Section><Section><Label>122</Label><Text>[Amendment]</Text></Section><Section><Label>123</Label><Text>[Amendment]</Text></Section><Section><Label>124</Label><Text>[Amendment]</Text></Section><Heading level="1"><Label>PART 3</Label><TitleText>Various Measures</TitleText></Heading><Heading level="2"><Label>DIVISION 1</Label><TitleText>Employment Insurance</TitleText></Heading><Heading level="3"><TitleText><XRefExternal reference-type="act">Employment Insurance Act</XRefExternal></TitleText></Heading><Section><Label>125</Label><Text>[Amendments]</Text></Section><Section><Label>126</Label><Text>[Amendments]</Text></Section><Section><Label>127</Label><Text>[Amendments]</Text></Section><Section><Label>128</Label><Text>[Amendments]</Text></Section><Section><Label>129</Label><Text>[Amendment]</Text></Section><Section><Label>130</Label><Text>[Amendment]</Text></Section><Section><Label>131</Label><Text>[Amendment]</Text></Section><Section><Label>132</Label><Text>[Amendment]</Text></Section><Section><Label>133</Label><Text>[Amendment]</Text></Section><Section><Label>134</Label><Text>[Amendment]</Text></Section><Section><Label>135</Label><Text>[Amendments]</Text></Section><Section><Label>136</Label><Text>[Amendment]</Text></Section><Heading level="3"><TitleText><XRefExternal reference-type="act">Canada Employment Insurance Financing Board Act</XRefExternal></TitleText></Heading><Section><Label>137</Label><Text>[Repeal]</Text></Section><Heading level="3"><TitleText>Consequential Amendments</TitleText></Heading><Heading level="4"><TitleText><XRefExternal reference-type="act">Canada Not-for-profit Corporations Act</XRefExternal></TitleText></Heading><Section><Label>138</Label><Text>[Amendment]</Text></Section><Heading level="4"><TitleText><XRefExternal reference-type="act">Jobs, Growth and Long-term Prosperity Act</XRefExternal></TitleText></Heading><Section><Label>139</Label><Text>[Amendments]</Text></Section><Section><Label>140</Label><Text>[Amendment]</Text></Section><Section><Label>141</Label><Text>[Amendment]</Text></Section><Section><Label>142</Label><Text>[Amendment]</Text></Section><Heading level="4"><TitleText><XRefExternal reference-type="act">Jobs and Growth Act, 2012</XRefExternal></TitleText></Heading><Section><Label>143</Label><Text>[Amendments]</Text></Section><Section><Label>144</Label><Text>[Amendment]</Text></Section><Section><Label>145</Label><Text>[Amendments]</Text></Section><Section><Label>146</Label><Text>[Amendments]</Text></Section><Section><Label>147</Label><Text>[Amendments]</Text></Section><Section><Label>148</Label><Text>[Amendment]</Text></Section><Section><Label>149</Label><Text>[Amendment]</Text></Section><Section><Label>150</Label><Text>[Amendments]</Text></Section><Section><Label>151</Label><Text>[Amendment]</Text></Section><Section><Label>152</Label><Text>[Amendment]</Text></Section><Section><Label>153</Label><Text>[Amendment]</Text></Section><Section><Label>154</Label><Text>[Amendment]</Text></Section><Section><Label>155</Label><Text>[Amendment]</Text></Section><Section><Label>156</Label><Text>[Amendment]</Text></Section><Heading level="3"><TitleText><XRefExternal reference-type="regulation">Employment Insurance (Fishing) Regulations</XRefExternal></TitleText></Heading><Section><Label>157</Label><Text>[Amendment]</Text></Section><Heading level="3"><TitleText>Coming into Force</TitleText></Heading><Section type="transitional"><MarginalNote>April 1, 2016</MarginalNote><Label>158</Label><Subsection type="transitional"><Label>(1)</Label><Text>Subsections <XRefInternal>126</XRefInternal>(1), (4), (5), (7), (8) and (10), <XRefInternal>127</XRefInternal>(3) and <XRefInternal>128</XRefInternal>(3) and sections <XRefInternal>131</XRefInternal> and <XRefInternal>136</XRefInternal> come into force on April 1, 2016.</Text></Subsection><Subsection type="transitional"><MarginalNote>January 1, 2017</MarginalNote><Label>(2)</Label><Text>Subsection <XRefInternal>126</XRefInternal>(3) comes into force on January 1, 2017.</Text></Subsection><Subsection type="transitional"><MarginalNote>January 1, 2018</MarginalNote><Label>(3)</Label><Text>Subsection <XRefInternal>126</XRefInternal>(9) comes into force on January 1, 2018.</Text></Subsection><Subsection type="transitional"><MarginalNote>April 7, 2013</MarginalNote><Label>(4)</Label><Text>Section <XRefInternal>157</XRefInternal> is deemed to have come into force on April 7, 2013.</Text></Subsection></Section><Heading level="2"><Label>DIVISION 2</Label><TitleText>Financial Institutions (Conflicts of Interest)</TitleText></Heading><Heading level="3"><TitleText><XRefExternal reference-type="act">Office of the Superintendent of Financial Institutions Act</XRefExternal></TitleText></Heading><Section><Label>159</Label><Text>[Amendment]</Text></Section><Heading level="3"><TitleText><XRefExternal reference-type="act">Trust and Loan Companies Act</XRefExternal></TitleText></Heading><Section><Label>160</Label><Text>[Amendment]</Text></Section><Heading level="3"><TitleText><XRefExternal reference-type="act">Bank Act</XRefExternal></TitleText></Heading><Section><Label>161</Label><Text>[Amendment]</Text></Section><Section><Label>162</Label><Text>[Amendment]</Text></Section><Section><Label>163</Label><Text>[Amendment]</Text></Section><Heading level="3"><TitleText><XRefExternal reference-type="act">Insurance Companies Act</XRefExternal></TitleText></Heading><Section><Label>164</Label><Text>[Amendments]</Text></Section><Section><Label>165</Label><Text>[Amendment]</Text></Section><Heading level="3"><TitleText><XRefExternal reference-type="act">Financial Consumer Agency of Canada Act</XRefExternal></TitleText></Heading><Section><Label>166</Label><Text>[Amendment]</Text></Section><Heading level="2"><Label>DIVISION 3</Label><TitleText>Financial Institutions (Investments)</TitleText></Heading><Heading level="3"><TitleText><XRefExternal reference-type="act">Trust and Loan Companies Act</XRefExternal></TitleText></Heading><Section><Label>167</Label><Text>[Amendment]</Text></Section><Heading level="3"><TitleText><XRefExternal reference-type="act">Bank Act</XRefExternal></TitleText></Heading><Section><Label>168</Label><Text>[Amendment]</Text></Section><Section><Label>169</Label><Text>[Amendment]</Text></Section><Heading level="3"><TitleText><XRefExternal reference-type="act">Insurance Companies Act</XRefExternal></TitleText></Heading><Section><Label>170</Label><Text>[Amendment]</Text></Section><Section><Label>171</Label><Text>[Amendment]</Text></Section><Section><Label>172</Label><Text>[Amendment]</Text></Section><Heading level="3"><TitleText><XRefExternal reference-type="act">Cooperative Credit Associations Act</XRefExternal></TitleText></Heading><Section><Label>173</Label><Text>[Amendment]</Text></Section><Heading level="2"><Label>DIVISION 4</Label><TitleText>Passports</TitleText></Heading><Heading level="3"><TitleText><XRefExternal reference-type="act">Criminal Code</XRefExternal></TitleText></Heading><Section><Label>174</Label><Text>[Amendment]</Text></Section><Heading level="3"><TitleText>Amendment to the <XRefExternal reference-type="act">Department of Foreign Affairs, Trade and Development Act</XRefExternal></TitleText></Heading><Section><Label>175</Label><Text>[Amendment]</Text></Section><Heading level="2"><Label>DIVISION 5</Label><TitleText><XRefExternal reference-type="act">Canada Labour Code</XRefExternal></TitleText></Heading><Heading level="3"><TitleText>Amendments to the Act</TitleText></Heading><Section><Label>176</Label><Text>[Amendments]</Text></Section><Section><Label>177</Label><Text>[Amendments]</Text></Section><Section><Label>178</Label><Text>[Amendment]</Text></Section><Section><Label>179</Label><Text>[Amendment]</Text></Section><Section><Label>180</Label><Text>[Amendments]</Text></Section><Section><Label>181</Label><Text>[Amendments]</Text></Section><Section><Label>182</Label><Text>[Amendments]</Text></Section><Section><Label>183</Label><Text>[Amendment]</Text></Section><Section><Label>184</Label><Text>[Amendment]</Text></Section><Section><Label>185</Label><Text>[Amendments]</Text></Section><Section><Label>186</Label><Text>[Amendments]</Text></Section><Section><Label>187</Label><Text>[Amendments]</Text></Section><Section><Label>188</Label><Text>[Amendment]</Text></Section><Section><Label>189</Label><Text>[Amendment]</Text></Section><Section><Label>190</Label><Text>[Amendment]</Text></Section><Section><Label>191</Label><Text>[Amendments]</Text></Section><Section><Label>192</Label><Text>[Amendments]</Text></Section><Section><Label>193</Label><Text>[Amendment]</Text></Section><Section><Label>194</Label><Text>[Amendments]</Text></Section><Section><Label>195</Label><Text>[Amendments]</Text></Section><Section><Label>196</Label><Text>[Amendment]</Text></Section><Section><Label>197</Label><Text>[Amendment]</Text></Section><Section><Label>198</Label><Text>[Amendment]</Text></Section><Heading level="3"><TitleText>Transitional Provisions</TitleText></Heading><Section type="transitional"><Label>199</Label><Text>[Transitional Provisions]</Text></Section><Heading level="3"><TitleText>Consequential Amendments</TitleText></Heading><Heading level="4"><TitleText><XRefExternal reference-type="act">National Energy Board Act</XRefExternal></TitleText></Heading><Section><Label>200</Label><Text>[Amendment]</Text></Section><Heading level="4"><TitleText><XRefExternal reference-type="act">Hazardous Materials Information Review Act</XRefExternal></TitleText></Heading><Section><Label>201</Label><Text>[Amendment]</Text></Section><Heading level="4"><TitleText><XRefExternal reference-type="act">Non-smokers’ Health Act</XRefExternal></TitleText></Heading><Section><Label>202</Label><Text>[Amendment]</Text></Section><Heading level="3"><TitleText>Coming into Force</TitleText></Heading><Section type="transitional"><MarginalNote>Order in council</MarginalNote><Label><FootnoteRef idref="fn_IndFA2D_hq_13115">*</FootnoteRef>203</Label><Text>The provisions of this Division come into force on a day or days to be fixed by order of the Governor in Council.</Text><Footnote id="fn_IndFA2D_hq_13115" placement="section" status="editorial"><Label>*</Label><Text>[Note: Division 5 in force October 31, 2014, <Emphasis style="italic">see</Emphasis> SI/2014-52.]</Text></Footnote></Section><Heading level="2"><Label>DIVISION 6</Label><TitleText>Changes to the Canadian Ministry</TitleText></Heading><Heading level="3"><TitleText><XRefExternal reference-type="act">Department of Human Resources and Skills Development Act</XRefExternal></TitleText></Heading><Section><Label>204</Label><Text>[Amendment]</Text></Section><Section><Label>205</Label><Text>[Amendment]</Text></Section><Section><Label>206</Label><Text>[Amendment]</Text></Section><Section><Label>207</Label><Text>[Amendment]</Text></Section><Section><Label>208</Label><Text>[Amendment]</Text></Section><Section><Label>209</Label><Text>[Amendment]</Text></Section><Section><Label>210</Label><Text>[Amendment]</Text></Section><Section><Label>211</Label><Text>[Amendment]</Text></Section><Section><Label>212</Label><Text>[Amendment]</Text></Section><Section><Label>213</Label><Text>[Amendments]</Text></Section><Section><Label>214</Label><Text>[Amendments]</Text></Section><Heading level="3"><TitleText><XRefExternal reference-type="act">Salaries Act</XRefExternal></TitleText></Heading><Section><Label>215</Label><Text>[Amendment]</Text></Section><Section><Label>216</Label><Text>[Amendment]</Text></Section><Heading level="3"><TitleText>Transitional Provisions</TitleText></Heading><Section type="transitional"><Label>217</Label><Text>[Transitional Provision]</Text></Section><Section type="transitional"><Label>218</Label><Text>[Transitional Provision]</Text></Section><Section type="transitional"><Label>219</Label><Text>[Transitional Provision]</Text></Section><Section type="transitional"><Label>220</Label><Text>[Transitional Provision]</Text></Section><Heading level="3"><TitleText>Consequential Amendments</TitleText></Heading><Heading level="4"><TitleText><XRefExternal reference-type="act">Access to Information Act</XRefExternal></TitleText></Heading><Section><Label>221</Label><Text>[Amendment]</Text></Section><Section><Label>222</Label><Text>[Amendment]</Text></Section><Heading level="4"><TitleText><XRefExternal reference-type="act">Financial Administration Act</XRefExternal></TitleText></Heading><Section><Label>223</Label><Text>[Amendment]</Text></Section><Section><Label>224</Label><Text>[Amendment]</Text></Section><Section><Label>225</Label><Text>[Amendment]</Text></Section><Section><Label>226</Label><Text>[Amendment]</Text></Section><Heading level="4"><TitleText><XRefExternal reference-type="act">Privacy Act</XRefExternal></TitleText></Heading><Section><Label>227</Label><Text>[Amendment]</Text></Section><Section><Label>228</Label><Text>[Amendment]</Text></Section><Heading level="4"><TitleText><XRefExternal reference-type="act">Family Orders and Agreements Enforcement Assistance Act</XRefExternal></TitleText></Heading><Section><Label>229</Label><Text>[Amendment]</Text></Section><Section><Label>230</Label><Text>[Amendment]</Text></Section><Heading level="4"><TitleText><XRefExternal reference-type="act">Income Tax Act</XRefExternal></TitleText></Heading><Section><Label>231</Label><Text>[Amendment]</Text></Section><Heading level="4"><TitleText><XRefExternal reference-type="act">Public Sector Compensation Act</XRefExternal></TitleText></Heading><Section><Label>232</Label><Text>[Amendment]</Text></Section><Section><Label>233</Label><Text>[Amendment]</Text></Section><Heading level="4"><TitleText><XRefExternal reference-type="act">Canada Student Financial Assistance Act</XRefExternal></TitleText></Heading><Section><Label>234</Label><Text>[Amendment]</Text></Section><Heading level="4"><TitleText><XRefExternal reference-type="act">Immigration and Refugee Protection Act</XRefExternal></TitleText></Heading><Section><Label>235</Label><Text>[Amendment]</Text></Section><Heading level="3"><TitleText>Terminology</TitleText></Heading><Section><Label>236</Label><Text>[Amendments]</Text></Section><Section><Label>237</Label><Text>[Amendments]</Text></Section><Section><Label>238</Label><Text>[Amendments]</Text></Section><Heading level="2"><Label>DIVISION 7</Label><TitleText>Dominion Coal Blocks</TitleText></Heading><Section type="transitional"><MarginalNote>Definitions</MarginalNote><Label>239</Label><Text>The following definitions apply in this Division.</Text><Definition><MarginalNote><DefinedTermEn>Crow’s Nest Pass Act</DefinedTermEn></MarginalNote><MarginalNote><DefinedTermFr>Loi du Nid-de-Corbeau</DefinedTermFr></MarginalNote><Text><DefinedTermEn>Crow’s Nest Pass Act</DefinedTermEn> means <XRefExternal reference-type="act">An Act to authorize a Subsidy for a Railway through the Crow’s Nest Pass</XRefExternal>, chapter 5 of the Statutes of Canada 1897.</Text></Definition><Definition><MarginalNote><DefinedTermEn>Dominion Coal Blocks</DefinedTermEn></MarginalNote><MarginalNote><DefinedTermFr>Réserve fédérale de charbon</DefinedTermFr></MarginalNote><Text><DefinedTermEn>Dominion Coal Blocks</DefinedTermEn> means the selected land referred to in paragraph 1(i.) of the Crow’s Nest Pass Act, being</Text><Paragraph><Label>(a)</Label><Text>Parcel Identifier 014-832-020, Parcel 73, shown on Plan DD 729 (F25(2)), District Lot 4589, Kootenay District, British Columbia; and</Text></Paragraph><Paragraph><Label>(b)</Label><Text>Parcel Identifier 014-832-038, Parcel 82, shown on Plan DD 729 (F25(1)), District Lot 4589, Kootenay District, British Columbia, except Part included in Plan 6844.</Text></Paragraph></Definition><Definition><MarginalNote><DefinedTermEn>Minister</DefinedTermEn></MarginalNote><MarginalNote><DefinedTermFr>ministre</DefinedTermFr></MarginalNote><Text><DefinedTermEn>Minister</DefinedTermEn> means the Minister designated under section <XRefInternal>240</XRefInternal>, or, if none is designated, the Minister of Natural Resources.</Text></Definition></Section><Section type="transitional"><MarginalNote>Designation of Minister</MarginalNote><Label>240</Label><Text>The Governor in Council may, by order, designate any federal minister to be the Minister referred to in this Division.</Text></Section><Section type="transitional"><MarginalNote>Dominion Coal Blocks</MarginalNote><Label>241</Label><Text>Nothing in the Crow’s Nest Pass Act, in the agreement mentioned in that Act or in any covenant in the instrument conveying the Dominion Coal Blocks to His Majesty in right of Canada operates so as to limit the power of Her Majesty in right of Canada to hold, dispose of or otherwise deal with the Dominion Coal Blocks, or any part of the Dominion Coal Blocks or any interest in them, in any manner and on any conditions that Her Majesty in right of Canada considers appropriate.</Text></Section><Section type="transitional"><MarginalNote>Powers of Minister</MarginalNote><Label>242</Label><Subsection type="transitional"><Label>(1)</Label><Text>With the approval of the Governor in Council, and subject to any terms that the Governor in Council considers appropriate, the Minister may dispose of the Dominion Coal Blocks, or any part of the Dominion Coal Blocks or any interest in them, in any manner and on any conditions established under section <XRefInternal>241</XRefInternal>.</Text></Subsection><Subsection type="transitional"><MarginalNote>Exception — easements</MarginalNote><Label>(2)</Label><Text>Despite subsection (1), the Minister may grant an easement over any part of the Dominion Coal Blocks without the approval of the Governor in Council.</Text></Subsection><Subsection type="transitional"><MarginalNote>Powers of Minister</MarginalNote><Label>(3)</Label><Text>The Minister may do anything that he or she considers necessary to prepare the Dominion Coal Blocks, or any part of the Dominion Coal Blocks or any interest in them, for disposition.</Text></Subsection><Subsection type="transitional"><MarginalNote>Administration</MarginalNote><Label>(4)</Label><Text>The Minister has the administration of the Dominion Coal Blocks.</Text></Subsection></Section><Section type="transitional"><MarginalNote>Application of provincial law</MarginalNote><Label>243</Label><Text>A disposition under section <XRefInternal>241</XRefInternal> or subsection <XRefInternal>242</XRefInternal>(1) or (2) may be effected by any instrument by which an interest in real property may be disposed of by a private person under the laws in force in British Columbia.</Text></Section><Section type="transitional"><MarginalNote>Her Majesty’s obligations are terminated</MarginalNote><Label>244</Label><Text>All obligations and liabilities of Her Majesty in right of Canada arising out of any of the matters referred to in paragraph 1(i.) of the Crow’s Nest Pass Act, and all rights acquired by any other party under any covenant in the instrument conveying the Dominion Coal Blocks to His Majesty in right of Canada relating to those matters, are extinguished.</Text></Section><Section type="transitional"><MarginalNote>No liability</MarginalNote><Label>245</Label><Text>No action or other proceeding, including any action or proceeding in restitution, or for damages of any kind, that is based on or is in relation to any agreement in respect of the Dominion Coal Blocks that existed on or before the coming into force of this section lies or may be instituted by anyone against Her Majesty in right of Canada or any minister or any employee or agent of Her Majesty in right of Canada, or any person engaged to provide advice or services to Her Majesty in right of Canada in relation to such an agreement, for anything done or omitted to be done or for anything purported to have been done or omitted to be done, in the exercise or performance of their powers, duties and functions.</Text></Section><Section type="transitional"><MarginalNote>No compensation</MarginalNote><Label>246</Label><Text>No one is entitled to any compensation from Her Majesty in right of Canada in connection with the coming into force of section <XRefInternal>244</XRefInternal>.</Text></Section><Section type="transitional"><MarginalNote>Application of money from disposition</MarginalNote><Label>247</Label><Text>The money from a sale or other disposition made under section <XRefInternal>241</XRefInternal> or subsection <XRefInternal>242</XRefInternal>(1) or (2) minus an amount equal to the amount paid or payable by Her Majesty in right of Canada, or any agent of Her Majesty in right of Canada, under an agreement relating to the disposition, including the management of that disposition, is public money for the purposes of the <XRefExternal reference-type="act">Financial Administration Act</XRefExternal>.</Text></Section><Section type="transitional"><MarginalNote><XRefExternal reference-type="act">Federal Real Property and Federal Immovables Act</XRefExternal></MarginalNote><Label>248</Label><Text>The <XRefExternal reference-type="act">Federal Real Property and Federal Immovables Act</XRefExternal> does not apply to any disposition of the Dominion Coal Blocks.</Text></Section><Heading level="2"><Label>DIVISION 8</Label><TitleText>Reorganization of Certain Crown Corporations (Bridges)</TitleText></Heading><Heading level="3"><TitleText>Interpretation</TitleText></Heading><Section type="transitional"><MarginalNote>Definition of <DefinedTermEn>amalgamated corporation</DefinedTermEn></MarginalNote><Label>249</Label><Text>In this Division, <DefinedTermEn>amalgamated corporation</DefinedTermEn> means any corporation resulting from an amalgamation referred to in subsection 252(1).</Text><HistoricalNote>2013, c. 40, s. 249; 2014, c. 39, s. 261.</HistoricalNote></Section><Heading level="3"><TitleText>Amalgamation</TitleText></Heading><Section type="transitional"><MarginalNote>Continuance under <XRefExternal reference-type="act">Canada Business Corporations Act</XRefExternal></MarginalNote><Label>250</Label><Text>Despite section 103 of the <XRefExternal reference-type="act">Financial Administration Act</XRefExternal>, the directors of the Blue Water Bridge Authority may, under subsection 268(4) of the <XRefExternal reference-type="act">Canada Business Corporations Act</XRefExternal>, apply for a certificate of continuance.</Text></Section><Section type="transitional"><MarginalNote>Continuance</MarginalNote><Label>250.1</Label><Text>Despite subsection 268(8.1) of the <XRefExternal reference-type="act">Canada Business Corporations Act</XRefExternal>, sections 6 to 13, 17, 18 and 21.1 of the <XRefExternal reference-type="act">Blue Water Bridge Authority Act</XRefExternal> continue to apply to the Blue Water Bridge Authority after its continuance under the <XRefExternal reference-type="act">Canada Business Corporations Act</XRefExternal>.</Text><HistoricalNote>2014, c. 39, s. 262.</HistoricalNote></Section><Section type="transitional"><MarginalNote>Articles</MarginalNote><Label>251</Label><Text>For the purposes of paragraph 90(1)(c) of the <XRefExternal reference-type="act">Financial Administration Act</XRefExternal>, The Federal Bridge Corporation Limited may, before any amalgamation referred to in subsection <XRefInternal>252</XRefInternal>(1), amend its articles to make a material change in the objects or purposes for which it was incorporated, or the restrictions on the businesses or activities that it may carry on, as set out in its articles.</Text></Section><Section type="transitional"><MarginalNote>Amalgamation authorized</MarginalNote><Label>252</Label><Subsection type="transitional"><Label>(1)</Label><Text>For the purposes of paragraph 90(1)(e) of the <XRefExternal reference-type="act">Financial Administration Act</XRefExternal> and despite section 14 of <XRefExternal reference-type="act">An Act to incorporate St. Mary’s River Bridge Company</XRefExternal>, the amalgamation of the following corporations with each other is authorized, the amalgamation of any of the following corporations with the corporation that results from the amalgamation of two or three of the other corporations is authorized and the amalgamation of any of the following corporations with any corporation that results from the amalgamation of two of the other corporations with the third corporation is authorized:</Text><Paragraph type="transitional"><Label>(a)</Label><Text>The Federal Bridge Corporation Limited;</Text></Paragraph><Paragraph type="transitional"><Label>(b)</Label><Text>St. Mary’s River Bridge Company;</Text></Paragraph><Paragraph type="transitional"><Label>(c)</Label><Text>The Seaway International Bridge Corporation, Ltd.; and</Text></Paragraph><Paragraph type="transitional"><Label>(d)</Label><Text>Blue Water Bridge Authority.</Text></Paragraph></Subsection><Subsection type="transitional"><MarginalNote>Transitional</MarginalNote><Label>(2)</Label><Text>The chief executive officer and the members of the board of directors of The Federal Bridge Corporation Limited continue as the chief executive officer and members of the board of directors, respectively, of</Text><Paragraph type="transitional"><Label>(a)</Label><Text>the corporation that results from the amalgamation of The Federal Bridge Corporation Limited with either or both of the corporations referred to in paragraphs (1)(b) and (c); and</Text></Paragraph><Paragraph type="transitional"><Label>(b)</Label><Text>the corporation that results from the amalgamation of either of the corporations referred to in paragraphs (1)(b) and (c) with the corporation that results from the amalgamation of The Federal Bridge Corporation Limited with the other of the corporations referred to in those paragraphs, if The Federal Bridge Corporation Limited amalgamated with only one of them.</Text></Paragraph></Subsection></Section><Section type="transitional"><MarginalNote>Amalgamated corporation an agent</MarginalNote><Label>253</Label><Text>An amalgamated corporation is an agent of Her Majesty in right of Canada.</Text><HistoricalNote>2013, c. 40, s. 253; 2014, c. 39, ss. 263, 264.</HistoricalNote></Section><Section type="transitional"><MarginalNote>Contracts</MarginalNote><Label>254</Label><Text>An amalgamated corporation may enter into contracts with Her Majesty as though it were not an agent of Her Majesty.</Text><HistoricalNote>2013, c. 40, s. 254; 2014, c. 39, ss. 263, 264.</HistoricalNote></Section><Section type="transitional"><MarginalNote>Borrowing authorized</MarginalNote><Label>255</Label><Text>An amalgamated corporation may borrow money otherwise than from the Crown, including by means of the issuance, sale and pledge of bonds, debentures, notes or other evidence of indebtedness, as long as the total principal amount of those borrowings that is outstanding does not exceed $130,000,000 at any time.</Text><HistoricalNote>2013, c. 40, s. 255; 2014, c. 39, ss. 263, 264.</HistoricalNote></Section><Section type="transitional"><MarginalNote>Charges</MarginalNote><Label>256</Label><Subsection type="transitional"><Label>(1)</Label><Text>An amalgamated corporation may fix and charge tolls, fees or other charges for the use of a bridge or tunnel that it owns or operates.</Text></Subsection><Subsection type="transitional"><MarginalNote>Authorization by amalgamated corporation</MarginalNote><Label>(2)</Label><Text>An amalgamated corporation may authorize another person to fix or charge tolls, fees or other charges for the use of such a bridge or tunnel.</Text></Subsection><HistoricalNote>2013, c. 40, s. 256; 2014, c. 39, ss. 263, 264.</HistoricalNote></Section><Section type="transitional"><MarginalNote>Auditor</MarginalNote><Label>257</Label><Text>The Auditor General of Canada is the auditor of an amalgamated corporation.</Text><HistoricalNote>2013, c. 40, s. 257; 2014, c. 39, ss. 263, 264.</HistoricalNote></Section><Section type="transitional"><MarginalNote>No compensation</MarginalNote><Label>258</Label><Text>Despite the provisions of any contract, agreement or order, no person who is appointed to hold office as a part-time member of the board of directors of The Federal Bridge Corporation Limited, of a corporation that results from an amalgamation referred to in subsection 252(2) or of Blue Water Bridge Authority has any right to claim or receive any compensation, damages, indemnity or other form of relief from Her Majesty in right of Canada or from any employee or agent of Her Majesty for ceasing to hold that office or for the abolition of that office following any amalgamation referred to in subsection 252(1).</Text><HistoricalNote>2013, c. 40, s. 258; 2014, c. 39, ss. 263, 264.</HistoricalNote></Section><Section type="transitional"><MarginalNote><XRefExternal reference-type="act">Financial Administration Act</XRefExternal></MarginalNote><Label>259</Label><Text>For the purposes of Part I of Sched­ule III to the <XRefExternal reference-type="act">Financial Administration Act</XRefExternal>, the reference in that Part to The Federal Bridge Corporation Limited is deemed to be a reference to the name of any corporation that results from an amalgamation referred to in subsection 252(1), if that name is “The Federal Bridge Corporation Limited”.</Text><HistoricalNote>2013, c. 40, s. 259; 2014, c. 39, ss. 263, 264.</HistoricalNote></Section><Section type="transitional"><MarginalNote><XRefExternal reference-type="act">Payments in Lieu of Taxes Act</XRefExternal></MarginalNote><Label>260</Label><Text>For the purposes of Schedule III to the <XRefExternal reference-type="act">Payments in Lieu of Taxes Act</XRefExternal>, the reference in that Schedule to The Federal Bridge Corporation Limited is deemed to be a reference to the name of any corporation that results from an amalgamation referred to in subsection 252(1), if that name is “The Federal Bridge Corporation Limited”.</Text><HistoricalNote>2013, c. 40, s. 260; 2014, c. 39, ss. 263, 264.</HistoricalNote></Section><Heading level="3"><TitleText>Consequential Amendments</TitleText></Heading><Heading level="4"><TitleText><XRefExternal reference-type="act">Financial Administration Act</XRefExternal></TitleText></Heading><Section><Label>261</Label><Text>[Amendment]</Text></Section><Heading level="4"><TitleText><XRefExternal reference-type="act">Canada Marine Act</XRefExternal></TitleText></Heading><Section><Label>262</Label><Text>[Amendment]</Text></Section><Heading level="4"><TitleText><XRefExternal reference-type="act">International Bridges and Tunnels Act</XRefExternal></TitleText></Heading><Section><Label>263</Label><Text>[Amendment]</Text></Section><Heading level="3"><TitleText>Repeals</TitleText></Heading><Section><Label>264</Label><Text>[Repeal]</Text></Section><Section><Label>265</Label><Text>[Repeal]</Text></Section><Section><Label>266</Label><Text>[Repeal]</Text></Section><Section><Label>267</Label><Text>[Repeal]</Text></Section><Section><Label>268</Label><Text>[Repeal]</Text></Section><Heading level="3"><TitleText>Coming into Force</TitleText></Heading><Section type="transitional"><MarginalNote>Order in council</MarginalNote><Label><FootnoteRef idref="fn_Ind1A84_hq_15136">*</FootnoteRef>269</Label><Text>Sections 261 to 263 and 266 to 268 come into force on a day or days to be fixed by order of the Governor in Council.</Text><Footnote id="fn_Ind1A84_hq_15136" placement="section" status="editorial"><Label>*</Label><Text>[Note: Sections 261 and 268 in force February 1, 2015, <Emphasis style="italic">see</Emphasis> SI/2015-10.]</Text></Footnote><HistoricalNote>2013, c. 40, s. 269; 2014, c. 39, s. 265.</HistoricalNote></Section><Heading level="2"><Label>DIVISION 9</Label><TitleText><XRefExternal reference-type="act">Financial Administration Act</XRefExternal></TitleText></Heading><Section><Label>270</Label><Text>[Amendment]</Text></Section><Heading level="2"><Label>DIVISION 10</Label><TitleText><XRefExternal reference-type="act">National Research Council Act</XRefExternal></TitleText></Heading><Section><Label>271</Label><Text>[Amendment]</Text></Section><Section><Label>272</Label><Text>[Amendment]</Text></Section><Section><Label>273</Label><Text>[Amendment]</Text></Section><Section><Label>274</Label><Text>[Amendment]</Text></Section><Section><Label>275</Label><Text>[Amendment]</Text></Section><Heading level="2"><Label>DIVISION 11</Label><TitleText><XRefExternal reference-type="act">Veterans Review and Appeal Board Act</XRefExternal></TitleText></Heading><Section><Label>276</Label><Text>[Amendment]</Text></Section><Heading level="2"><Label>DIVISION 12</Label><TitleText><XRefExternal reference-type="act">Canada Pension Plan Investment Board Act</XRefExternal></TitleText></Heading><Heading level="3"><TitleText>Amendments to the Act</TitleText></Heading><Section><Label>277</Label><Text>[Amendments]</Text></Section><Heading level="3"><TitleText>Coming into Force</TitleText></Heading><Section type="transitional"><MarginalNote>Order in council</MarginalNote><Label><FootnoteRef idref="fn_Ind15B9_hq_13122">*</FootnoteRef>278</Label><Text>Section <XRefInternal>277</XRefInternal> comes into force, in accordance with subsection 114(4) of the <XRefExternal reference-type="act">Canada Pension Plan</XRefExternal>, on a day to be fixed by order of the Governor in Council.</Text><Footnote id="fn_Ind15B9_hq_13122" placement="section" status="editorial"><Label>*</Label><Text>[Note: Section 277 in force October 9, 2014, <Emphasis style="italic">see</Emphasis> SI/2014-82.]</Text></Footnote></Section><Heading level="2"><Label>DIVISION 13</Label><TitleText><XRefExternal reference-type="act">Proceeds of Crime (Money Laundering) and Terrorist Financing Act</XRefExternal></TitleText></Heading><Heading level="3"><TitleText>Amendments to the Act</TitleText></Heading><Section><Label>279</Label><Text>[Amendment]</Text></Section><Section><Label>280</Label><Text>[Amendment]</Text></Section><Heading level="3"><TitleText>Coordinating Amendments</TitleText></Heading><Section><Label>281</Label><Text>[Amendments]</Text></Section><Heading level="2"><Label>DIVISION 14</Label><TitleText><XRefExternal reference-type="act">Mackenzie Gas Project Impacts Fund Act</XRefExternal></TitleText></Heading><Heading level="3"><TitleText>Enactment of Act</TitleText></Heading><Section type="amending"><MarginalNote>Enactment</MarginalNote><Label>282</Label><Text>The <XRefExternal reference-type="act">Mackenzie Gas Project Impacts Fund Act</XRefExternal>, whose text is as follows and whose schedule is set out in the schedule to this Act, is enacted:</Text><Note status="editorial">[See <XRefExternal reference-type="act">Mackenzie Gas Project Impacts Fund Act</XRefExternal>]</Note></Section><Heading level="3"><TitleText>Consequential Amendments</TitleText></Heading><Heading level="4"><TitleText><XRefExternal reference-type="act">Access to Information Act</XRefExternal></TitleText></Heading><Section><Label>283</Label><Text>[Amendment]</Text></Section><Heading level="4"><TitleText><XRefExternal reference-type="act">Financial Administration Act</XRefExternal></TitleText></Heading><Section><Label>284</Label><Text>[Amendment]</Text></Section><Heading level="4"><TitleText><XRefExternal reference-type="act">Privacy Act</XRefExternal></TitleText></Heading><Section><Label>285</Label><Text>[Amendment]</Text></Section><Heading level="4"><TitleText><XRefExternal reference-type="act">Budget Implementation Act, 2006</XRefExternal></TitleText></Heading><Section><Label>286</Label><Text>[Amendment]</Text></Section><Heading level="3"><TitleText>Repeal</TitleText></Heading><Section><Label>287</Label><Text>[Repeal]</Text></Section><Heading level="2"><Label>DIVISION 15</Label><TitleText><XRefExternal reference-type="act">Conflict of Interest Act</XRefExternal></TitleText></Heading><Section><Label>288</Label><Text>[Amendments]</Text></Section><Section><Label>289</Label><Text>[Amendment]</Text></Section><Heading level="2"><Label>DIVISION 16</Label><TitleText><XRefExternal reference-type="act">Immigration and Refugee Protection Act</XRefExternal></TitleText></Heading><Heading level="3"><TitleText>Amendments to the Act</TitleText></Heading><Section><Label>290</Label><Text>[Amendment]</Text></Section><Section><Label>291</Label><Text>[Amendment]</Text></Section><Section><Label>292</Label><Text>[Amendments]</Text></Section><Heading level="3"><TitleText>Coming into Force</TitleText></Heading><Section type="transitional"><MarginalNote>Order in council</MarginalNote><Label><FootnoteRef idref="fn_Ind640C_hq_13124">*</FootnoteRef>293</Label><Text>The provisions of this Division come into force on a day or days to be fixed by order of the Governor in Council.</Text><Footnote id="fn_Ind640C_hq_13124" placement="section" status="editorial"><Label>*</Label><Text>[Note: Sections 290 to 292 in force January 1, 2015, <Emphasis style="italic">see</Emphasis> SI/2014-99.]</Text></Footnote></Section><Heading level="2"><Label>DIVISION 17</Label><TitleText><XRefExternal reference-type="act">Public Service Labour Relations</XRefExternal></TitleText></Heading><Heading level="3"><TitleText><XRefExternal reference-type="act">Public Service Labour Relations Act</XRefExternal></TitleText></Heading><Heading level="4"><TitleText>Amendments to the Act</TitleText></Heading><Section><Label>294</Label><Text>[Amendments]</Text></Section><Section><Label>295</Label><Text>[Amendment]</Text></Section><Section><Label>296</Label><Text>[Amendment]</Text></Section><Section><Label>297</Label><Text>[Amendments]</Text></Section><Section><Label>298</Label><Text>[Amendment]</Text></Section><Section><Label>299</Label><Text>[Amendment]</Text></Section><Section><Label>300</Label><Text>[Amendment]</Text></Section><Section><Label>301</Label><Text>[Amendment]</Text></Section><Section><Label>302</Label><Text>[Amendment]</Text></Section><Section><Label>303</Label><Text>[Amendment]</Text></Section><Section><Label>304</Label><Text>[Amendments]</Text></Section><Section><Label>305</Label><Text>[Amendment]</Text></Section><Section><Label>306</Label><Text>[Amendment]</Text></Section><Section><Label>307</Label><Text>[Amendments]</Text></Section><Section><Label>308</Label><Text>[Amendment]</Text></Section><Section><Label>309</Label><Text>[Amendment]</Text></Section><Section><Label>310</Label><Text>[Amendment]</Text></Section><Section><Label>311</Label><Text>[Amendment]</Text></Section><Section><Label>312</Label><Text>[Amendment]</Text></Section><Section><Label>313</Label><Text>[Amendment]</Text></Section><Section><Label>314</Label><Text>[Amendment]</Text></Section><Section><Label>315</Label><Text>[Amendment]</Text></Section><Section><Label>316</Label><Text>[Amendments]</Text></Section><Section><Label>317</Label><Text>[Amendment]</Text></Section><Section><Label>318</Label><Text>[Amendment]</Text></Section><Section><Label>319</Label><Text>[Amendments]</Text></Section><Section><Label>320</Label><Text>[Amendment]</Text></Section><Section><Label>321</Label><Text>[Amendment]</Text></Section><Section><Label>322</Label><Text>[Amendments]</Text></Section><Section><Label>323</Label><Text>[Amendments]</Text></Section><Section><Label>324</Label><Text>[Amendment]</Text></Section><Section><Label>325</Label><Text>[Amendments]</Text></Section><Section><Label>326</Label><Text>[Amendments]</Text></Section><Section><Label>327</Label><Text>[Amendment]</Text></Section><Section><Label>328</Label><Text>[Amendment]</Text></Section><Section><Label>329</Label><Text>[Amendment]</Text></Section><Section><Label>330</Label><Text>[Amendment]</Text></Section><Section><Label>331</Label><Text>[Amendment]</Text></Section><Section><Label>332</Label><Text>[Amendment]</Text></Section><Section><Label>333</Label><Subsection><Label>(1)</Label><Text><Repealed>[Repealed, 2014, c. 39, s. 282]</Repealed></Text></Subsection><Subsection><Label>(2)</Label><Text>[Amendment]</Text></Subsection></Section><Section><Label>334</Label><Text>[Amendment]</Text></Section><Section><Label>335</Label><Text>[Amendment]</Text></Section><Section><Label>336</Label><Text>[Amendments]</Text></Section><Section><Label>337</Label><Text>[Amendment]</Text></Section><Heading level="4"><TitleText>Transitional Provisions</TitleText></Heading><Section type="transitional"><Label>338</Label><Text>[Transitional Provision]</Text></Section><Section type="transitional"><Label>339</Label><Text>[Transitional Provision]</Text></Section><Heading level="3"><TitleText><XRefExternal reference-type="act">Canadian Human Rights Act</XRefExternal></TitleText></Heading><Heading level="4"><TitleText>Amendments to the Act</TitleText></Heading><Section><Label>340</Label><Text>[Amendment]</Text></Section><Heading level="4"><TitleText>Transitional Provision</TitleText></Heading><Section type="transitional"><Label>341</Label><Text>[Transitional Provision]</Text></Section><Heading level="3"><TitleText><XRefExternal reference-type="act">Public Service Employment Act</XRefExternal></TitleText></Heading><Heading level="4"><TitleText>Amendments to the Act</TitleText></Heading><Section><Label>342</Label><Text>[Amendments]</Text></Section><Section><Label>343</Label><Text>[Amendment]</Text></Section><Section><Label>344</Label><Text>[Amendment]</Text></Section><Section><Label>345</Label><Text>[Amendment]</Text></Section><Section><Label>346</Label><Text>[Amendment]</Text></Section><Section><Label>347</Label><Text>[Amendment]</Text></Section><Section><Label>348</Label><Text>[Amendment]</Text></Section><Section><Label>349</Label><Text>[Amendments]</Text></Section><Section><Label>350</Label><Text>[Amendment]</Text></Section><Section><Label>351</Label><Text>[Amendment]</Text></Section><Section><Label>352</Label><Text>[Amendment]</Text></Section><Section><Label>353</Label><Text>[Amendment]</Text></Section><Section><Label>354</Label><Text>[Amendment]</Text></Section><Section><Label>355</Label><Text>[Amendment]</Text></Section><Section><Label>356</Label><Text>[Amendment]</Text></Section><Section><Label>357</Label><Text>[Amendment]</Text></Section><Section><Label>358</Label><Text>[Amendment]</Text></Section><Section><Label>359</Label><Text>[Amendments]</Text></Section><Heading level="4"><TitleText>Transitional Provision</TitleText></Heading><Section type="transitional"><Label>360</Label><Text>[Transitional Provision]</Text></Section><Heading level="3"><TitleText><XRefExternal reference-type="act">Public Sector Equitable Compensation Act</XRefExternal></TitleText></Heading><Section><Label>361</Label><Text>[Amendment]</Text></Section><Section><Label>362</Label><Text>[Amendment]</Text></Section><Heading level="3"><TitleText>Coordinating Amendments</TitleText></Heading><Section><Label>363</Label><Text>[Amendments]</Text></Section><Heading level="3"><TitleText>Coming into Force</TitleText></Heading><Section type="transitional"><MarginalNote>Subsections <XRefInternal>307</XRefInternal>(2) and <XRefInternal>316</XRefInternal>(2)</MarginalNote><Label>364</Label><Subsection type="transitional"><Label><FootnoteRef idref="fn_IndE4BE_hq_13125">*</FootnoteRef>(1)</Label><Text>Subsections <XRefInternal>307</XRefInternal>(2) and <XRefInternal>316</XRefInternal>(2) come into force on the day on which section 17 of the <XRefExternal reference-type="act">Public Sector Equitable Compensation Act</XRefExternal> comes into force.</Text><Footnote id="fn_IndE4BE_hq_13125" placement="section" status="editorial"><Label>*</Label><Text>[Note: Subsections 307(2) and 316(2) not in force.]</Text></Footnote></Subsection><Subsection type="transitional"><MarginalNote>Sections <XRefInternal>325</XRefInternal> to <XRefInternal>336</XRefInternal>, <XRefInternal>340</XRefInternal> and <XRefInternal>342</XRefInternal> to <XRefInternal>359</XRefInternal></MarginalNote><Label><FootnoteRef idref="fn_IndE4BE_hq_13126">*</FootnoteRef>(2)</Label><Text>Sections <XRefInternal>325</XRefInternal> to <XRefInternal>336</XRefInternal>, <XRefInternal>340</XRefInternal> and <XRefInternal>342</XRefInternal> to <XRefInternal>359</XRefInternal> come into force on a day to be fixed by order of the Governor in Council.</Text><Footnote id="fn_IndE4BE_hq_13126" placement="section" status="editorial"><Label>*</Label><Text>[Note: Sections 225 to 336, 340 and 342 to 359 not in force.]</Text></Footnote></Subsection></Section><Heading level="2"><Label>DIVISION 18</Label><TitleText>Reorganization of Federal Public Service Labour Relations and Employment Boards</TitleText></Heading><Heading level="3"><TitleText><XRefExternal reference-type="act">Public Service Labour Relations and Employment Board Act</XRefExternal></TitleText></Heading><Section type="amending"><MarginalNote>Enactment of Act</MarginalNote><Label>365</Label><Text>The <XRefExternal reference-type="act">Public Service Labour Relations and Employment Board Act</XRefExternal> is enacted as follows:</Text><Note status="editorial">[See <XRefExternal reference-type="act">Public Service Labour Relations and Employment Board Act</XRefExternal>]</Note></Section><Heading level="3"><TitleText><XRefExternal reference-type="act">Public Service Labour Relations Act</XRefExternal></TitleText></Heading><Heading level="4"><TitleText>Amendments to the Act</TitleText></Heading><Section><Label>366</Label><Text>[Amendments]</Text></Section><Section><Label>367</Label><Text>[Amendment]</Text></Section><Section><Label>368</Label><Text>[Amendment]</Text></Section><Section><Label>369</Label><Text>[Amendment]</Text></Section><Section><Label>370</Label><Text>[Amendment]</Text></Section><Section><Label>371</Label><Text>[Amendment]</Text></Section><Section><Label>372</Label><Text>[Amendment]</Text></Section><Section><Label>373</Label><Text>[Amendment]</Text></Section><Section><Label>374</Label><Text>[Amendment]</Text></Section><Section><Label>375</Label><Text>[Amendment]</Text></Section><Section><Label>376</Label><Text>[Amendment]</Text></Section><Section><Label>377</Label><Text>[Amendment]</Text></Section><Section><Label>378</Label><Text>[Amendment]</Text></Section><Section><Label>379</Label><Text>[Amendment]</Text></Section><Section><Label>380</Label><Text>[Amendment]</Text></Section><Section><Label>381</Label><Text>[Amendment]</Text></Section><Section><Label>382</Label><Text>[Amendment]</Text></Section><Section><Label>383</Label><Text>[Amendment]</Text></Section><Section><Label>384</Label><Text>[Amendments]</Text></Section><Section><Label>385</Label><Text>[Amendment]</Text></Section><Section><Label>386</Label><Text>[Amendment]</Text></Section><Section><Label>387</Label><Text>[Amendment]</Text></Section><Section><Label>388</Label><Text><Repealed>[Repealed before coming into force, 2013, c. 40, s. 467]</Repealed></Text></Section><Section><Label>389</Label><Text>[Amendment]</Text></Section><Section><Label>390</Label><Text>[Amendment]</Text></Section><Heading level="4"><TitleText>Transitional Provisions</TitleText></Heading><Section type="transitional"><Label>391</Label><Text>[Transitional Provision]</Text></Section><Section type="transitional"><Label>392</Label><Text>[Transitional Provision]</Text></Section><Section type="transitional"><Label>393</Label><Text>[Transitional Provision]</Text></Section><Section type="transitional"><Label>394</Label><Text>[Transitional Provision]</Text></Section><Section type="transitional"><Label>395</Label><Text>[Transitional Provision]</Text></Section><Section type="transitional"><Label>396</Label><Text>[Transitional Provision]</Text></Section><Section type="transitional"><Label>397</Label><Text>[Transitional Provision]</Text></Section><Section type="transitional"><Label>398</Label><Text>[Transitional Provision]</Text></Section><Section type="transitional"><Label>399</Label><Text>[Transitional Provision]</Text></Section><Section type="transitional"><Label>400</Label><Text>[Transitional Provision]</Text></Section><Section type="transitional"><Label>401</Label><Text>[Transitional Provision]</Text></Section><Section type="transitional"><Label>402</Label><Text>[Transitional Provision]</Text></Section><Heading level="3"><TitleText><XRefExternal reference-type="act">Public Service Employment Act</XRefExternal></TitleText></Heading><Heading level="4"><TitleText>Amendments to the Act</TitleText></Heading><Section><Label>403</Label><Text>[Amendments]</Text></Section><Section><Label>404</Label><Text>[Amendments]</Text></Section><Section><Label>405</Label><Text>[Amendment]</Text></Section><Section><Label>406</Label><Text>[Amendment]</Text></Section><Section><Label>407</Label><Text>[Amendment]</Text></Section><Section><Label>408</Label><Text>[Amendment]</Text></Section><Section><Label>409</Label><Text>[Amendment]</Text></Section><Section><Label>410</Label><Text>[Amendment]</Text></Section><Section><Label>411</Label><Text>[Amendment]</Text></Section><Section><Label>412</Label><Text>[Amendment]</Text></Section><Section><Label>413</Label><Text>[Amendment]</Text></Section><Section><Label>414</Label><Text>[Amendment]</Text></Section><Heading level="4"><TitleText>Transitional Provisions</TitleText></Heading><Section type="transitional"><Label>415</Label><Text>[Transitional Provision]</Text></Section><Section type="transitional"><Label>416</Label><Text>[Transitional Provision]</Text></Section><Section type="transitional"><Label>417</Label><Text>[Transitional Provision]</Text></Section><Section type="transitional"><Label>418</Label><Text>[Transitional Provision]</Text></Section><Section type="transitional"><Label>419</Label><Text>[Transitional Provision]</Text></Section><Section type="transitional"><Label>420</Label><Text>[Transitional Provision]</Text></Section><Section type="transitional"><Label>421</Label><Text>[Transitional Provision]</Text></Section><Section type="transitional"><Label>422</Label><Text>[Transitional Provision]</Text></Section><Section type="transitional"><Label>423</Label><Text>[Transitional Provision]</Text></Section><Section type="transitional"><Label>424</Label><Text>[Transitional Provision]</Text></Section><Heading level="3"><TitleText><XRefExternal reference-type="act">Parliamentary Employment and Staff Relations Act</XRefExternal></TitleText></Heading><Heading level="4"><TitleText>Amendments to the Act</TitleText></Heading><Section><Label>425</Label><Text>[Amendment]</Text></Section><Section><Label>426</Label><Text>[Amendment]</Text></Section><Section><Label>427</Label><Text>[Amendments]</Text></Section><Section><Label>428</Label><Text>[Amendments]</Text></Section><Section><Label>429</Label><Text>[Amendment]</Text></Section><Section><Label>430</Label><Text>[Amendment]</Text></Section><Section><Label>431</Label><Text>[Amendment]</Text></Section><Section><Label>432</Label><Text>[Amendment]</Text></Section><Section><Label>433</Label><Text>[Amendment]</Text></Section><Section><Label>434</Label><Text>[Amendment]</Text></Section><Section><Label>435</Label><Text>[Amendment]</Text></Section><Section><Label>436</Label><Text>[Amendment]</Text></Section><Section><Label>437</Label><Text>[Amendment]</Text></Section><Heading level="4"><TitleText>Transitional Provision</TitleText></Heading><Section type="transitional"><Label>438</Label><Text>[Transitional Provision]</Text></Section><Heading level="3"><TitleText><XRefExternal reference-type="act">Federal Courts Act</XRefExternal></TitleText></Heading><Heading level="4"><TitleText>Amendment to the Act</TitleText></Heading><Section><Label>439</Label><Text>[Amendment]</Text></Section><Heading level="4"><TitleText>Transitional Provision</TitleText></Heading><Section type="transitional"><Label>440</Label><Text>[Transitional Provision]</Text></Section><Heading level="3"><TitleText><XRefExternal reference-type="act">Public Sector Equitable Compensation Act</XRefExternal></TitleText></Heading><Heading level="4"><TitleText>Amendment to the Act</TitleText></Heading><Section><Label>441</Label><Text>[Amendment]</Text></Section><Section><Label>442</Label><Text>[Amendment]</Text></Section><Section><Label>443</Label><Text>[Amendment]</Text></Section><Section><Label>444</Label><Text>[Amendment]</Text></Section><Heading level="4"><TitleText>Transitional Provision</TitleText></Heading><Section type="transitional"><Label>445</Label><Text>[Transitional Provision]</Text></Section><Heading level="3"><TitleText>Consequential Amendments</TitleText></Heading><Heading level="4"><TitleText><XRefExternal reference-type="act">Access to Information Act</XRefExternal></TitleText></Heading><Section><Label>446</Label><Text>[Amendment]</Text></Section><Section><Label>447</Label><Text><Repealed>[Repealed before coming into force, 2014, c. 20, s. 475]</Repealed></Text></Section><Heading level="4"><TitleText><XRefExternal reference-type="act">Canada Evidence Act</XRefExternal></TitleText></Heading><Section><Label>448</Label><Text>[Amendment]</Text></Section><Heading level="4"><TitleText><XRefExternal reference-type="act">Canadian Security Intelligence Service Act</XRefExternal></TitleText></Heading><Section><Label>449</Label><Text>[Amendment]</Text></Section><Heading level="4"><TitleText><XRefExternal reference-type="act">Financial Administration Act</XRefExternal></TitleText></Heading><Section><Label>450</Label><Text>[Amendment]</Text></Section><Section><Label>451</Label><Text>[Amendment]</Text></Section><Section><Label>452</Label><Text><Repealed>[Repealed before coming into force, 2014, c. 20, s. 476]</Repealed></Text></Section><Section><Label>453</Label><Text>[Amendment]</Text></Section><Section><Label>454</Label><Text>[Amendment]</Text></Section><Section><Label>455</Label><Text><Repealed>[Repealed before coming into force, 2014, c. 20, s. 477]</Repealed></Text></Section><Section><Label>456</Label><Text>[Amendment]</Text></Section><Section><Label>457</Label><Text>[Amendment]</Text></Section><Section><Label>458</Label><Text><Repealed>[Repealed before coming into force, 2014, c. 20, s. 478]</Repealed></Text></Section><Heading level="4"><TitleText><XRefExternal reference-type="act">Privacy Act</XRefExternal></TitleText></Heading><Section><Label>459</Label><Text>[Amendment]</Text></Section><Section><Label>460</Label><Text><Repealed>[Repealed before coming into force, 2014, c. 20, s. 479]</Repealed></Text></Section><Heading level="4"><TitleText><XRefExternal reference-type="act">Public Service Superannuation Act</XRefExternal></TitleText></Heading><Section><Label>461</Label><Text>[Amendment]</Text></Section><Section><Label>462</Label><Text>[Amendment]</Text></Section><Section><Label>463</Label><Text>[Amendment]</Text></Section><Heading level="4"><TitleText><XRefExternal reference-type="act">Public Sector Compensation Act</XRefExternal></TitleText></Heading><Section><Label>464</Label><Text>[Amendment]</Text></Section><Section><Label>465</Label><Text>[Amendment]</Text></Section><Heading level="4"><TitleText><XRefExternal reference-type="act">Status of the Artist Act</XRefExternal></TitleText></Heading><Section><Label>466</Label><Text>[Amendment]</Text></Section><Heading level="3"><TitleText>Coordinating Amendments</TitleText></Heading><Section><Label>467</Label><Text>[Amendments]</Text></Section><Section><Label>468</Label><Text>[Amendments]</Text></Section><Section><Label>469</Label><Text>[Amendments]</Text></Section><Heading level="3"><TitleText>Coming into Force</TitleText></Heading><Section type="transitional"><MarginalNote>Order in council</MarginalNote><Label><FootnoteRef idref="fn_IndE839_hq_13129">*</FootnoteRef>470</Label><Text>Sections <XRefInternal>365</XRefInternal> to <XRefInternal>466</XRefInternal>, and the provisions of any Act as they are enacted by this Division, come into force on a day or days to be fixed by order of the Governor in Council.</Text><Footnote id="fn_IndE839_hq_13129" placement="section" status="editorial"><Label>*</Label><Text>[Note: Sections 365 to 466, and the provisions of any Act as they are enacted by this Division, in force November 1, 2014, <Emphasis style="italic">see</Emphasis> SI/2014-84.]</Text></Footnote></Section><Heading level="2"><Label>DIVISION 19</Label><TitleText><XRefExternal reference-type="act">Supreme Court Act</XRefExternal></TitleText></Heading><Section><Label>471</Label><Text>[Amendment]</Text></Section><Section><Label>472</Label><Text>[Amendment]</Text></Section></Body><Schedule bilingual="no" spanlanguages="no"><ScheduleFormHeading type="amending"><Label>SCHEDULE</Label><OriginatingRef>(Section <XRefInternal>282</XRefInternal>)</OriginatingRef></ScheduleFormHeading><Note status="editorial">[See <XRefExternal reference-type="act">Mackenzie Gas Project Impacts Fund Act</XRefExternal>]</Note></Schedule><Schedule id="RelatedProvs"><ScheduleFormHeading type="amending"><TitleText>RELATED PROVISIONS</TitleText></ScheduleFormHeading><BillPiece><Heading level="5" style="nifrp"><TitleText>
                    — 2017, c. 9, s. 55(2)</TitleText></Heading><Section><MarginalNote>Other references</MarginalNote><Label>55</Label><Subsection><Label>(2)</Label><Text>Unless the context requires otherwise, every reference to the <XRefExternal reference-type="act">Public Service Labour Relations Act</XRefExternal> in any provision of an Act of Parliament other than a provision referred to in subsection (1) is to be read as a reference to the <XRefExternal reference-type="act">Federal Public Sector Labour Relations Act</XRefExternal>.</Text></Subsection></Section><Heading level="5" style="nifrp"><TitleText>
                    — 2017, c. 9, s. 56(2)</TitleText></Heading><Section><MarginalNote>Other references</MarginalNote><Label>56</Label><Subsection><Label>(2)</Label><Text>Unless the context requires otherwise, every reference to the <XRefExternal reference-type="act">Public Service Labour Relations and Employment Board Act</XRefExternal> in any provision of an Act of Parliament other than a provision referred to in subsection (1) is to be read as a reference to the <XRefExternal reference-type="act">Federal Public Sector Labour Relations and Employment Board Act</XRefExternal>.</Text></Subsection></Section></BillPiece></Schedule></Statute>