﻿<?xml version="1.0" encoding="utf-8"?><!--Arbortext, Inc., 1988-2004, v.4002--><!DOCTYPE Statute PUBLIC "-//Justice Canada//DTD Statute v2.0.0//EN" "Dtd/Version_2.0.0/Statute/Statute.dtd"><Statute bill-origin="commons" bill-type="govt-public" xml:lang="en" in-force="yes"><Identification><BillNumber>C-22</BillNumber><Parliament><Session>1</Session><Number>41</Number><RegnalYear><Year-s>60</Year-s><Monarch>Elizabeth II</Monarch></RegnalYear><Year-s>2011</Year-s></Parliament><LongTitle>An Act to give effect to the Agreement between the Crees of Eeyou Istchee and Her Majesty the Queen in right of Canada concerning the Eeyou Marine Region</LongTitle><ShortTitle status="official">Eeyou Marine Region Land Claims Agreement Act</ShortTitle><RunningHead>Eeyou Marine Region Land Claims Agreement</RunningHead><BillHistory><Stages stage="consolidation"><Date><YYYY>2018</YYYY><MM>08</MM><DD>20</DD></Date></Stages><Stages stage="assented-to"><Date><YYYY>2011</YYYY><MM>11</MM><DD>29</DD></Date></Stages></BillHistory><Chapter><ConsolidatedNumber official="no">E-1.5</ConsolidatedNumber><AnnualStatuteId><AnnualStatuteNumber>20</AnnualStatuteNumber><YYYY>2011</YYYY></AnnualStatuteId></Chapter><BillRefNumber date-time="2011-11-4">90576</BillRefNumber></Identification><Introduction><Preamble salutation="no"><Provision format-ref="indent-0-0" language-align="yes" list-item="no"><MarginalNote>Preamble</MarginalNote><Text>Recognizing that</Text><Provision format-ref="indent-0-0" list-item="yes"><Text>the Crees of Eeyou Istchee assert aboriginal rights in and title to the Eeyou Marine Region as defined in the Agreement;</Text></Provision><Provision format-ref="indent-0-0" list-item="yes"><Text>the Eeyou Marine Region is a fundamental and integral component of Eeyou Istchee as defined in the Agreement;</Text></Provision><Provision format-ref="indent-0-0" list-item="yes"><Text>the Crees of Eeyou Istchee are an aboriginal people of Canada;</Text></Provision><Provision format-ref="indent-0-0" list-item="yes"><Text>the <XRefExternal reference-type="act">Constitution Act, 1982</XRefExternal> recognizes and affirms the existing aboriginal and treaty rights of the aboriginal peoples of Canada;</Text></Provision><Provision format-ref="indent-0-0" list-item="yes"><Text>the Crees of Eeyou Istchee, as represented by the Grand Council of the Crees, and the Government of Canada have negotiated the Agreement;</Text></Provision><Provision format-ref="indent-0-0" list-item="yes"><Text>the Crees of Eeyou Istchee, by a vote held from March 15 to 26, 2010, have approved the Agreement;</Text></Provision><Provision format-ref="indent-0-0" list-item="yes"><Text>the Agreement was signed on behalf of the Crees of Eeyou Istchee and Her Majesty the Queen in right of Canada on July 7, 2010; and</Text></Provision><Provision format-ref="indent-0-0" list-item="yes"><Text>the Agreement requires that legislation be enacted by the Parliament of Canada in order for the Agreement to be ratified;</Text></Provision></Provision></Preamble><Enacts><Provision format-ref="indent-0-0" language-align="yes"><Text>Now, therefore, Her Majesty, by and with the advice and consent of the Senate and House of Commons of Canada, enacts as follows:</Text></Provision></Enacts></Introduction><Body><Heading level="1"><TitleText>Short Title</TitleText></Heading><Section><MarginalNote>Short title</MarginalNote><Label>1</Label><Text>This Act may be cited as the <XRefExternal reference-type="act">Eeyou Marine Region Land Claims Agreement Act</XRefExternal>.</Text></Section><Heading level="1"><TitleText>Interpretation</TitleText></Heading><Section><MarginalNote>Definition of <DefinedTermEn>Agreement</DefinedTermEn></MarginalNote><Label>2</Label><Subsection><Label>(1)</Label><Text>In this Act, <DefinedTermEn>Agreement</DefinedTermEn> means the Agreement between the Crees of Eeyou Istchee and Her Majesty the Queen in right of Canada concerning the Eeyou Marine Region, signed on July 7, 2010, including any amendments made to it.</Text></Subsection><Subsection><MarginalNote>Definitions in Agreement</MarginalNote><Label>(2)</Label><Text>In this Act, <DefinedTermEn>Crees of Eeyou Istchee</DefinedTermEn> and <DefinedTermEn>Legislation</DefinedTermEn> have the same meaning as in Chapter 1 of the Agreement, and <DefinedTermEn>Grand Council of the Crees</DefinedTermEn> has the same meaning as <DefinedTermEn>Grand Council of the Crees (Eeyou Istchee)</DefinedTermEn> in that Chapter.</Text></Subsection></Section><Section><MarginalNote>Status of Agreement</MarginalNote><Label>3</Label><Text>The Agreement is a treaty within the meaning of sections 25 and 35 of the <XRefExternal reference-type="act">Constitution Act, 1982</XRefExternal>.</Text></Section><Heading level="1"><TitleText>Her Majesty</TitleText></Heading><Section><MarginalNote>Act binding on Her Majesty</MarginalNote><Label>4</Label><Text>This Act is binding on Her Majesty in right of Canada or a province so as to give effect to the Agreement in accordance with its terms.</Text></Section><Heading level="1"><TitleText>Agreement</TitleText></Heading><Section><MarginalNote>Agreement given effect</MarginalNote><Label>5</Label><Subsection><Label>(1)</Label><Text>The Agreement is approved, given effect and declared valid.</Text></Subsection><Subsection><MarginalNote>Rights and obligations</MarginalNote><Label>(2)</Label><Text>For greater certainty, any person or body has the powers, rights, privileges and benefits conferred on them by the Agreement and must perform the duties, and is subject to the liabilities, imposed on them by the Agreement.</Text></Subsection><Subsection><MarginalNote>Third parties</MarginalNote><Label>(3)</Label><Text>The Agreement is binding on, and may be relied on by, all persons and bodies that are not parties to it.</Text></Subsection></Section><Section><MarginalNote>Inconsistency with Agreement</MarginalNote><Label>6</Label><Subsection><Label>(1)</Label><Text>The Agreement prevails over this Act and other Legislation to the extent of an inconsistency or conflict between them.</Text></Subsection><Subsection><MarginalNote>Inconsistency with Act</MarginalNote><Label>(2)</Label><Text>This Act prevails over other Legislation to the extent of an inconsistency or conflict between them.</Text></Subsection></Section><Section><MarginalNote>Legal capacity</MarginalNote><Label>7</Label><Subsection><Label>(1)</Label><Text>The Eeyou Marine Region Planning Commission, the Eeyou Marine Region Wildlife Board and the Eeyou Marine Region Impact Review Board established by the Agreement each have the capacity, rights, powers and privileges of a natural person for the purposes of carrying out their objectives.</Text></Subsection><Subsection><MarginalNote>Not agents of Her Majesty</MarginalNote><Label>(2)</Label><Text>The bodies referred to in subsection (1) are not agents of Her Majesty in right of Canada.</Text></Subsection></Section><Heading level="1"><TitleText>Appropriation</TitleText></Heading><Section><MarginalNote>Payments out of C.R.F.</MarginalNote><Label>8</Label><Text>The sums that are required to meet the monetary obligations of Her Majesty in right of Canada under Chapters 13, 22, 23 and 25 of the Agreement are to be paid out of the Consolidated Revenue Fund.</Text></Section><Heading level="1"><TitleText>General</TitleText></Heading><Section><MarginalNote>Judicial notice</MarginalNote><Label>9</Label><Subsection><Label>(1)</Label><Text>Judicial notice is to be taken of the Agreement.</Text></Subsection><Subsection><MarginalNote>Publication</MarginalNote><Label>(2)</Label><Text>The Agreement is to be published by the Queen’s Printer.</Text></Subsection><Subsection><MarginalNote>Evidence</MarginalNote><Label>(3)</Label><Text>A copy of the Agreement published by the Queen’s Printer is evidence of the Agreement and of its contents, and a copy purporting to be published by the Queen’s Printer is presumed to be so published unless the contrary is shown.</Text></Subsection></Section><Section><MarginalNote>Notice of issues arising</MarginalNote><Label>10</Label><Subsection><Label>(1)</Label><Text>If an issue arises in any judicial or administrative proceeding in respect of the interpretation, validity or application of the Agreement or of this Act, the issue is not to be decided unless the party raising it has served notice on the Attorney General of Canada and the Grand Council of the Crees.</Text></Subsection><Subsection><MarginalNote>Notice of issues arising — Nunavut</MarginalNote><Label>(2)</Label><Text>If the issue affects the interests of the Government of Nunavut, it is not to be decided unless the party raising it has also served notice on the Minister of Justice of Nunavut.</Text></Subsection><Subsection><MarginalNote>Content of notice</MarginalNote><Label>(3)</Label><Text>The notice must</Text><Paragraph><Label>(a)</Label><Text>describe the judicial or administrative proceeding in which the issue arises;</Text></Paragraph><Paragraph><Label>(b)</Label><Text>specify what the issue arises in respect of;</Text></Paragraph><Paragraph><Label>(c)</Label><Text>state the day on which the issue is to be argued;</Text></Paragraph><Paragraph><Label>(d)</Label><Text>give particulars necessary to show the point to be argued; and</Text></Paragraph><Paragraph><Label>(e)</Label><Text>be served at least 14 days before the day of argument, unless the court or tribunal authorizes a shorter period.</Text></Paragraph></Subsection><Subsection><MarginalNote>Participation in proceedings</MarginalNote><Label>(4)</Label><Text>In any proceeding to which subsection (1) applies, the Attorney General of Canada and the Grand Council of the Crees — and, if subsection (2) applies, the Minister of Justice of Nunavut — may appear and participate in the proceeding as parties with the same rights as any other party.</Text></Subsection><Subsection><MarginalNote>Saving</MarginalNote><Label>(5)</Label><Text>For greater certainty, subsections (3) and (4) do not require that an oral hearing be held if one is not otherwise required.</Text></Subsection></Section><Section><MarginalNote><XRefExternal reference-type="act">Statutory Instruments Act</XRefExternal></MarginalNote><Label>11</Label><Text>An instrument made under the Agreement is not a statutory instrument for the purposes of the <XRefExternal reference-type="act">Statutory Instruments Act</XRefExternal>.</Text></Section><Section><MarginalNote>Orders and regulations</MarginalNote><Label>12</Label><Text>The Governor in Council may make any orders and regulations that are necessary for the purpose of carrying out any of the provisions of the Agreement.</Text></Section><Section><MarginalNote>Review by Grand Council of the Crees</MarginalNote><Label>13</Label><Subsection><Label>(1)</Label><Text>Within 10 years after this Act receives royal assent, a review of the implementation of this Act and the Agreement may be undertaken by the Grand Council of the Crees.</Text></Subsection><Subsection><MarginalNote>Report</MarginalNote><Label>(2)</Label><Text>The Grand Council of the Crees may submit a report on any review undertaken under subsection (1) to the Minister referred to in subsection 14(1).</Text></Subsection><Subsection><MarginalNote>Tabling of report</MarginalNote><Label>(3)</Label><Text>The Minister must cause any report submitted under subsection (2) to be laid before each House of Parliament on any of the first 15 days on which that House is sitting after the Minister receives it.</Text></Subsection></Section><Section><MarginalNote>Review by Minister</MarginalNote><Label>14</Label><Subsection><Label>(1)</Label><Text>Within 10 years after this Act receives royal assent, a comprehensive review of the implementation of this Act and the Agreement must be undertaken by the Minister designated by the Governor in Council for the purposes of this Act.</Text></Subsection><Subsection><MarginalNote>Tabling of report</MarginalNote><Label>(2)</Label><Text>The Minister must cause a report on the review to be laid before each House of Parliament on any of the first 15 days on which that House is sitting after the report is completed.</Text></Subsection></Section><Heading level="1"><TitleText>Coming into Force</TitleText></Heading><Section><MarginalNote>Order in council</MarginalNote><Label><FootnoteRef idref="fn_Ind510D_hq_11616">*</FootnoteRef>15</Label><Text>This Act comes into force on a day to be fixed by order of the Governor in Council.</Text><Footnote id="fn_Ind510D_hq_11616" placement="section" status="editorial"><Label>*</Label><Text>[Note: Act in force February 15, 2012, <Emphasis style="italic">see</Emphasis> SI/2012-5.]</Text></Footnote></Section></Body></Statute>