﻿<?xml version="1.0" encoding="utf-8"?><!DOCTYPE Statute PUBLIC "-//Justice Canada//DTD Statute v2.0.0//EN" "Dtd/Version_2.0.0/Statute/Statute.dtd"><Statute bill-origin="commons" bill-type="govt-public" xml:lang="en" in-force="yes"><Identification><LongTitle>An Act respecting the Department of the Environment</LongTitle><ShortTitle status="official">Department of the Environment Act</ShortTitle><RunningHead>Department of the Environment</RunningHead><BillHistory><Stages stage="consolidation"><Date><YYYY>2018</YYYY><MM>08</MM><DD>20</DD></Date></Stages></BillHistory><Chapter><ConsolidatedNumber official="yes">E-10</ConsolidatedNumber></Chapter></Identification><Body><Heading level="1"><TitleText>Short Title</TitleText></Heading><Section><MarginalNote>Short title</MarginalNote><Label>1</Label><Text>This Act may be cited as the <XRefExternal reference-type="act">Department of the Environment Act</XRefExternal>.</Text><HistoricalNote>R.S., c. 14(2nd Supp.), s. 2.</HistoricalNote></Section><Heading level="1"><TitleText>Establishment of the Department</TitleText></Heading><Section><MarginalNote>Department established</MarginalNote><Label>2</Label><Subsection><Label>(1)</Label><Text>There is hereby established a department of the Government of Canada called the Department of the Environment over which the Minister of the Environment appointed by commission under the Great Seal shall preside.</Text></Subsection><Subsection><MarginalNote>Minister</MarginalNote><Label>(2)</Label><Text>The Minister holds office during pleasure and has the management and direction of the Department.</Text></Subsection><HistoricalNote>R.S., c. 14(2nd Supp.), s. 3; 1978-79, c. 13, s. 13.</HistoricalNote></Section><Section><MarginalNote>Deputy head</MarginalNote><Label>3</Label><Text>The Governor in Council may appoint an officer called the Deputy Minister of the Environment to hold office during pleasure and to be the deputy head of the Department.</Text><HistoricalNote>R.S., c. 14(2nd Supp.), s. 4.</HistoricalNote></Section><Heading level="1"><TitleText>Powers, Duties and Functions of the Minister</TitleText></Heading><Section><MarginalNote>Powers, duties and functions of Minister</MarginalNote><Label>4</Label><Subsection><Label>(1)</Label><Text>The powers, duties and functions of the Minister extend to and include all matters over which Parliament has jurisdiction, not by law assigned to any other department, board or agency of the Government of Canada, relating to</Text><Paragraph><Label>(a)</Label><Text>the preservation and enhancement of the quality of the natural environment, including water, air and soil quality;</Text></Paragraph><Paragraph><Label>(b)</Label><Text>renewable resources, including migratory birds and other non-domestic flora and fauna;</Text></Paragraph><Paragraph><Label>(c)</Label><Text>water;</Text></Paragraph><Paragraph><Label>(d)</Label><Text>meteorology;</Text></Paragraph><Paragraph><Label>(e)</Label><Text>notwithstanding paragraph 4(2)(g) of the <XRefExternal reference-type="act">Department of Health Act</XRefExternal>, the enforcement of any rules or regulations made by the International Joint Commission, promulgated pursuant to the treaty between the United States of America and His Majesty, King Edward VII, relating to boundary waters and questions arising between the United States and Canada, in so far as they relate to the preservation and enhancement of the quality of the natural environment; and</Text></Paragraph><Paragraph><Label>(f)</Label><Text>the coordination of the policies and programs of the Government of Canada respecting the preservation and enhancement of the quality of the natural environment.</Text></Paragraph><Paragraph><Label>(g) and (h)</Label><Text><Repealed>[Repealed, 1995, c. 11, s. 18]</Repealed></Text></Paragraph></Subsection><Subsection><MarginalNote>Idem</MarginalNote><Label>(2)</Label><Text>The powers, duties and functions of the Minister also extend to and include such other matters, relating to the environment and over which Parliament has jurisdiction, as are by law assigned to the Minister.</Text></Subsection><HistoricalNote>R.S., 1985, c. E-10, s. 4; 1995, c. 11, s. 18; 1996, c. 8, s. 19.</HistoricalNote></Section><Section><MarginalNote>Idem re preservation and enhancement of environmental quality</MarginalNote><Label>5</Label><Text>The Minister, in exercising his powers and carrying out his duties and functions under section 4, shall</Text><Paragraph><Label>(a)</Label><Text>initiate, recommend and undertake programs, and coordinate programs of the Government of Canada that are designed</Text><Subparagraph><Label>(i)</Label><Text>to promote the establishment or adoption of objectives or standards relating to environmental quality, or to control pollution,</Text></Subparagraph><Subparagraph><Label>(ii)</Label><Text>to ensure that new federal projects, programs and activities are assessed early in the planning process for potential adverse effects on the quality of the natural environment and that a further review is carried out of those projects, programs, and activities that are found to have probable significant adverse effects, and the results thereof taken into account, and</Text></Subparagraph><Subparagraph><Label>(iii)</Label><Text>to provide to Canadians environmental information in the public interest;</Text></Subparagraph></Paragraph><Paragraph><Label>(b)</Label><Text>promote and encourage the institution of practices and conduct leading to the better preservation and enhancement of environmental quality, and cooperate with provincial governments or agencies thereof, or any bodies, organizations or persons, in any programs having similar objects; and</Text></Paragraph><Paragraph><Label>(c)</Label><Text>advise the heads of departments, boards and agencies of the Government of Canada on all matters pertaining to the preservation and enhancement of the quality of the natural environment.</Text></Paragraph><HistoricalNote>R.S., c. 14(2nd Supp.), s. 6; 1978-79, c. 13, s. 14.</HistoricalNote></Section><Heading level="1"><TitleText>Guidelines by Order</TitleText></Heading><Section><MarginalNote>Guidelines related to environmental quality</MarginalNote><Label>6</Label><Text>For the purposes of carrying out his duties and functions related to environmental quality, the Minister may, by order, with the approval of the Governor in Council, establish guidelines for use by departments, boards and agencies of the Government of Canada and, where appropriate, by corporations named in Schedule III to the <XRefExternal reference-type="act">Financial Administration Act</XRefExternal> and regulatory bodies in the exercise of their powers and the carrying out of their duties and functions.</Text><HistoricalNote>R.S., c. 14(2nd Supp.), s. 6; 1978-79, c. 13, s. 14; 1984, c. 31, s. 14.</HistoricalNote></Section><Heading level="1"><TitleText>Agreements</TitleText></Heading><Section><MarginalNote>Agreements</MarginalNote><Label>7</Label><Text>The Minister may, with the approval of the Governor in Council, enter into agreements with the government of any province or any agency thereof respecting the carrying out of programs for which the Minister is responsible.</Text><HistoricalNote>R.S., c. 14(2nd Supp.), s. 6; 1978-79, c. 13, s. 14.</HistoricalNote></Section><Heading level="1"><TitleText>Annual Report</TitleText></Heading><Section><MarginalNote>Annual report</MarginalNote><Label>8</Label><Text>The Minister shall, on or before January 31 next following the end of each fiscal year or, if Parliament is not then sitting, on any of the first five days next thereafter that either House of Parliament is sitting, submit to Parliament a report showing the operations of the Department for that fiscal year.</Text><HistoricalNote>R.S., c. 14(2nd Supp.), s. 7; 1978-79, c. 13, s. 14.</HistoricalNote></Section></Body></Statute>