﻿<?xml version="1.0" encoding="utf-8"?><!DOCTYPE Statute PUBLIC "-//Justice Canada//DTD Statute v2.0.0//EN" "Dtd/Version_2.0.0/Statute/Statute.dtd"><Statute bill-origin="commons" bill-type="govt-public" xml:lang="en" in-force="yes"><Identification><LongTitle>An Act respecting experimental farm stations</LongTitle><ShortTitle status="official">Experimental Farm Stations Act</ShortTitle><RunningHead>Experimental Farm Stations</RunningHead><BillHistory><Stages stage="consolidation"><Date><YYYY>2018</YYYY><MM>08</MM><DD>20</DD></Date></Stages></BillHistory><Chapter><ConsolidatedNumber official="yes">E-16</ConsolidatedNumber></Chapter></Identification><Body><Heading level="1"><TitleText>Short Title</TitleText></Heading><Section><MarginalNote>Short title</MarginalNote><Label>1</Label><Text>This Act may be cited as the <XRefExternal reference-type="act">Experimental Farm Stations Act</XRefExternal>.</Text><HistoricalNote>R.S., c. E-14, s. 1.</HistoricalNote></Section><Heading level="1"><TitleText>Interpretation</TitleText></Heading><Section><MarginalNote>Definitions</MarginalNote><Label>2</Label><Text>In this Act,</Text><Definition><MarginalNote><DefinedTermEn>farm station</DefinedTermEn></MarginalNote><MarginalNote><DefinedTermFr>station</DefinedTermFr></MarginalNote><Text><DefinedTermEn>farm station</DefinedTermEn> means an experimental farm station established under this Act;</Text></Definition><Definition><MarginalNote><DefinedTermEn>Minister</DefinedTermEn></MarginalNote><MarginalNote><DefinedTermFr>ministre</DefinedTermFr></MarginalNote><Text><DefinedTermEn>Minister</DefinedTermEn> means the Minister of Agriculture and Agri-Food.</Text></Definition><HistoricalNote>R.S., 1985, c. E-16, s. 2; 1994, c. 38, s. 25.</HistoricalNote></Section><Heading level="1"><TitleText>Establishment of Farm Stations</TitleText></Heading><Section><MarginalNote>Principal and regional farm stations</MarginalNote><Label>3</Label><Subsection><Label>(1)</Label><Text>The Governor in Council may establish a farm station for</Text><Paragraph><Label>(a)</Label><Text>the Provinces of Ontario and Quebec jointly, which shall be the principal or central farm station;</Text></Paragraph><Paragraph><Label>(b)</Label><Text>the Provinces of Nova Scotia, New Brunswick and Prince Edward Island jointly;</Text></Paragraph><Paragraph><Label>(c)</Label><Text>the Province of British Columbia;</Text></Paragraph><Paragraph><Label>(d)</Label><Text>the Province of Manitoba;</Text></Paragraph><Paragraph><Label>(e)</Label><Text>the Provinces of Saskatchewan and Alberta and the Northwest Territories and Nunavut jointly; and</Text></Paragraph><Paragraph><Label>(f)</Label><Text>the Province of Newfoundland and Labrador.</Text></Paragraph></Subsection><Subsection><MarginalNote>Control of farm stations</MarginalNote><Label>(2)</Label><Text>Farm stations shall be under the direction and control of the Minister, subject to such regulations as are made by the Governor in Council.</Text></Subsection><HistoricalNote>R.S., 1985, c. E-16, s. 3; 1993, c. 28, s. 78; 2015, c. 3, s. 172.</HistoricalNote></Section><Section><MarginalNote>Land for farm stations</MarginalNote><Label>4</Label><Text>The Governor in Council may, for the purpose of establishing farm stations,</Text><Paragraph><Label>(a)</Label><Text>acquire an extent of land in the vicinity of the seat of Government, for the central farm station, and an extent of land in any one of the Provinces of Nova Scotia, New Brunswick or Prince Edward Island, and an extent of land in the Province of British Columbia, for the farm stations mentioned in paragraphs 3(1)(b) and (c);</Text></Paragraph><Paragraph><Label>(b)</Label><Text>set apart in the Province of Manitoba, and in any one of the Provinces of Saskatchewan and Alberta and the Northwest Territories and Nunavut, such tracts of unoccupied available public lands, being the property of Canada, as are necessary for the farm stations mentioned in paragraphs 3(1)(d) and (e); and</Text></Paragraph><Paragraph><Label>(c)</Label><Text>acquire such other areas of land as may be necessary for the establishment of such other farm stations, or for additions to existing farm stations, as may be considered advisable and in the public interest.</Text></Paragraph><HistoricalNote>R.S., 1985, c. E-16, s. 4; 1993, c. 28, s. 78.</HistoricalNote></Section><Section><MarginalNote>Land for tree planting and timber</MarginalNote><Label>5</Label><Text>The Governor in Council may set apart, for the purpose of tree planting and timber growing, tracts of land in each of</Text><Paragraph><Label>(a)</Label><Text>that portion of the Province of British Columbia known as the Railway Belt,</Text></Paragraph><Paragraph><Label>(b)</Label><Text>the Province of Manitoba,</Text></Paragraph><Paragraph><Label>(c)</Label><Text>the Province of Saskatchewan,</Text></Paragraph><Paragraph><Label>(d)</Label><Text>the Province of Alberta,</Text></Paragraph><Paragraph><Label>(e)</Label><Text>the Northwest Territories, and</Text></Paragraph><Paragraph><Label>(f)</Label><Text>Nunavut,</Text></Paragraph><ContinuedSectionSubsection><Text>not exceeding ten sections in any of the areas listed in paragraphs (a) to (e).</Text></ContinuedSectionSubsection><HistoricalNote>R.S., 1985, c. E-16, s. 5; 1993, c. 28, s. 78.</HistoricalNote></Section><Section><MarginalNote><XRefExternal reference-type="act">Expropriation Act</XRefExternal> to apply</MarginalNote><Label>6</Label><Text>For the purpose of the acquiring of lands for the purposes of this Act, all the powers respecting the acquiring and taking possession of land conferred by the <XRefExternal reference-type="act">Expropriation Act</XRefExternal> are hereby conferred on the Minister, and all the provisions of that Act respecting the compensation to be awarded for lands acquired thereunder apply to lands acquired under this Act.</Text><HistoricalNote>R.S., c. E-14, s. 6; R.S., c. 16 (1st supp.), s. 43.</HistoricalNote></Section><Heading level="1"><TitleText>Staff</TitleText></Heading><Section><MarginalNote>Director and employees</MarginalNote><Label>7</Label><Subsection><Label>(1)</Label><Text>A director and such other officers, clerks and employees as are necessary for each farm station may be appointed in the manner authorized by law to hold office during pleasure.</Text></Subsection><Subsection><MarginalNote>Salaries</MarginalNote><Label>(2)</Label><Text>The salaries of the director and other officers, clerks and employees of each farm station shall be fixed according to the scale therefor provided by law.</Text></Subsection><HistoricalNote>R.S., c. E-14, s. 7.</HistoricalNote></Section><Heading level="1"><TitleText>Duties of Officers</TitleText></Heading><Section><MarginalNote>Duties of officers</MarginalNote><Label>8</Label><Text>Such officers of each farm station as are charged with the duty by the Minister shall</Text><Paragraph><Label>(a)</Label><Text>conduct research and verify experiments designed to test the relative value, for all purposes, of different breeds of stock and their adaptability to the varying climatic or other conditions that prevail in the various provinces and in the Northwest Territories and Nunavut;</Text></Paragraph><Paragraph><Label>(b)</Label><Text>study the economic questions involved in the production of butter and cheese;</Text></Paragraph><Paragraph><Label>(c)</Label><Text>test the merits, hardiness and adaptability of new or untried varieties of wheat or other cereals, and of field crops, grasses and forage-plants, fruits, vegetables, plants and trees, and distribute among persons engaged in farming, gardening or fruit growing, on such conditions as are prescribed by the Minister, samples of the surplus of such products as are considered to be specially worthy of introduction;</Text></Paragraph><Paragraph><Label>(d)</Label><Text>analyse fertilizers, whether natural or artificial, and conduct experiments with those fertilizers, in order to test their comparative value as applied to crops of different kinds;</Text></Paragraph><Paragraph><Label>(e)</Label><Text>study the composition and digestibility of foods for domestic animals;</Text></Paragraph><Paragraph><Label>(f)</Label><Text>conduct experiments in the planting of trees for timber and for shelter;</Text></Paragraph><Paragraph><Label>(g)</Label><Text>study the diseases to which cultivated plants and trees are subject and the ravages of destructive insects, and ascertain and test the most useful preventives and remedies to be used in each case;</Text></Paragraph><Paragraph><Label>(h)</Label><Text>study the diseases to which domestic animals are subject;</Text></Paragraph><Paragraph><Label>(i)</Label><Text>ascertain the vitality and purity of agricultural seeds; and</Text></Paragraph><Paragraph><Label>(j)</Label><Text>conduct any other experiments and research bearing on the agricultural industry of Canada that are approved by the Minister.</Text></Paragraph><HistoricalNote>R.S., 1985, c. E-16, s. 8; 1993, c. 28, s. 78.</HistoricalNote></Section><Section><MarginalNote>Quarterly reports</MarginalNote><Label>9</Label><Text>The officer in charge of each farm station, or such other officer at each farm station as the Minister designates, shall, for the purpose of making the results of the work done thereat immediately useful, prepare and transmit through the director of that farm station to the Minister, for publication, at least once in every three months, a bulletin or progress report.</Text><HistoricalNote>R.S., c. E-14, s. 10.</HistoricalNote></Section><Section><MarginalNote>Annual report</MarginalNote><Label>10</Label><Text>The officer in charge of each farm station shall prepare and transmit through the director of that farm station to the Minister, on or before December 31 in each year, a full and detailed report of the work accomplished and of the revenue and expenditure at that farm station, which report shall be laid before both Houses of Parliament within the first twenty-one days of the next session.</Text><HistoricalNote>R.S., c. E-14, s. 12.</HistoricalNote></Section></Body></Statute>