﻿<?xml version="1.0" encoding="utf-8"?><!DOCTYPE Statute PUBLIC "-//Justice Canada//DTD Statute v2.0.0//EN" "Dtd/Version_2.0.0/Statute/Statute.dtd"><Statute bill-origin="commons" bill-type="govt-public" xml:lang="en" in-force="yes"><Identification><LongTitle>An Act respecting the Department of Foreign Affairs and International Trade</LongTitle><ShortTitle status="official">Department of Foreign Affairs and International Trade Act</ShortTitle><RunningHead>Foreign Affairs and International Trade</RunningHead><BillHistory><Stages stage="consolidation"><Date><YYYY>2018</YYYY><MM>08</MM><DD>20</DD></Date></Stages></BillHistory><Chapter><ConsolidatedNumber official="yes">E-22</ConsolidatedNumber></Chapter></Identification><Repealed>[Repealed, 2013, c. 33, s. 199]</Repealed><Body><Heading level="1"><TitleText>Short Title</TitleText><Note>[Repealed, 2013, c. 33, s. 199]</Note></Heading><Section><Label>1</Label><Text><Repealed>[Repealed, 2013, c. 33, s. 199]</Repealed></Text></Section><Heading level="1"><TitleText>Continuation of the Department</TitleText><Note>[Repealed, 2013, c. 33, s. 199]</Note></Heading><Section><Label>2</Label><Text><Repealed>[Repealed, 2013, c. 33, s. 199]</Repealed></Text></Section><Heading level="1"><TitleText>Additional Ministers</TitleText><Note>[Repealed, 2013, c. 33, s. 199]</Note></Heading><Section><Label>3</Label><Text><Repealed>[Repealed, 2013, c. 33, s. 199]</Repealed></Text></Section><Section><Label>4</Label><Text><Repealed>[Repealed, 2013, c. 33, s. 199]</Repealed></Text></Section><Section><Label>5</Label><Text><Repealed>[Repealed, 2013, c. 33, s. 199]</Repealed></Text></Section><Heading level="1"><TitleText>Committees</TitleText><Note>[Repealed, 2013, c. 33, s. 199]</Note></Heading><Section><Label>6</Label><Text><Repealed>[Repealed, 2013, c. 33, s. 199]</Repealed></Text></Section><Heading level="1"><TitleText>Officers of the Department</TitleText><Note>[Repealed, 2013, c. 33, s. 199]</Note></Heading><Section><Label>7</Label><Text><Repealed>[Repealed, 2013, c. 33, s. 199]</Repealed></Text></Section><Section><Label>8</Label><Text><Repealed>[Repealed, 2013, c. 33, s. 199]</Repealed></Text></Section><Section><Label>9</Label><Text><Repealed>[Repealed, 2013, c. 33, s. 199]</Repealed></Text></Section><Heading level="1"><TitleText>Powers, Duties and Functions of the Minister</TitleText><Note>[Repealed, 2013, c. 33, s. 199]</Note></Heading><Section><Label>10</Label><Text><Repealed>[Repealed, 2013, c. 33, s. 199]</Repealed></Text></Section><Heading level="1"><TitleText>Fees for Documents</TitleText><Note>[Repealed, 2013, c. 33, s. 199]</Note></Heading><Section><Label>10.1</Label><Text><Repealed>[Repealed, 2013, c. 33, s. 199]</Repealed></Text></Section><Heading level="1"><TitleText>Agreements with Provinces</TitleText><Note>[Repealed, 2013, c. 33, s. 199]</Note></Heading><Section><Label>11</Label><Text><Repealed>[Repealed, 2013, c. 33, s. 199]</Repealed></Text></Section><Heading level="1"><TitleText>Minister for International Trade</TitleText><Note>[Repealed, 2013, c. 33, s. 199]</Note></Heading><Section><Label>12</Label><Text><Repealed>[Repealed, 2013, c. 33, s. 199]</Repealed></Text></Section><Heading level="1"><TitleText>Heads of Missions</TitleText><Note>[Repealed, 2013, c. 33, s. 199]</Note></Heading><Section><Label>13</Label><Text><Repealed>[Repealed, 2013, c. 33, s. 199]</Repealed></Text></Section><Section><Label>14</Label><Text><Repealed>[Repealed, 1995, c. 5, s. 10]</Repealed></Text></Section></Body></Statute>