﻿<?xml version="1.0" encoding="utf-8"?><!DOCTYPE Statute PUBLIC "-//Justice Canada//DTD Statute v2.0.0//EN" "Dtd/Version_2.0.0/Statute/Statute.dtd"><Statute bill-origin="commons" bill-type="govt-public" xml:lang="en" in-force="yes"><Identification><LongTitle>An Act to establish the Financial Consumer Agency of Canada and to amend certain Acts in relation to financial institutions</LongTitle><ShortTitle status="official">Financial Consumer Agency of Canada Act</ShortTitle><RunningHead>Financial Consumer Agency of Canada</RunningHead><BillHistory><Stages stage="assented-to"><Date><YYYY>2001</YYYY><MM>6</MM><DD>14</DD></Date></Stages><Stages stage="consolidation"><Date><YYYY>2018</YYYY><MM>08</MM><DD>20</DD></Date></Stages></BillHistory><Chapter><ConsolidatedNumber official="no">F-11.1</ConsolidatedNumber><AnnualStatuteId revised-statute="no"><AnnualStatuteNumber>9</AnnualStatuteNumber><YYYY>2001</YYYY></AnnualStatuteId></Chapter></Identification><Introduction><Enacts><Provision language-align="no" format-ref="indent-0-0"><Text>Her Majesty, by and with the advice and consent of the Senate and House of Commons of Canada, enacts as follows:</Text></Provision></Enacts></Introduction><Body><Heading level="1"><TitleText>Short Title</TitleText></Heading><Section><MarginalNote>Short title</MarginalNote><Label>1</Label><Text>This Act may be cited as the <XRefExternal reference-type="act">Financial Consumer Agency of Canada Act</XRefExternal>.</Text></Section><Heading level="1"><TitleText>Interpretation</TitleText></Heading><Section><MarginalNote>Definitions</MarginalNote><Label>2</Label><Text>The following definitions apply in this section and in sections 3 to 34.</Text><Definition><MarginalNote><DefinedTermEn>Agency</DefinedTermEn></MarginalNote><MarginalNote><DefinedTermFr>Agence</DefinedTermFr></MarginalNote><Text><DefinedTermEn>Agency</DefinedTermEn> means the Financial Consumer Agency of Canada established under section 3.</Text></Definition><Definition><MarginalNote><DefinedTermEn>bank holding company</DefinedTermEn></MarginalNote><MarginalNote><DefinedTermFr>société de portefeuille bancaire</DefinedTermFr></MarginalNote><Text><DefinedTermEn>bank holding company</DefinedTermEn> means a bank holding company as defined in section 2 of the <XRefExternal reference-type="act">Bank Act</XRefExternal>;</Text></Definition><Definition><MarginalNote><DefinedTermEn>Commissioner</DefinedTermEn></MarginalNote><MarginalNote><DefinedTermFr>commissaire</DefinedTermFr></MarginalNote><Text><DefinedTermEn>Commissioner</DefinedTermEn> means the Commissioner of the Agency appointed under section 4.</Text></Definition><Definition><MarginalNote><DefinedTermEn>consumer provision</DefinedTermEn></MarginalNote><MarginalNote><DefinedTermFr>disposition visant les consommateurs</DefinedTermFr></MarginalNote><Text><DefinedTermEn>consumer provision</DefinedTermEn> means</Text><Paragraph><Label>(a)</Label><Text>paragraphs 157(2)(e) and (f), sections 273.1 and 413.1, subsection 418.1(3), sections 439.1 to 459.5, subsections 540(2) and (3) and 545(4) and (5), paragraphs 545(6)(b) and (c), subsection 552(3) and sections 559 to 576.3 of the <XRefExternal reference-type="act">Bank Act</XRefExternal> together with any regulations made under or for the purposes of those provisions;</Text></Paragraph><Paragraph><Label>(a.1)</Label><Text>sections 992 to 1003 of the <XRefExternal reference-type="act">Bank Act</XRefExternal> as those sections apply to any notice, document or other information that is required under the provisions referred to in paragraph (a);</Text></Paragraph><Paragraph><Label>(b)</Label><Text>paragraphs 167(2)(f) and (g), subsection 382.2(3) and sections 385.05 to 385.28 of the <XRefExternal reference-type="act">Cooperative Credit Associations Act</XRefExternal> together with any regulations made under or for the purposes of those provisions;</Text></Paragraph><Paragraph><Label>(b.1)</Label><Text>sections 487.01 to 487.12 of the <XRefExternal reference-type="act">Cooperative Credit Associations Act</XRefExternal> as those sections apply to any notice, document or other information that is required under the provisions referred to in paragraph (b);</Text></Paragraph><Paragraph><Label>(c)</Label><Text>paragraphs 165(2)(f) and (g), subsection 469.1(3), sections 479 to 489.3, subsection 542.061(3) and sections 598 to 607.2 of the <XRefExternal reference-type="act">Insurance Companies Act</XRefExternal> together with any regulations made under or for the purposes of those provisions;</Text></Paragraph><Paragraph><Label>(c.1)</Label><Text>sections 1034 to 1045 of the <XRefExternal reference-type="act">Insurance Companies Act</XRefExternal> as those sections apply to any notice, document or other information that is required under the provisions referred to in paragraph (c);</Text></Paragraph><Paragraph><Label>(d)</Label><Text>paragraphs 161(2)(e) and (f), subsection 418.1(3) and sections 425.1 to 444.3 of the <XRefExternal reference-type="act">Trust and Loan Companies Act</XRefExternal> together with any regulations made under or for the purposes of those provisions;</Text></Paragraph><Paragraph><Label>(d.1)</Label><Text>sections 539.01 to 539.12 of the <XRefExternal reference-type="act">Trust and Loan Companies Act</XRefExternal> as those sections apply to any notice, document or other information that is required under the provisions referred to in paragraph (d); and</Text></Paragraph><Paragraph><Label>(e)</Label><Text>subsection 469.1(3) as set out in paragraph 17(1)(f) of the <XRefExternal reference-type="act">Green Shield Canada Act</XRefExternal> and the provisions referred to in paragraph 17(1)(f.1) of that Act as they apply to Green Shield Canada in accordance with section 17 of that Act together with any regulations made under or for the purposes of those provisions.</Text></Paragraph></Definition><Definition><MarginalNote><DefinedTermEn>Deputy Commissioner</DefinedTermEn></MarginalNote><MarginalNote><DefinedTermFr>commissaire adjoint</DefinedTermFr></MarginalNote><Text><DefinedTermEn>Deputy Commissioner</DefinedTermEn> means a Deputy Commissioner appointed under section 8.</Text></Definition><Definition><MarginalNote><DefinedTermEn>external complaints body</DefinedTermEn></MarginalNote><MarginalNote><DefinedTermFr>organisme externe de traitement des plaintes</DefinedTermFr></MarginalNote><Text><DefinedTermEn>external complaints body</DefinedTermEn> has the same meaning as in section 2 of the <XRefExternal reference-type="act">Bank Act</XRefExternal>.</Text></Definition><Definition><MarginalNote><DefinedTermEn>financial institution</DefinedTermEn></MarginalNote><MarginalNote><DefinedTermFr>institution financière</DefinedTermFr></MarginalNote><Text><DefinedTermEn>financial institution</DefinedTermEn> means</Text><Paragraph><Label>(a)</Label><Text>a bank as defined in section 2 of the <XRefExternal reference-type="act">Bank Act</XRefExternal>;</Text></Paragraph><Paragraph><Label>(b)</Label><Text>an authorized foreign bank as defined in section 2 of the <XRefExternal reference-type="act">Bank Act</XRefExternal>;</Text></Paragraph><Paragraph><Label>(c)</Label><Text>a company to which the <XRefExternal reference-type="act">Trust and Loan Companies Act</XRefExternal> applies;</Text></Paragraph><Paragraph><Label>(d)</Label><Text>a retail association as defined in section 2 of the <XRefExternal reference-type="act">Cooperative Credit Associations Act</XRefExternal>;</Text></Paragraph><Paragraph><Label>(e)</Label><Text>a company or foreign company to which the <XRefExternal reference-type="act">Insurance Companies Act</XRefExternal> applies; and</Text></Paragraph><Paragraph><Label>(f)</Label><Text>Green Shield Canada.</Text></Paragraph></Definition><Definition><MarginalNote><DefinedTermEn>Financial Literacy Leader</DefinedTermEn></MarginalNote><MarginalNote><DefinedTermFr>chef du développement de la littératie financière</DefinedTermFr></MarginalNote><Text><DefinedTermEn>Financial Literacy Leader</DefinedTermEn> means the person appointed under section 4.1.</Text></Definition><Definition><MarginalNote><DefinedTermEn>governing statute</DefinedTermEn></MarginalNote><MarginalNote><DefinedTermFr>loi d’application</DefinedTermFr></MarginalNote><Text><DefinedTermEn>governing statute</DefinedTermEn> means</Text><Paragraph><Label>(a)</Label><Text>in relation to a bank or authorized foreign bank as defined in the <XRefExternal reference-type="act">Bank Act</XRefExternal>, that Act;</Text></Paragraph><Paragraph><Label>(b)</Label><Text>in relation to a retail association to which the <XRefExternal reference-type="act">Cooperative Credit Associations Act</XRefExternal> applies, that Act;</Text></Paragraph><Paragraph><Label>(c)</Label><Text>in relation to a company or foreign company to which the <XRefExternal reference-type="act">Insurance Companies Act</XRefExternal> applies, that Act;</Text></Paragraph><Paragraph><Label>(d)</Label><Text>in relation to a company to which the <XRefExternal reference-type="act">Trust and Loan Companies Act</XRefExternal> applies, that Act; and</Text></Paragraph><Paragraph><Label>(e)</Label><Text>in relation to Green Shield Canada, the <XRefExternal reference-type="act">Green Shield Canada Act</XRefExternal>.</Text></Paragraph></Definition><Definition><MarginalNote><DefinedTermEn>insurance holding company</DefinedTermEn></MarginalNote><MarginalNote><DefinedTermFr>société de portefeuille d’assurances</DefinedTermFr></MarginalNote><Text><DefinedTermEn>insurance holding company</DefinedTermEn> means an insurance holding company as defined in subsection 2(1) of the <XRefExternal reference-type="act">Insurance Companies Act</XRefExternal>.</Text></Definition><Definition><MarginalNote><DefinedTermEn>Minister</DefinedTermEn></MarginalNote><MarginalNote><DefinedTermFr>ministre</DefinedTermFr></MarginalNote><Text><DefinedTermEn>Minister</DefinedTermEn> means the Minister of Finance.</Text></Definition><Definition><MarginalNote><DefinedTermEn>payment card network operator</DefinedTermEn></MarginalNote><MarginalNote><DefinedTermFr>exploitant de réseau de cartes de paiement</DefinedTermFr></MarginalNote><Text><DefinedTermEn>payment card network operator</DefinedTermEn> means an entity, as defined in section 3 of the <XRefExternal reference-type="act">Payment Card Networks Act</XRefExternal>, that operates or manages a payment card network, as defined in that section, including by establishing standards and procedures for the acceptance, transmission or processing of payment transactions and by facilitating the electronic transfer of information and funds.</Text></Definition><Definition><MarginalNote><DefinedTermEn>penalty</DefinedTermEn></MarginalNote><MarginalNote><DefinedTermFr>pénalité</DefinedTermFr></MarginalNote><Text><DefinedTermEn>penalty</DefinedTermEn> means an administrative monetary penalty.</Text></Definition><Definition><MarginalNote><DefinedTermEn>prescribed</DefinedTermEn></MarginalNote><MarginalNote><DefinitionEnOnly>Version anglaise seulement</DefinitionEnOnly></MarginalNote><Text><DefinedTermEn>prescribed</DefinedTermEn> means prescribed by regulation.</Text></Definition><HistoricalNote>2001, c. 9, s. 2; 2009, c. 2, s. 280; 2010, c. 12, s. 1835, c. 25, s. 156; 2012, c. 5, ss. 217, 222; 2013, c. 1, s. 2.</HistoricalNote></Section><Heading level="1"><TitleText>Establishment of Agency</TitleText></Heading><Section><MarginalNote>Establishment</MarginalNote><Label>3</Label><Subsection><Label>(1)</Label><Text>There is hereby established an agency of the Government of Canada called the Financial Consumer Agency of Canada over which the Minister shall preside and for which the Minister shall be responsible.</Text></Subsection><Subsection><MarginalNote>Objects</MarginalNote><Label>(2)</Label><Text>The objects of the Agency are to</Text><Paragraph><Label>(a)</Label><Text>supervise financial institutions and external complaints bodies to determine whether the institution or body is in compliance with</Text><Subparagraph><Label>(i)</Label><Text>the consumer provisions applicable to them, and</Text></Subparagraph><Subparagraph><Label>(ii)</Label><Text>the terms and conditions or undertakings with respect to the protection of customers of financial institutions that the Minister imposes or requires, as the case may be, under an Act listed in Schedule 1 and the directions that the Minister imposes under this Act;</Text></Subparagraph></Paragraph><Paragraph><Label>(b)</Label><Text>promote the adoption by financial institutions and external complaints bodies of policies and procedures designed to implement the provisions, terms and conditions, undertakings or directions referred to in paragraph (a);</Text></Paragraph><Paragraph><Label>(b.1)</Label><Text>promote the adoption by financial institutions of policies and procedures designed to implement</Text><Subparagraph><Label>(i)</Label><Text>voluntary codes of conduct that are designed to protect the interests of their customers, that are adopted by financial institutions and that are publicly available, and</Text></Subparagraph><Subparagraph><Label>(ii)</Label><Text>any public commitments made by them that are designed to protect the interests of their customers;</Text></Subparagraph></Paragraph><Paragraph><Label>(c)</Label><Text>monitor the implementation of voluntary codes of conduct that are designed to protect the interests of customers of financial institutions, that have been adopted by financial institutions and that are publicly available and to monitor any public commitments made by financial institutions that are designed to protect the interests of their customers;</Text></Paragraph><Paragraph><Label>(d)</Label><Text>promote consumer awareness about the obligations of financial institutions and of external complaints bodies under consumer provisions applicable to them and about all matters connected with the protection of consumers of financial products and services; and</Text></Paragraph><Paragraph><Label>(e)</Label><Text>foster, in co-operation with any department, agency or agent corporation of the Government of Canada or of a province, financial institutions and consumer and other organizations, an understanding of financial services and issues relating to financial services;</Text></Paragraph><Paragraph><Label>(f)</Label><Text>monitor and evaluate trends and emerging issues that may have an impact on consumers of financial products and services; and</Text></Paragraph><Paragraph><Label>(g)</Label><Text>collaborate and coordinate its activities with stakeholders to contribute to and support initiatives to strengthen the financial literacy of Canadians.</Text></Paragraph></Subsection><Subsection><MarginalNote>Objects — payment card network operators</MarginalNote><Label>(3)</Label><Text>The objects of the Agency are also to</Text><Paragraph><Label>(a)</Label><Text>supervise payment card network operators to determine whether they are in compliance with the provisions of the <XRefExternal reference-type="act">Payment Card Networks Act</XRefExternal> and its regulations;</Text></Paragraph><Paragraph><Label>(b)</Label><Text>promote the adoption by payment card network operators of policies and procedures designed to implement the provisions of the <XRefExternal reference-type="act">Payment Card Networks Act</XRefExternal> and its regulations;</Text></Paragraph><Paragraph><Label>(c)</Label><Text>monitor the implementation of voluntary codes of conduct that have been adopted by payment card network operators and that are publicly available, and to monitor any public commitments made by them regarding their commercial practices in relation to payment card networks; and</Text></Paragraph><Paragraph><Label>(d)</Label><Text>promote public awareness about the obligations of payment card network operators under a voluntary code of conduct or under the <XRefExternal reference-type="act">Payment Card Networks Act</XRefExternal>.</Text></Paragraph></Subsection><HistoricalNote>2001, c. 9, s. 3; 2010, c. 12, ss. 1836, 1851, c. 25, s. 157; 2013, c. 1, s. 3.</HistoricalNote></Section><Heading level="1"><TitleText>Commissioner of Agency and Financial Literacy Leader</TitleText></Heading><Section><MarginalNote>Appointment of Commissioner</MarginalNote><Label>4</Label><Subsection><Label>(1)</Label><Text>The Governor in Council shall appoint an officer to be called the Commissioner of the Financial Consumer Agency of Canada. The Commissioner has the rank and all the powers of a deputy head of a department.</Text></Subsection><Subsection><MarginalNote>Tenure of office and removal</MarginalNote><Label>(2)</Label><Text>The Commissioner holds office during good behaviour for a term of not more than five years, but may be removed for cause by the Governor in Council.</Text></Subsection><Subsection><MarginalNote>Further terms</MarginalNote><Label>(3)</Label><Text>The Commissioner, on the expiration of any term of office, is eligible to be re-appointed for a further term of office.</Text></Subsection><Subsection><MarginalNote>Absence or incapacity</MarginalNote><Label>(4)</Label><Text>In the event of the absence or incapacity of the Commissioner, or if the office of Commissioner is vacant, the Minister may appoint a qualified person to exercise the powers and perform the duties and functions of the Commissioner, but no person may be so appointed for a term of more than 90 days without the approval of the Governor in Council.</Text></Subsection><Subsection><MarginalNote>Remuneration</MarginalNote><Label>(5)</Label><Text>The Commissioner shall be paid the remuneration fixed by the Governor in Council.</Text></Subsection><Subsection><MarginalNote>Expenses</MarginalNote><Label>(6)</Label><Text>The Commissioner and any person appointed under subsection (4) are entitled to be paid reasonable travel and living expenses incurred in the course of performing their duties while absent from their ordinary place of work.</Text></Subsection><Subsection><MarginalNote>Deemed employment</MarginalNote><Label>(7)</Label><Text>The Commissioner and any person appointed under subsection (4) are deemed to be employed in the public service for the purposes of the <XRefExternal reference-type="act">Public Service Superannuation Act</XRefExternal> and to be employed in the federal public administration for the purposes of the <XRefExternal reference-type="act">Government Employees Compensation Act</XRefExternal> and any regulations made under section 9 of the <XRefExternal reference-type="act">Aeronautics Act</XRefExternal>.</Text></Subsection><HistoricalNote>2001, c. 9, s. 4; 2003, c. 22, s. 169(E).</HistoricalNote></Section><Section><MarginalNote>Appointment of Financial Literacy Leader</MarginalNote><Label>4.1</Label><Subsection><Label>(1)</Label><Text>The Governor in Council shall appoint an officer to be called the Financial Literacy Leader who shall act under the instructions of the Commissioner.</Text></Subsection><Subsection><MarginalNote>Tenure of office and removal</MarginalNote><Label>(2)</Label><Text>The Financial Literacy Leader holds office during pleasure for a term of not more than five years.</Text></Subsection><Subsection><MarginalNote>Further terms</MarginalNote><Label>(3)</Label><Text>The Financial Literacy Leader, on the expiry of any term of office, is eligible to be re-appointed for a further term of office.</Text></Subsection><Subsection><MarginalNote>Absence or incapacity</MarginalNote><Label>(4)</Label><Text>In the event of the absence or incapacity of the Financial Literacy Leader, or if the office of Financial Literacy Leader is vacant, the Minister may appoint a qualified person to exercise the powers and perform the duties and functions of the Financial Literacy Leader, but no person may be so appointed for a term of more than 90 days without the approval of the Governor in Council.</Text></Subsection><Subsection><MarginalNote>Remuneration</MarginalNote><Label>(5)</Label><Text>The Financial Literacy Leader shall be paid the remuneration fixed by the Governor in Council.</Text></Subsection><Subsection><MarginalNote>Expenses</MarginalNote><Label>(6)</Label><Text>The Financial Literacy Leader and any person appointed under subsection (4) are entitled to be paid reasonable travel and living expenses incurred in the course of performing their duties while absent from their ordinary place of work.</Text></Subsection><Subsection><MarginalNote>Deemed employment</MarginalNote><Label>(7)</Label><Text>The Financial Literacy Leader and any person appointed under subsection (4) are deemed to be employed in the public service for the purposes of the <XRefExternal reference-type="act">Public Service Superannuation Act</XRefExternal> and to be employed in the federal public administration for the purposes of the <XRefExternal reference-type="act">Government Employees Compensation Act</XRefExternal> and any regulations made under section 9 of the <XRefExternal reference-type="act">Aeronautics Act</XRefExternal>.</Text></Subsection><HistoricalNote>2013, c. 1, s. 5.</HistoricalNote></Section><Heading level="1"><TitleText>Powers, Duties and Functions of Commissioner and of Financial Literacy Leader</TitleText></Heading><Section><MarginalNote>Powers, duties and functions of the Commissioner</MarginalNote><Label>5</Label><Subsection><Label>(1)</Label><Text>The Commissioner has the powers, duties and functions assigned to the Commissioner by this Act and by the Acts listed in Schedule 1 and shall examine and inquire into, and report to the Minister from time to time on, all matters connected with the administration of this Act and of the consumer provisions of those other Acts.</Text></Subsection><Subsection><MarginalNote>Functions — <XRefExternal reference-type="act">Payment Card Networks Act</XRefExternal></MarginalNote><Label>(1.1)</Label><Text>The Commissioner shall also examine and inquire into, and report to the Minister from time to time on, all matters connected with the administration of the <XRefExternal reference-type="act">Payment Card Networks Act</XRefExternal> and its regulations.</Text></Subsection><Subsection><MarginalNote>Personal information</MarginalNote><Label>(2)</Label><Text>The Commissioner may collect any personal information that he or she considers necessary in furtherance of the objects described in subsection 3(2).</Text></Subsection><Subsection><MarginalNote>Personal information</MarginalNote><Label>(2.1)</Label><Text>The Commissioner may also collect any personal information that he or she considers necessary in furtherance of the objects described in subsection 3(3).</Text></Subsection><Subsection><MarginalNote>Review re voluntary codes of conduct</MarginalNote><Label>(3)</Label><Text>The Commissioner, if a financial institution has adopted a voluntary code of conduct referred to in paragraph 3(2)(c) or made a commitment designed to protect the interests of its customers, may make or cause to be made any review that he or she considers necessary to monitor compliance with the code or the commitment, as the case may be.</Text></Subsection><Subsection><MarginalNote>Review</MarginalNote><Label>(3.1)</Label><Text>If a payment card network operator has adopted a voluntary code of conduct or made a public commitment referred to in paragraph 3(3)(c), the Commissioner may make or cause to be made any review that he or she considers necessary to monitor compliance with the code or the commitment, as the case may be.</Text></Subsection><Subsection><MarginalNote>Respect for other monitors</MarginalNote><Label>(4)</Label><Text>When acting under subsection (3), the Commissioner shall have due regard for the role of any department, agency or agent corporation of the Government of Canada or of a province or any organization that has a role in monitoring compliance by financial institutions with voluntary codes of conduct or commitments.</Text></Subsection><Subsection><MarginalNote>Activities</MarginalNote><Label>(5)</Label><Text>The Commissioner may carry on any activity that he or she considers necessary in furtherance of the objects described in subsection 3(2).</Text></Subsection><Subsection><MarginalNote>Activities</MarginalNote><Label>(6)</Label><Text>The Commissioner may also carry on any activity that he or she considers necessary in furtherance of the objects described in subsection 3(3).</Text></Subsection><HistoricalNote>2001, c. 9, s. 5; 2010, c. 12, ss. 1837, 1852.</HistoricalNote></Section><Section><MarginalNote>Powers, duties and functions of Financial Literacy Leader</MarginalNote><Label>5.01</Label><Text>The Financial Literacy Leader shall exercise leadership at the national level to strengthen the financial literacy of Canadians. He or she may carry on any activity that he or she considers necessary in furtherance of that purpose, within the objects described in subsection 3(2).</Text><HistoricalNote>2013, c. 1, s. 7.</HistoricalNote></Section><Section><MarginalNote>Minister’s direction</MarginalNote><Label>5.1</Label><Subsection><Label>(1)</Label><Text>The Minister may give a written direction to the Agency if he or she is of the opinion that it can strengthen consumer protection and the public’s confidence in that protection or enhance the financial literacy of Canadians.</Text></Subsection><Subsection><MarginalNote>Notification of implementation</MarginalNote><Label>(2)</Label><Text>After implementing the direction, the Commissioner shall notify the Minister without delay that the direction has been implemented.</Text></Subsection><Subsection><MarginalNote>Best interests</MarginalNote><Label>(3)</Label><Text>Compliance by the Agency with a direction is deemed to be in its best interests.</Text></Subsection><Subsection><MarginalNote><XRefExternal reference-type="act">Statutory Instruments Act</XRefExternal></MarginalNote><Label>(4)</Label><Text>The <XRefExternal reference-type="act">Statutory Instruments Act</XRefExternal> does not apply to a direction given under subsection (1).</Text></Subsection><Subsection><MarginalNote>Publication</MarginalNote><Label>(5)</Label><Text>The Minister shall cause a notice to be published in the <XRefExternal reference-type="other">Canada Gazette</XRefExternal> that a direction was given under subsection (1) as soon as is feasible after the direction is implemented.</Text></Subsection><HistoricalNote>2010, c. 12, s. 1853; 2013, c. 1, s. 8.</HistoricalNote></Section><Section><MarginalNote>Duties and functions generally</MarginalNote><Label>6</Label><Subsection><Label>(1)</Label><Text>The Commissioner shall engage exclusively in the duties and functions of the Commissioner under section 5 and as deputy head of the Agency.</Text></Subsection><Subsection><MarginalNote>Other duties</MarginalNote><Label>(2)</Label><Text>Despite subsection (1), the Commissioner may hold any other office under Her Majesty or perform any other duties for Her Majesty, but not for reward.</Text></Subsection><HistoricalNote>2001, c. 9, s. 6; 2013, c. 1, s. 9(F).</HistoricalNote></Section><Section><MarginalNote>Duties and functions of Financial Literacy Leader generally</MarginalNote><Label>6.1</Label><Subsection><Label>(1)</Label><Text>The Financial Literacy Leader shall engage exclusively in the duties and functions of the Financial Literacy Leader referred to in section 5.01.</Text></Subsection><Subsection><MarginalNote>Other duties</MarginalNote><Label>(2)</Label><Text>Despite subsection (1), the Financial Literacy Leader may hold any other office under Her Majesty or perform any other duties for Her Majesty, but not for reward.</Text></Subsection><HistoricalNote>2013, c. 1, s. 10.</HistoricalNote></Section><Heading level="1"><TitleText>Agreements</TitleText></Heading><Section><MarginalNote>Agreements</MarginalNote><Label>7</Label><Text>The Agency, in order to carry out its objects, may enter into an agreement or arrangement with a department or agency of the Government of Canada or of a province or with any other person or body in the name of Her Majesty in right of Canada or in its own name. An agreement or arrangement with a department or agency of a province must be made with the approval of the Governor in Council.</Text></Section><Section><MarginalNote>Agreements — payment card network operators</MarginalNote><Label>7.1</Label><Text>In order to carry out the objects described in paragraph 3(3)(c), the Agency, in the name of Her Majesty in right of Canada or in its own name, may enter into an agreement with a payment card network operator, including an agreement respecting the provision of information or the payment of fees.</Text><HistoricalNote>2010, c. 12, s. 1838.</HistoricalNote></Section><Heading level="1"><TitleText>Deputy Commissioners</TitleText></Heading><Section><MarginalNote>Appointment of Deputy Commissioner</MarginalNote><Label>8</Label><Text>The Commissioner may appoint one or more officers each to be called a Deputy Commissioner of the Financial Consumer Agency of Canada who shall act under the instructions of the Commissioner.</Text></Section><Heading level="1"><TitleText>Exercise of Powers, Duties and Functions</TitleText></Heading><Section><MarginalNote>Exercise by personnel</MarginalNote><Label>9</Label><Text>Except as otherwise provided by the Commissioner and subject to any terms and conditions that may be specified by the Commissioner, a person who is an officer or employee of the Agency may exercise any of the powers and perform any of the duties and functions of the Commissioner under this Act if the person is appointed to serve in the Agency in a capacity appropriate to the exercise of the power or performance of the duty or function.</Text></Section><Heading level="1"><TitleText>Staff of Agency</TitleText></Heading><Section><MarginalNote>Employees</MarginalNote><Label>10</Label><Text>The employees that are necessary to enable the Commissioner to perform the duties of the Commissioner shall be appointed in accordance with the <XRefExternal reference-type="act">Public Service Employment Act</XRefExternal>.</Text></Section><Section><MarginalNote>Responsibility for human resources management</MarginalNote><Label>11</Label><Subsection><Label>(1)</Label><Text>In respect of persons appointed under sections 8 and 10, the Commissioner is authorized to exercise the powers and perform the functions of the Treasury Board that relate to human resources management within the meaning of paragraphs 7(1)(b) and (e) and section 11.1 of the <XRefExternal reference-type="act">Financial Administration Act</XRefExternal>, and those of deputy heads under subsection 12(2) of that Act, as that subsection reads without regard to any terms and conditions that the Governor in Council may direct, including the determination of terms and conditions of employment and the responsibility for employer and employee relations.</Text></Subsection><Subsection><MarginalNote>Delegation of powers</MarginalNote><Label>(2)</Label><Text>The Commissioner may authorize any person employed in the federal public administration to exercise and perform, in any manner and subject to any terms and conditions that the Commissioner directs, any of the powers and functions of the Commissioner in relation to human resources management in the public service and may, from time to time as the Commissioner sees fit, revise or rescind and reinstate the authority so granted.</Text></Subsection><Subsection><MarginalNote>Sub-delegation of such powers</MarginalNote><Label>(3)</Label><Text>Any person authorized under subsection (2) to exercise and perform any of the powers and functions of the Commissioner may, subject to and in accordance with the authorization, authorize one or more persons under their jurisdiction or any other person to exercise or perform any such power or function.</Text></Subsection><HistoricalNote>2001, c. 9, s. 11; 2003, c. 22, s. 170.</HistoricalNote></Section><Section><MarginalNote><XRefExternal reference-type="act">Official Languages Act</XRefExternal></MarginalNote><Label>12</Label><Text>For greater certainty, the <XRefExternal reference-type="act">Official Languages Act</XRefExternal> applies to the Agency.</Text></Section><Heading level="1"><TitleText>Appropriation</TitleText></Heading><Section><MarginalNote>Expenditures out of C.R.F.</MarginalNote><Label>13</Label><Subsection><Label>(1)</Label><Text>Subject to subsection (2), the Minister may, in any fiscal year on terms and conditions — including the rate of interest, if any — that are determined by the Minister, advance amounts out of the Consolidated Revenue Fund to the Agency to permit it to defray its costs of operation.</Text></Subsection><Subsection><MarginalNote>Spending authority</MarginalNote><Label>(2)</Label><Text>In carrying out its responsibilities, the Agency may spend assessments and other revenues received through the conduct of its operations in the fiscal year in which they are received or, unless an appropriation Act provides otherwise, in the next fiscal year. The amount of those assessments or other revenues shall be paid out of the Consolidated Revenue Fund.</Text></Subsection><Subsection><MarginalNote>Payment for activity</MarginalNote><Label>(3)</Label><Text>If the Agency carries on any activity in furtherance of an object described in paragraph 3(2)(d), (e) or (g) on the Minister’s recommendation, the Minister may on terms and conditions approved by the Treasury Board, in any fiscal year, make a payment out of the Consolidated Revenue Fund to the Agency for the purposes of the activity.</Text></Subsection><HistoricalNote>2001, c. 9, s. 13; 2007, c. 29, s. 154; 2013, c. 1, s. 11.</HistoricalNote></Section><Heading level="1"><TitleText>Conflict of Interest</TitleText></Heading><Section><MarginalNote>Ownership</MarginalNote><Label>14</Label><Subsection><Label>(1)</Label><Text>No Commissioner, person appointed under subsection 4(4) or Deputy Commissioner shall beneficially own, directly or indirectly, any shares of any financial institution, bank holding company, insurance holding company, external complaints body or of any other body corporate, however created, carrying on any business in Canada that is substantially similar to any business carried on by any financial institution or external complaints body.</Text></Subsection><Subsection><MarginalNote>Prohibitions — federal credit union</MarginalNote><Label>(2)</Label><Text>No Commissioner, person appointed under subsection 4(4) or Deputy Commissioner shall</Text><Paragraph><Label>(a)</Label><Text>directly or indirectly hold any interest or right in membership shares of a federal credit union, within the meaning of section 2 of the <XRefExternal reference-type="act">Bank Act</XRefExternal>, in excess of the minimum number of membership shares of the federal credit union that is required for membership; or</Text></Paragraph><Paragraph><Label>(b)</Label><Text>exercise any right he or she has as a member of such a federal credit union, except any right that he or she has as a customer of the federal credit union.</Text></Paragraph></Subsection><HistoricalNote>2001, c. 9, s. 14; 2010, c. 12, s. 2116, c. 25, ss. 158, 164.</HistoricalNote></Section><Section><MarginalNote>Ownership — payment card network operators</MarginalNote><Label>14.1</Label><Text>The Commissioner, a person appointed under subsection 4(4) or a Deputy Commissioner shall not hold, directly or indirectly, any interest or right in any shares of a payment card network operator.</Text><HistoricalNote>2010, c. 12, s. 1839.</HistoricalNote></Section><Section><Label>15</Label><Text><Repealed>[Repealed, 2013, c. 40, s. 166]</Repealed></Text></Section><Section><MarginalNote>No grant or gratuity to be made</MarginalNote><Label>16</Label><Subsection><Label>(1)</Label><Text>The Commissioner, a person appointed under subsection 4(4), a Deputy Commissioner and any person appointed under section 10 shall not accept or receive, directly or indirectly, any grant or gratuity from a financial institution, bank holding company, insurance holding company, external complaints body, or from a director, officer or employee of any of them, and no such financial institution, bank holding company, insurance holding company, external complaints body, director, officer or employee shall make or give any such grant or gratuity.</Text></Subsection><Subsection><MarginalNote>No grant or gratuity — payment card network operators</MarginalNote><Label>(1.1)</Label><Text>The Commissioner, a person appointed under subsection 4(4), a Deputy Commissioner and any person appointed under section 10 shall not accept or receive, directly or indirectly, any grant or gratuity from a payment card network operator, or any of its directors, officers or employees, and no payment card network operator, or any of its directors, officers or employees shall make or give any such grant or gratuity.</Text></Subsection><Subsection><MarginalNote>Offence and punishment</MarginalNote><Label>(2)</Label><Text>Every person, financial institution, bank holding company, insurance holding company or payment card network operator that contravenes subsection (1) or (1.1) is guilty of an offence and liable</Text><Paragraph><Label>(a)</Label><Text>on summary conviction, to a fine of not more than $2000 or to imprisonment for a term of not more than six months or to both; or</Text></Paragraph><Paragraph><Label>(b)</Label><Text>on conviction on indictment, to a fine of not more than $10,000 or to imprisonment for a term of not more than five years or to both.</Text></Paragraph></Subsection><HistoricalNote>2001, c. 9, s. 16; 2010, c. 12, s. 1840, c. 25, s. 159.</HistoricalNote></Section><Heading level="1"><TitleText>Confidentiality</TitleText></Heading><Section><MarginalNote>Confidential information</MarginalNote><Label>17</Label><Subsection><Label>(1)</Label><Text>Subject to subsection (2) and except as otherwise provided in this Act, information regarding the business or affairs of a financial institution or external complaints body or regarding persons dealing with one that is obtained by the Commissioner or by any person acting under the Commissioner’s direction, in the course of the exercise or performance of powers, duties and functions referred to in subsections 5(1) and (2) and 5.1(2), and any information prepared from that information, is confidential and shall be treated accordingly.</Text></Subsection><Subsection><MarginalNote>Disclosure permitted</MarginalNote><Label>(2)</Label><Text>If the Commissioner is satisfied that the information will be treated as confidential by the agency, body or person to whom it is disclosed, subsection (1) does not prevent the Commissioner from disclosing it</Text><Paragraph><Label>(a)</Label><Text>to any government agency or body that regulates or supervises financial institutions, for purposes related to that regulation or supervision;</Text></Paragraph><Paragraph><Label>(b)</Label><Text>to any other agency or body that regulates or supervises financial institutions, for purposes related to that regulation or supervision;</Text></Paragraph><Paragraph><Label>(c)</Label><Text>to the Canada Deposit Insurance Corporation or any compensation association designated by order of the Minister pursuant to subsection 449(1) or 591(1) of the <XRefExternal reference-type="act">Insurance Companies Act</XRefExternal>, for purposes related to its operation; and</Text></Paragraph><Paragraph><Label>(d)</Label><Text>to the Deputy Minister of Finance or any officer of the Department of Finance authorized in writing by the Deputy Minister of Finance or to the Governor of the Bank of Canada or any officer of the Bank of Canada authorized in writing by the Governor of the Bank of Canada, for the purposes of policy analysis related to the regulation of financial institutions.</Text></Paragraph></Subsection><Subsection><MarginalNote>Confidential information — payment card network operators</MarginalNote><Label>(3)</Label><Text>Subject to subsection (4) and except as otherwise provided in this Act, information regarding the business or affairs of a payment card network operator, or regarding persons dealing with one, that is obtained by the Commissioner or by a person acting under the direction of the Commissioner, in the course of the exercise or performance of powers, duties and functions under subsection 5(1.1) or (2.1), and any information prepared from that information, is confidential and shall be treated accordingly.</Text></Subsection><Subsection><MarginalNote>Disclosure permitted</MarginalNote><Label>(4)</Label><Text>If the Commissioner is satisfied that the information will be treated as confidential by the person to whom it is disclosed, the Commissioner may disclose it to the Deputy Minister of Finance, or any officer of the Department of Finance authorized in writing by the Deputy Minister of Finance, for the purpose of policy analysis related to the regulation of payment card network operators.</Text></Subsection><HistoricalNote>2001, c. 9, s. 17; 2010, c. 12, ss. 1841, 1854, c. 25, s. 160; 2012, c. 5, ss. 218(F), 224(F).</HistoricalNote></Section><Heading level="1"><TitleText>Assessments</TitleText></Heading><Section><MarginalNote>Commissioner to ascertain expenses</MarginalNote><Label>18</Label><Subsection><Label>(1)</Label><Text>The Commissioner shall, before December 31 in each year, ascertain the total amount of expenses incurred during the immediately preceding fiscal year for or in connection with the administration of this Act and the consumer provisions — excluding the expenses incurred in connection with the objects described in subsection 3(3) — and the amounts of any prescribed categories of those expenses in relation to any prescribed group of financial institutions and external complaints bodies.</Text></Subsection><Subsection><MarginalNote>Commissioner to ascertain expenses — direction</MarginalNote><Label>(1.1)</Label><Text>After the publication of a notice under subsection <XRefInternal>5.1</XRefInternal>(5), the Commissioner shall ascertain the amount of expenses that the Agency incurred in complying with the direction.</Text></Subsection><Subsection><MarginalNote>Amount conclusive</MarginalNote><Label>(2)</Label><Text>The amounts ascertained under subsections (1) and (1.1) are final and conclusive for the purposes of this section.</Text></Subsection><Subsection><MarginalNote>Assessment</MarginalNote><Label>(3)</Label><Text>As soon as possible after ascertaining the amounts under subsections (1) and (1.1), the Commissioner shall assess a portion of the total amount of expenses against each financial institution and external complaints body to the extent and in the manner that the Governor in Council may, by regulation, prescribe.</Text></Subsection><Subsection><MarginalNote>Exception</MarginalNote><Label>(3.1)</Label><Text>No assessment is to be made in respect of</Text><Paragraph><Label>(a)</Label><Text>a company to which the <XRefExternal reference-type="act">Insurance Companies Act</XRefExternal> applies that was exempt from the application of paragraphs 165(2)(f) and (g) and sections 479 to 489.2 of that Act during the entire fiscal year to which the assessment relates; or</Text></Paragraph><Paragraph><Label>(b)</Label><Text>a foreign company to which that Act applies that was exempt from the application of sections 598 to 607.1 of that Act during the entire fiscal year to which the assessment relates.</Text></Paragraph></Subsection><Subsection><MarginalNote>Interim assessment</MarginalNote><Label>(4)</Label><Text>The Commissioner may, during each fiscal year, prepare an interim assessment against any financial institution or external complaints body.</Text></Subsection><Subsection><MarginalNote>Assessment for financial literacy</MarginalNote><Label>(4.1)</Label><Text>The Commissioner may, during a fiscal year, impose an assessment against any financial institution to cover some or all of the expenses related to initiatives to strengthen the financial literacy of Canadians.</Text></Subsection><Subsection><MarginalNote>Assessment is binding</MarginalNote><Label>(5)</Label><Text>Every assessment and interim assessment is final and conclusive and binding on the financial institution or external complaints body against which it is made.</Text></Subsection><Subsection><MarginalNote>Commissioner to ascertain expenses — payment card network operators</MarginalNote><Label>(5.1)</Label><Text>The Commissioner shall, before December 31 in each year, ascertain the total amount of expenses incurred during the immediately preceding fiscal year in connection with the objects described in paragraphs <XRefInternal>3</XRefInternal>(3)(a), (b) and (d).</Text></Subsection><Subsection><MarginalNote>Amount conclusive</MarginalNote><Label>(5.2)</Label><Text>The amount ascertained under subsection (5.1) is final and conclusive for the purposes of this section.</Text></Subsection><Subsection><MarginalNote>Assessment</MarginalNote><Label>(5.3)</Label><Text>As soon as possible after ascertaining the amount under subsection (5.1), the Commissioner shall assess a portion of the total amount of expenses against each payment card network operator to the extent and in the manner that may be prescribed.</Text></Subsection><Subsection><MarginalNote>Interim assessment</MarginalNote><Label>(5.4)</Label><Text>The Commissioner may, during each fiscal year, prepare an interim assessment against any payment card network operator.</Text></Subsection><Subsection><MarginalNote>Assessment is binding</MarginalNote><Label>(5.5)</Label><Text>Every assessment and interim assessment is final and conclusive and binding on the payment card network operator against which it is made.</Text></Subsection><Subsection><MarginalNote>Recovery</MarginalNote><Label>(6)</Label><Text>Every assessment and interim assessment constitutes a debt due to Her Majesty, is immediately payable and may be recovered as a debt in any court of competent jurisdiction.</Text></Subsection><Subsection><MarginalNote>Interest</MarginalNote><Label>(7)</Label><Text>Interest may be charged on the unpaid amount of an assessment or interim assessment at a rate equal to the rate prescribed under the <XRefExternal reference-type="act">Income Tax Act</XRefExternal> for amounts payable by the Minister of National Revenue as refunds of overpayments of tax under that Act in effect from time to time plus 2%.</Text></Subsection><HistoricalNote>2001, c. 9, s. 18; 2007, c. 6, s. 435; 2010, c. 12, ss. 1842, 1855, c. 25, s. 161; 2013, c. 1, s. 12.</HistoricalNote></Section><Heading level="1"><TitleText>Administrative Monetary Penalties</TitleText></Heading><Heading level="2"><TitleText>Violations</TitleText></Heading><Section><MarginalNote>Regulations</MarginalNote><Label>19</Label><Subsection><Label>(1)</Label><Text>The Governor in Council may make regulations</Text><Paragraph><Label>(a)</Label><Text>designating, as a violation that may be proceeded with under sections 20 to 31, the contravention of a specified consumer provision, or the non-compliance with</Text><Subparagraph><Label>(i)</Label><Text>a compliance agreement entered into under an Act listed in Schedule 1, and</Text></Subparagraph><Subparagraph><Label>(ii)</Label><Text>terms and conditions, undertakings or directions referred to in subparagraph 3(2)(a)(ii).</Text></Subparagraph></Paragraph><Paragraph><Label>(a.1)</Label><Text>designating, as a violation that may be proceeded with under sections 20 to 31, the contravention of a specified provision of the <XRefExternal reference-type="act">Payment Card Networks Act</XRefExternal> or its regulations;</Text></Paragraph><Paragraph><Label>(a.2)</Label><Text>designating, as a violation that may be proceeded with under sections 20 to 31, the non-compliance with an agreement entered into under section 7.1;</Text></Paragraph><Paragraph><Label>(b)</Label><Text>fixing, in accordance with subsection (2), a penalty, or a range of penalties, in respect of any violation;</Text></Paragraph><Paragraph><Label>(c)</Label><Text>respecting the service of documents required or authorized to be served under sections 20 to 31, including the manner and proof of service and the circumstances under which documents are deemed to be served; and</Text></Paragraph><Paragraph><Label>(d)</Label><Text>generally, for carrying out the purposes and provisions of this section and sections 20 to 31.</Text></Paragraph></Subsection><Subsection><MarginalNote>Maximum penalties</MarginalNote><Label>(2)</Label><Text>The maximum penalty for a violation is $50,000 in the case of a violation that is committed by a natural person, and $500,000 in the case of a violation that is committed by a financial institution or a payment card network operator.</Text></Subsection><HistoricalNote>2001, c. 9, s. 19; 2007, c. 6, s. 436; 2010, c. 12, ss. 1843, 1856; 2012, c. 5, s. 219.</HistoricalNote></Section><Section><MarginalNote>Criteria for penalty</MarginalNote><Label>20</Label><Text>Except if a penalty is fixed under paragraph 19(1)(b), the amount of a penalty shall, in each case, be determined taking into account</Text><Paragraph><Label>(a)</Label><Text>the degree of intention or negligence on the part of the person who committed the violation;</Text></Paragraph><Paragraph><Label>(b)</Label><Text>the harm done by the violation;</Text></Paragraph><Paragraph><Label>(c)</Label><Text>the history of the person who committed the violation with respect to any prior violation or conviction under an Act listed in Schedule 1 within the five-year period immediately before the violation; and</Text></Paragraph><Paragraph><Label>(d)</Label><Text>any other criteria that may be prescribed.</Text></Paragraph></Section><Section><MarginalNote>How act or omission may be proceeded with</MarginalNote><Label>21</Label><Text>If a contravention or non-compliance that is designated under paragraph 19(1)(a) or (a.1) can be proceeded with either as a violation or as an offence, proceeding in one manner precludes proceeding in the other.</Text><HistoricalNote>2001, c. 9, s. 21; 2010, c. 12, s. 1844.</HistoricalNote></Section><Heading level="2"><TitleText>Proceedings</TitleText></Heading><Section><MarginalNote>Commission of violation</MarginalNote><Label>22</Label><Subsection><Label>(1)</Label><Text>Every contravention or non-compliance that is designated under paragraphs 19(1)(a) to (a.2) constitutes a violation and the person that commits the violation is liable to a penalty determined in accordance with sections 19 and 20.</Text></Subsection><Subsection><MarginalNote>Notice of violation</MarginalNote><Label>(2)</Label><Text>If the Commissioner believes on reasonable grounds that a person has committed a violation, he or she may issue, and shall cause to be served on the person, a notice of violation.</Text></Subsection><Subsection><MarginalNote>Contents of notice</MarginalNote><Label>(3)</Label><Text>A notice of violation shall name the person believed to have committed a violation, identify the violation and set out</Text><Paragraph><Label>(a)</Label><Text>the penalty that the Commissioner proposes to impose;</Text></Paragraph><Paragraph><Label>(b)</Label><Text>the right of the person, within 30 days after the notice is served, or within any longer period that the Commissioner specifies, to pay the penalty or to make representations to the Commissioner with respect to the violation and the proposed penalty, and the manner for doing so; and</Text></Paragraph><Paragraph><Label>(c)</Label><Text>the fact that, if the person does not pay the penalty or make representations in accordance with the notice, the person will be deemed to have committed the violation and the Commissioner may impose a penalty in respect of it.</Text></Paragraph></Subsection><HistoricalNote>2001, c. 9, s. 22; 2010, c. 12, s. 1845.</HistoricalNote></Section><Heading level="2"><TitleText>Determination of Responsibility and Penalty</TitleText></Heading><Section><MarginalNote>Payment of penalty</MarginalNote><Label>23</Label><Subsection><Label>(1)</Label><Text>If the person pays the penalty proposed in the notice of violation, the person is deemed to have committed the violation and proceedings in respect of it are ended.</Text></Subsection><Subsection><MarginalNote>Representations to Commissioner</MarginalNote><Label>(2)</Label><Text>If the person makes representations in accordance with the notice, the Commissioner shall decide, on a balance of probabilities, whether the person committed the violation and, if so, may, subject to any regulations made under paragraph 19(1)(b), impose the penalty proposed, a lesser penalty or no penalty.</Text></Subsection><Subsection><MarginalNote>Failure to pay or make representations</MarginalNote><Label>(3)</Label><Text>A person who neither pays the penalty nor makes representations in accordance with the notice is deemed to have committed the violation and the Commissioner may, subject to any regulations made under paragraph 19(1)(b), impose the penalty proposed, a lesser penalty or no penalty.</Text></Subsection><Subsection><MarginalNote>Notice of decision and right of appeal</MarginalNote><Label>(4)</Label><Text>The Commissioner shall cause notice of any decision made under subsection (2) or (3) to be issued and served on the person together with notice of the right of appeal under section 24.</Text></Subsection></Section><Heading level="2"><TitleText>Appeal to Federal Court</TitleText></Heading><Section><MarginalNote>Right of appeal</MarginalNote><Label>24</Label><Subsection><Label>(1)</Label><Text>A person on whom a notice under subsection 23(4) is served may, within 30 days after the notice is served, or within any longer period that the Court allows, appeal the decision to the Federal Court.</Text></Subsection><Subsection><MarginalNote>Court to take precautions against disclosing</MarginalNote><Label>(2)</Label><Text>In an appeal, the Court shall take every reasonable precaution, including, when appropriate, conducting hearings in private, to avoid the disclosure by the Court or any person of confidential information referred to in subsection 17(1) or (3).</Text></Subsection><Subsection><MarginalNote>Powers of Court</MarginalNote><Label>(3)</Label><Text>On an appeal, the Court may confirm, set aside or, subject to any regulations made under paragraph 19(1)(b), vary the decision of the Commissioner.</Text></Subsection><HistoricalNote>2001, c. 9, s. 24; 2010, c. 12, s. 1846.</HistoricalNote></Section><Heading level="2"><TitleText>Enforcement</TitleText></Heading><Section><MarginalNote>Debts to Her Majesty</MarginalNote><Label>25</Label><Subsection><Label>(1)</Label><Text>A penalty constitutes a debt due to Her Majesty in right of Canada that may be recovered as such in the Federal Court.</Text></Subsection><Subsection><MarginalNote>Time limit</MarginalNote><Label>(2)</Label><Text>No proceedings to recover a debt referred to in subsection (1) may be commenced later than five years after the debt became payable.</Text></Subsection><Subsection><MarginalNote>Proceeds payable to Receiver General</MarginalNote><Label>(3)</Label><Text>A penalty paid or recovered under sections 19 to 24, this section and sections 26 to 31 is payable to and shall be remitted to the Receiver General.</Text></Subsection></Section><Section><MarginalNote>Certificate of default</MarginalNote><Label>26</Label><Subsection><Label>(1)</Label><Text>The unpaid amount of any debt referred to in subsection 25(1) may be certified by the Commissioner.</Text></Subsection><Subsection><MarginalNote>Registration in Federal Court</MarginalNote><Label>(2)</Label><Text>Registration in the Federal Court of a certificate made under subsection (1) has the same effect as a judgment of that Court for a debt of the amount specified in the certificate and all related registration costs.</Text></Subsection></Section><Heading level="2"><TitleText>Rules about Violations</TitleText></Heading><Section><MarginalNote>Violations not offences</MarginalNote><Label>27</Label><Text>For greater certainty, a violation is not an offence and, accordingly, section 126 of the <XRefExternal reference-type="act">Criminal Code</XRefExternal> does not apply in respect of one.</Text></Section><Section><MarginalNote>Due diligence available</MarginalNote><Label>28</Label><Subsection><Label>(1)</Label><Text>Due diligence is a defence in a proceeding in relation to a violation.</Text></Subsection><Subsection><MarginalNote>Common law principles</MarginalNote><Label>(2)</Label><Text>Every rule and principle of the common law that renders any circumstance a justification or excuse in relation to a charge for an offence in relation to a consumer provision applies in respect of a violation to the extent that it is not inconsistent with this Act.</Text></Subsection><Subsection><MarginalNote>Common law principles — <XRefExternal reference-type="act">Payment Card Networks Act</XRefExternal></MarginalNote><Label>(3)</Label><Text>Every rule and principle of the common law that renders any circumstance a justification or excuse in relation to a charge for an offence in relation to a provision of the <XRefExternal reference-type="act">Payment Card Networks Act</XRefExternal> applies in respect of a violation to the extent that it is not inconsistent with this Act.</Text></Subsection><HistoricalNote>2001, c. 9, s. 28; 2010, c. 12, s. 1847.</HistoricalNote></Section><Heading level="2"><TitleText>General Provisions</TitleText></Heading><Section><MarginalNote>Evidence</MarginalNote><Label>29</Label><Text>In a proceeding in respect of a violation or a prosecution for an offence, a notice purporting to be issued under subsection 22(2) or 23(4) or a certificate purporting to be made under subsection 26(1) is admissible in evidence without proof of the signature or official character of the person appearing to have signed it.</Text></Section><Section><MarginalNote>Time limit</MarginalNote><Label>30</Label><Subsection><Label>(1)</Label><Text>No proceedings in respect of a violation may be commenced later than two years after the subject-matter of the proceedings became known to the Commissioner.</Text></Subsection><Subsection><MarginalNote>Certificate of Commissioner</MarginalNote><Label>(2)</Label><Text>A document appearing to have been issued by the Commissioner, certifying the day on which the subject-matter of any proceedings became known to the Commissioner, is admissible in evidence without proof of the signature or official character of the person appearing to have signed the document and is, in the absence of evidence to the contrary, proof of the matter asserted in it.</Text></Subsection></Section><Section><MarginalNote>Publication</MarginalNote><Label>31</Label><Text>The Commissioner may make public the nature of a violation, the name of the person who committed it, and the amount of the penalty imposed.</Text></Section><Heading level="1"><TitleText>Regulations</TitleText></Heading><Section><MarginalNote>Regulations</MarginalNote><Label>32</Label><Text>The Governor in Council may make regulations prescribing</Text><Paragraph><Label>(a)</Label><Text>anything that is required or authorized by this Act to be prescribed; and</Text></Paragraph><Paragraph><Label>(b)</Label><Text>the way in which anything that is required or authorized by this Act to be prescribed shall be determined.</Text></Paragraph></Section><Heading level="1"><TitleText>No Liability</TitleText></Heading><Section><MarginalNote>No liability</MarginalNote><Label>33</Label><Text>No action lies against Her Majesty, the Minister, the Commissioner, the Financial Literacy Leader, any Deputy Commissioner, any officer or employee of the Agency or any person acting under the direction of the Commissioner for anything done or omitted to be done in good faith in the administration or discharge of any powers or duties that under any Act of Parliament are intended or authorized to be executed or performed.</Text><HistoricalNote>2001, c. 9, s. 33; 2013, c. 1, s. 13.</HistoricalNote></Section><Heading level="1"><TitleText>Immunities</TitleText></Heading><Section><MarginalNote>Not compellable</MarginalNote><Label>33.1</Label><Text>The Commissioner, the Financial Literacy Leader, any Deputy Commissioner, any officer or employee of the Agency or any person acting under the instructions of the Commissioner, is not a compellable witness in any civil proceedings in respect of any matter coming to their knowledge as a result of exercising any of their powers or performing any of their duties or functions under this Act or the Acts listed in Schedule 1.</Text><HistoricalNote>2012, c. 5, s. 220; 2013, c. 1, s. 15.</HistoricalNote></Section><Heading level="1"><TitleText>Annual Report</TitleText></Heading><Section><MarginalNote>Annual report</MarginalNote><Label>34</Label><Text>The Minister shall cause to be laid before each House of Parliament, not later than the fifth sitting day of that House after September 30 next after the end of each fiscal year, a report showing the Agency’s operations for that year and describing</Text><Paragraph><Label>(a)</Label><Text>in aggregate form, its conclusions on the compliance, in that year, of financial institutions and external complaints bodies with the consumer provisions applicable to them; and</Text></Paragraph><Paragraph><Label>(b)</Label><Text>in aggregate form, its conclusions on the compliance, in that year, of payment card network operators with the provisions of the <XRefExternal reference-type="act">Payment Card Networks Act</XRefExternal> and its regulations; and</Text></Paragraph><Paragraph><Label>(c)</Label><Text>its collaboration with stakeholders, and the coordination of its activities with those of stakeholders, to contribute to and support initiatives to strengthen the financial literacy of Canadians.</Text></Paragraph><HistoricalNote>2001, c. 9, s. 34; 2010, c. 12, s. 1848, c. 25, s. 162; 2013, c. 1, s. 14.</HistoricalNote></Section><Heading level="1"><TitleText>Amendments to Acts in Relation to Financial Institutions</TitleText></Heading><Section><Label>35 to 140</Label><Text>[Amendments]</Text></Section><Section><Label>141</Label><Subsection><Label>(1)</Label><Text>[Amendment]</Text></Subsection><Subsection><Label>(2)</Label><Text><Repealed>[Repealed, 2007, c. 6, s. 437]</Repealed></Text></Subsection><Subsection><Label>(3)</Label><Text>[Amendment]</Text></Subsection></Section><Section><Label>142 to 571</Label><Text>[Amendments]</Text></Section><Heading level="1"><TitleText>Amendments to Other Acts</TitleText></Heading><Section><Label>572 to 583</Label><Text>[Amendments]</Text></Section><Heading level="1"><TitleText>Consequential Amendments</TitleText></Heading><Section><Label>584 to 592</Label><Text>[Amendments]</Text></Section><Heading level="1"><TitleText>Coming into Force</TitleText></Heading><Section type="transitional"><MarginalNote>Coming into force</MarginalNote><Label><FootnoteRef idref="F-11.1_en_1">*</FootnoteRef>593</Label><Text>The provisions of this Act, other than subsections 120(2), 122(2), 155(2), 157(2), 424(2) and 444(2), section 473 and subsections 545(2) and 547(2), or the provisions of any Act enacted or amended by this Act, come into force on a day or days to be fixed by order of the Governor in Council.</Text><Footnote id="F-11.1_en_1" placement="section" status="editorial" xml:space="default"><Label>*</Label><Text>[Note: Subsections 120(2), 122(2), 155(2), 157(2), 424(2) and 444(2), section 473 and subsections 545(2) and 547(2) in force on assent June 14, 2001; sections 1 to 106 and 108 to 119, subsections 120(1) and (3), section 121, subsection 122(1), sections 123 to 140, subsections 141(1) and (3), sections 142 to 154, subsections 155(1) and (3), section 156, subsection 157(1), sections 158 to 222, subsections 223(1), (4) and (5) and sections 224 to 238, section 28 and the heading before section 28, as enacted by section 239, sections 241 to 310, sections 382 and 382.1, as enacted by section 311, sections 312 to 417 and 419 to 423, subsection 424(1), sections 425 to 443, subsection 444(1), sections 445 to 472, 475 to 533 and 535 to 544, subsections 545(1) and (3), section 546, subsection 547(1) and sections 548 to 592 and 594 in force October 24, 2001, <Emphasis style="italic">see</Emphasis> SI/2001-102; section 27 and the heading before section 27, as enacted by section 239, in force June 21, 2002, <Emphasis style="italic">see</Emphasis> SI/2002-99; section 107, sections 383 to 383.2, as enacted by section 311 and sections 418 and 534 in force January 1, 2004, <Emphasis style="italic">see</Emphasis> SI/2003-181; section 474 in force December 1, 2005, <Emphasis style="italic">see</Emphasis> SI/2005-116.]</Text></Footnote></Section><Section type="transitional"><MarginalNote>Authority to substitute actual date</MarginalNote><Label>594</Label><Text>The Governor in Council may, by regulation, amend any provision of the <XRefExternal reference-type="act">Bank Act</XRefExternal>, the <XRefExternal reference-type="act">Cooperative Credit Associations Act</XRefExternal>, the <XRefExternal reference-type="act">Insurance Companies Act</XRefExternal> or the <XRefExternal reference-type="act">Trust and Loan Companies Act</XRefExternal> that contains a reference to the coming into force of any provision of any of those Acts, or a reference to the coming into force of any provision of this Act, by replacing that reference with a reference to the actual date of the coming into force of the provision.</Text></Section></Body><Schedule bilingual="no" spanlanguages="no"><ScheduleFormHeading><Label>SCHEDULE 1</Label><OriginatingRef>(Subsections 3(2), 5(1) and 19(1) and sections 20 and 33.1)</OriginatingRef></ScheduleFormHeading><BilingualGroup><BilingualItemEn>Bank Act</BilingualItemEn><BilingualItemFr>Loi sur les banques</BilingualItemFr><BilingualItemEn>Cooperative Credit Associations Act</BilingualItemEn><BilingualItemFr>Loi sur les associations coopératives de crédit</BilingualItemFr><BilingualItemEn>Green Shield Canada Act</BilingualItemEn><BilingualItemFr>Loi sur l’association personnalisée le Bouclier vert du Canada</BilingualItemFr><BilingualItemEn>Insurance Companies Act</BilingualItemEn><BilingualItemFr>Loi sur les sociétés d’assurances</BilingualItemFr><BilingualItemEn>Payment Card Networks Act</BilingualItemEn><BilingualItemFr>Loi sur les réseaux de cartes de paiement</BilingualItemFr><BilingualItemEn>Trust and Loan Companies Act</BilingualItemEn><BilingualItemFr>Loi sur les sociétés de fiducie et de prêt</BilingualItemFr></BilingualGroup><HistoricalNote>2001, c. 9, Sch. 1; 2010, c. 12, ss. 1849, 1857; 2012, c. 5, s. 221.</HistoricalNote></Schedule><Schedule bilingual="no" spanlanguages="no"><ScheduleFormHeading><Label>SCHEDULES 2 AND 3</Label></ScheduleFormHeading><Provision format-ref="centered" language-align="no"><Text>[Amendments]</Text></Provision></Schedule></Statute>