﻿<?xml version="1.0" encoding="utf-8"?><!DOCTYPE Statute PUBLIC "-//Justice Canada//DTD Statute v2.0.0//EN" "Dtd/Version_2.0.0/Statute/Statute.dtd"><Statute bill-origin="commons" bill-type="govt-public" xml:lang="en" in-force="yes"><Identification><LongTitle>An Act respecting the administration and development of certain fishing and recreational harbours in Canada</LongTitle><ShortTitle status="official">Fishing and Recreational Harbours Act</ShortTitle><RunningHead>Fishing and Recreational Harbours</RunningHead><BillHistory><Stages stage="consolidation"><Date><YYYY>2018</YYYY><MM>08</MM><DD>20</DD></Date></Stages></BillHistory><Chapter><ConsolidatedNumber official="yes">F-24</ConsolidatedNumber></Chapter></Identification><Body><Heading level="1"><TitleText>Short Title</TitleText></Heading><Section><MarginalNote>Short title</MarginalNote><Label>1</Label><Text>This Act may be cited as the <XRefExternal reference-type="act">Fishing and Recreational Harbours Act</XRefExternal>.</Text><HistoricalNote>1977-78, c. 30, s. 1.</HistoricalNote></Section><Heading level="1"><TitleText>Interpretation</TitleText></Heading><Section><MarginalNote>Definitions</MarginalNote><Label>2</Label><Text>In this Act,</Text><Definition><MarginalNote><DefinedTermEn>agency</DefinedTermEn></MarginalNote><MarginalNote><DefinedTermFr>organisme</DefinedTermFr></MarginalNote><Text><DefinedTermEn>agency</DefinedTermEn>, in relation to a province, includes</Text><Paragraph><Label>(a)</Label><Text>any incorporated or unincorporated city, town, municipality, village, township, rural municipality, regional district administration or local improvement district administration,</Text></Paragraph><Paragraph><Label>(b)</Label><Text>any council of a band within the meaning of the <XRefExternal reference-type="act">Indian Act</XRefExternal>,</Text></Paragraph><Paragraph><Label>(c)</Label><Text>the Council, within the meaning of the <XRefExternal reference-type="act">Sechelt Indian Band Self-Government Act</XRefExternal>, chapter 27 of the Statutes of Canada, 1986, and</Text></Paragraph><Paragraph><Label>(d)</Label><Text>a first nation named in Schedule II to the <XRefExternal reference-type="act">Yukon First Nations Self-Government Act</XRefExternal>;</Text></Paragraph></Definition><Definition><MarginalNote><DefinedTermEn>fishing or recreational harbour</DefinedTermEn></MarginalNote><MarginalNote><DefinedTermFr>port de pêche ou de plaisance</DefinedTermFr></MarginalNote><Text><DefinedTermEn>fishing or recreational harbour</DefinedTermEn> means</Text><Paragraph><Label>(a)</Label><Text>any harbour, wharf, pier, breakwater, slipway, marina or part thereof, together with machinery, works, land and structures related or attached thereto, and</Text></Paragraph><Paragraph><Label>(b)</Label><Text>any other facility, installation, works or part thereof located on or adjacent to water</Text></Paragraph><ContinuedDefinition><Text>where accommodation or services are provided principally for fishing or recreational vessels or the occupants thereof;</Text></ContinuedDefinition></Definition><Definition><MarginalNote><DefinedTermEn>goods</DefinedTermEn></MarginalNote><MarginalNote><DefinedTermFr>marchandises</DefinedTermFr></MarginalNote><Text><DefinedTermEn>goods</DefinedTermEn> means tangible personal property other than vessels;</Text></Definition><Definition><MarginalNote><DefinedTermEn>Minister</DefinedTermEn></MarginalNote><MarginalNote><DefinedTermFr>ministre</DefinedTermFr></MarginalNote><Text><DefinedTermEn>Minister</DefinedTermEn> means such member of the Queen’s Privy Council for Canada as is designated by the Governor in Council as the Minister for the purposes of this Act;</Text></Definition><Definition><MarginalNote><DefinedTermEn>scheduled harbour</DefinedTermEn></MarginalNote><MarginalNote><DefinedTermFr>ports inscrits</DefinedTermFr></MarginalNote><Text><DefinedTermEn>scheduled harbour</DefinedTermEn> means any fishing or recreational harbour or portion thereof included in a schedule prescribed by the regulations;</Text></Definition><Definition><MarginalNote><DefinedTermEn>vessel</DefinedTermEn></MarginalNote><MarginalNote><DefinedTermFr>bateau</DefinedTermFr></MarginalNote><Text><DefinedTermEn>vessel</DefinedTermEn> includes every description of ship, boat, craft, floating home or other structure used or capable of being used solely or partly for aquatic navigation without regard to method or lack of propulsion.</Text></Definition><HistoricalNote>R.S., 1985, c. F-24, s. 2; R.S., 1985, c. 20 (2nd Supp.), s. 3; 1994, c. 35, s. 34.</HistoricalNote></Section><Section><MarginalNote>Application of Act</MarginalNote><Label>3</Label><Subsection><Label>(1)</Label><Text>Nothing in this Act applies to</Text><Paragraph><Label>(a)</Label><Text>any port, as defined in section 5 of the <XRefExternal reference-type="act">Canada Marine Act</XRefExternal>, or any harbour, works or property under the jurisdiction of a harbour commission established under an Act of Parliament; or</Text></Paragraph><Paragraph><Label>(b)</Label><Text>any harbour, wharf, pier or breakwater under the control and management of any member of the Queen’s Privy Council for Canada other than the Minister.</Text></Paragraph></Subsection><Subsection><MarginalNote>Exemption</MarginalNote><Label>(2)</Label><Text>This Act does not affect any of the powers or duties of the Minister of Transport or the Minister of Public Works and Government Services under any other Act of Parliament or regulations made pursuant thereto.</Text></Subsection><HistoricalNote>R.S., 1985, c. F-24, s. 3; 1998, c. 10, s. 181; 1999, c. 31, s. 125.</HistoricalNote></Section><Heading level="1"><TitleText>Powers of the Minister</TitleText></Heading><Section><MarginalNote>Harbours under control of Minister</MarginalNote><Label>4</Label><Text>The use, management and maintenance of every scheduled harbour, the enforcement of regulations relating thereto and the collection of charges for the use of every scheduled harbour are under the control and administration of the Minister.</Text><HistoricalNote>1977-78, c. 30, s. 4.</HistoricalNote></Section><Section><MarginalNote>Minister may undertake projects</MarginalNote><Label>5</Label><Subsection><Label>(1)</Label><Text>The Minister may undertake projects for the acquisition, development, construction, improvement or repair of any scheduled harbour or any fishing or recreational harbour to which this Act applies.</Text></Subsection><Subsection><MarginalNote>Agreements with provinces</MarginalNote><Label>(2)</Label><Text>The Minister may, subject to the regulations, enter into an agreement with any province to provide for</Text><Paragraph><Label>(a)</Label><Text>the undertaking jointly with the government of the province or any agency thereof of any project that the Minister is authorized to undertake under subsection (1); and</Text></Paragraph><Paragraph><Label>(b)</Label><Text>the payment to the province of contributions or grants in respect of the cost or any part of the cost of any project that is undertaken by the government of the province or any agency thereof and that the Minister is authorized to undertake under subsection (1).</Text></Paragraph></Subsection><Subsection><MarginalNote>Agreements with persons</MarginalNote><Label>(3)</Label><Text>The Minister may, subject to the regulations, enter into an agreement with any person to provide for</Text><Paragraph><Label>(a)</Label><Text>the undertaking jointly with that person of any project that the Minister is authorized to undertake under subsection (1); and</Text></Paragraph><Paragraph><Label>(b)</Label><Text>the payment to that person of contributions or grants in respect of the cost or any part of the cost of any project that is undertaken by that person and that the Minister is authorized to undertake under subsection (1) and in respect of the cost of any planning studies and advisory services relating to any such project.</Text></Paragraph></Subsection><Subsection><MarginalNote>Studies</MarginalNote><Label>(4)</Label><Text>For the purpose of assisting the formulation and assessment of projects undertaken under subsection (1), the Minister may, subject to the regulations, undertake economic or other studies alone or jointly with the government of any province or agency thereof or with any person or educational institution.</Text></Subsection><HistoricalNote>1977-78, c. 30, s. 5.</HistoricalNote></Section><Section><MarginalNote>Services of other departments</MarginalNote><Label>6</Label><Text>The Minister shall, in carrying out any project or study under this Act, make use, wherever possible, of the services and facilities of other departments, boards or agencies of the Government of Canada.</Text><HistoricalNote>1977-78, c. 30, s. 6.</HistoricalNote></Section><Section><MarginalNote>Provisions to be included in agreements</MarginalNote><Label>7</Label><Text>Every agreement entered into pursuant to subsection 5(2) or (3) shall specify</Text><Paragraph><Label>(a)</Label><Text>the respective proportions of the cost of any project to which the agreement relates that shall be paid by the Minister and the province or person or the contributions or grants in respect of that project that shall be paid by the Minister, and the times at which those amounts to be paid by the Minister or the province or person shall be paid;</Text></Paragraph><Paragraph><Label>(b)</Label><Text>the authority that shall be responsible for the undertaking, operation and maintenance of any project or any part thereof to which the agreement relates;</Text></Paragraph><Paragraph><Label>(c)</Label><Text>the respective proportions of the revenues from any project to which the agreement relates that are to be paid to the Minister and the province or person; and</Text></Paragraph><Paragraph><Label>(d)</Label><Text>the terms and conditions respecting the operation and maintenance of any project to which the agreement relates and the charges, if any, to be charged to persons to whom any of the benefits of the project are made available.</Text></Paragraph><HistoricalNote>1977-78, c. 30, s. 7.</HistoricalNote></Section><Section><MarginalNote>Leases, licences and agreements for use of scheduled harbours</MarginalNote><Label>8</Label><Text>The Minister may, subject to the regulations,</Text><Paragraph><Label>(a)</Label><Text>lease any scheduled harbour or any part thereof to any person;</Text></Paragraph><Paragraph><Label>(b)</Label><Text>grant a licence to any person for the use of any scheduled harbour or any part thereof; and</Text></Paragraph><Paragraph><Label>(c)</Label><Text>enter into an agreement with the government of any province or any agency thereof for the occupancy and use of any scheduled harbour or any part thereof.</Text></Paragraph><HistoricalNote>1977-78, c. 30, s. 8.</HistoricalNote></Section><Heading level="1"><TitleText>Regulations</TitleText></Heading><Section><MarginalNote>Regulations</MarginalNote><Label>9</Label><Text>The Governor in Council may make regulations</Text><Paragraph><Label>(a)</Label><Text>prescribing schedules naming and delimiting or describing the fishing or recreational harbours or portions thereof belonging to Her Majesty in right of Canada that are under the control and administration of the Minister for the purposes of this Act;</Text></Paragraph><Paragraph><Label>(b)</Label><Text>for the maintenance of order and the safety of persons and property at any scheduled harbour;</Text></Paragraph><Paragraph><Label>(c)</Label><Text>not inconsistent with any other Act of Parliament or regulations made thereunder, for the control of mooring, berthing, loading and discharging of vessels at any scheduled harbour;</Text></Paragraph><Paragraph><Label>(d)</Label><Text>not inconsistent with any other Act of Parliament or regulations made thereunder, for the control of pollution at any scheduled harbour;</Text></Paragraph><Paragraph><Label>(e)</Label><Text>prescribing standards for the accommodation and services provided or to be provided at any scheduled harbour;</Text></Paragraph><Paragraph><Label>(f)</Label><Text>prescribing charges for the use of any scheduled harbour;</Text></Paragraph><Paragraph><Label>(g)</Label><Text>prescribing the duties or functions of persons appointed or designated under this Act or any other Act of Parliament to supervise or manage any fishing or recreational harbour to which this Act applies;</Text></Paragraph><Paragraph><Label>(h)</Label><Text>governing inquiries into accidents and incidents held under section 26;</Text></Paragraph><Paragraph><Label>(i)</Label><Text>prescribing terms and conditions of agreements entered into pursuant to subsection 5(2) or (3);</Text></Paragraph><Paragraph><Label>(j)</Label><Text>prescribing the manner of undertaking economic or other studies pursuant to subsection 5(4);</Text></Paragraph><Paragraph><Label>(k)</Label><Text>prescribing terms and conditions of leases, licences and agreements entered into or granted pursuant to section 8;</Text></Paragraph><Paragraph><Label>(l)</Label><Text>prescribing the form of the tickets that may be issued pursuant to paragraph 25(1)(a);</Text></Paragraph><Paragraph><Label>(m)</Label><Text>respecting the detention and safe-keeping of vessels and goods seized under this Act and the payment of any reasonable costs incidental thereto;</Text></Paragraph><Paragraph><Label>(n)</Label><Text>prescribing the manner of disposing of anything forfeited under this Act; and</Text></Paragraph><Paragraph><Label>(o)</Label><Text>generally for carrying out the purposes and provisions of this Act.</Text></Paragraph><HistoricalNote>1977-78, c. 30, s. 9; 1980-81-82-83, c. 47, s. 53(F); 1984, c. 40, s. 30.</HistoricalNote></Section><Heading level="1"><TitleText>Enforcement</TitleText></Heading><Section><MarginalNote>Enforcement officers</MarginalNote><Label>10</Label><Subsection><Label>(1)</Label><Text>For the purposes of enforcing this Act and the regulations, the Minister may designate as an enforcement officer any person who is, in the opinion of the Minister, qualified to be so designated and furnish that person with a certificate of his designation.</Text></Subsection><Subsection><MarginalNote>Production of certificate of designation</MarginalNote><Label>(2)</Label><Text>In carrying out the duties and functions of an enforcement officer under this Act, an enforcement officer shall, if so requested, produce the certificate of designation of the enforcement officer as such to the person appearing to be in charge of any vessel, vehicle, premises or goods in respect of which the officer is acting.</Text></Subsection><HistoricalNote>1977-78, c. 30, s. 10.</HistoricalNote></Section><Section><MarginalNote>Powers of enforcement officers</MarginalNote><Label>11</Label><Text>Where an enforcement officer believes on reasonable grounds that a provision of this Act or the regulations is not being complied with, the officer may</Text><Paragraph><Label>(a)</Label><Text>with a warrant issued under section 11.1, board any vessel or enter any vehicle or premises where or in respect of which the officer believes on reasonable grounds there may be evidence of the non-compliance and make any inspection the officer deems necessary;</Text></Paragraph><Paragraph><Label>(b)</Label><Text>require the person appearing to be in charge of the vessel, vehicle or premises to produce for inspection, or for the purpose of making copies or extracts therefrom, any log book, document or paper that may, in the officer’s opinion, provide evidence of that non-compliance;</Text></Paragraph><Paragraph><Label>(c)</Label><Text>require any person found on board any vessel or in any vehicle or premises to give all reasonable assistance to enable the officer to carry out his duties and functions under this Act; and</Text></Paragraph><Paragraph><Label>(d)</Label><Text>prohibit the use of any scheduled harbour by any person, vessel or vehicle that the officer believes on reasonable grounds to be involved in that non-compliance and direct the removal of that person, vessel or vehicle from the harbour.</Text></Paragraph><HistoricalNote>R.S., 1985, c. F-24, s. 11; R.S., 1985, c. 31 (1st Supp.), s. 36.</HistoricalNote></Section><Section><MarginalNote>Authority to issue warrant</MarginalNote><Label>11.1</Label><Text>Where on <Language xml:lang="la">ex parte</Language> application a justice of the peace is satisfied by information on oath that there are reasonable grounds to believe that there is in any vessel, vehicle or premises</Text><Paragraph><Label>(a)</Label><Text>anything on or in respect of which any contravention under this Act has been or is suspected to have been committed, or</Text></Paragraph><Paragraph><Label>(b)</Label><Text>anything that there are reasonable grounds to believe will afford evidence with respect to the commission of any contravention under this Act,</Text></Paragraph><ContinuedSectionSubsection><Text>the justice of the peace may issue a warrant under his hand authorizing the enforcement officer named therein to enter that vessel, vehicle or premises subject to such conditions as may be specified in the warrant in order to make any inspection the enforcement officer deems necessary.</Text></ContinuedSectionSubsection><HistoricalNote>R.S., 1985, c. 31 (1st Supp.), s. 37.</HistoricalNote></Section><Section><MarginalNote>Use of force</MarginalNote><Label>11.2</Label><Text>In executing a warrant issued under section 11.1, the enforcement officer named therein shall not use force unless the officer is accompanied by a peace officer and the use of force has been specifically authorized in the warrant.</Text><HistoricalNote>R.S., 1985, c. 31 (1st Supp.), s. 37.</HistoricalNote></Section><Section><MarginalNote>Where warrant not necessary</MarginalNote><Label>11.3</Label><Text>An enforcement officer may exercise the powers referred to in paragraph 11(a) without a warrant issued under section 11.1 if the conditions for obtaining the warrant exist but by reason of exigent circumstances it would not be practical to obtain the warrant.</Text><HistoricalNote>R.S., 1985, c. 31 (1st Supp.), s. 37.</HistoricalNote></Section><Section><MarginalNote>Exigent circumstances</MarginalNote><Label>11.4</Label><Text>For the purposes of section 11.3, exigent circumstances include circumstances in which the delay necessary to obtain a warrant under section 11.1 would result in danger to human life or safety or the loss or destruction of evidence.</Text><HistoricalNote>R.S., 1985, c. 31 (1st Supp.), s. 37.</HistoricalNote></Section><Section><MarginalNote>Obstruction of enforcement officer</MarginalNote><Label>12</Label><Text>Where an enforcement officer is carrying out the duties and functions of an enforcement officer under this Act, no person shall</Text><Paragraph><Label>(a)</Label><Text>fail to comply with any reasonable requirement or direction of the officer;</Text></Paragraph><Paragraph><Label>(b)</Label><Text>knowingly make a false or misleading statement, either orally or in writing, to the officer; or</Text></Paragraph><Paragraph><Label>(c)</Label><Text>otherwise obstruct or hinder the officer.</Text></Paragraph><HistoricalNote>1977-78, c. 30, s. 12.</HistoricalNote></Section><Heading level="1"><TitleText>Charges</TitleText></Heading><Section><MarginalNote>Debt due to Her Majesty</MarginalNote><Label>13</Label><Subsection><Label>(1)</Label><Text>All charges prescribed by regulations made under this Act for the use of any scheduled harbour constitute a debt due to Her Majesty in right of Canada jointly and severally by the owner and any other person in charge of the vessel or goods in respect of which the charges are payable.</Text></Subsection><Subsection><MarginalNote>Other remedies available</MarginalNote><Label>(2)</Label><Text>Nothing in this Act prevents a debt payable under this Act from being recovered, together with all costs, from the debtor in any court of competent jurisdiction or the exercise against the debtor of any other right or remedy available at law.</Text></Subsection><HistoricalNote>1977-78, c. 30, s. 13.</HistoricalNote></Section><Heading level="1"><TitleText>Removal, Seizure, Detention and Sale</TitleText></Heading><Section><MarginalNote>Obstruction of scheduled harbours</MarginalNote><Label>14</Label><Subsection><Label>(1)</Label><Text>Where any vessel or goods are left or abandoned at any scheduled harbour and an enforcement officer believes on reasonable grounds that the vessel or goods impede, interfere with or render difficult or dangerous the use of the harbour, the officer may direct the person appearing to be in charge of the vessel or goods to remove the vessel or goods from the harbour to such place as the officer deems suitable.</Text></Subsection><Subsection><MarginalNote>Seizure and removal</MarginalNote><Label>(2)</Label><Text>If the person to whom a direction is given pursuant to subsection (1) fails to comply with the direction or if no person appears to be in charge of the vessel or goods, the enforcement officer may seize the vessel or goods and remove them to such place as the officer deems suitable, and the costs of the seizure and removal are recoverable in the same manner as a debt due to Her Majesty in right of Canada for charges under this Act.</Text></Subsection><HistoricalNote>R.S., 1985, c. F-24, s. 14; R.S., 1985, c. 31 (1st Supp.), s. 98.</HistoricalNote></Section><Section><MarginalNote>Seizure and detention</MarginalNote><Label>15</Label><Text>Where an enforcement officer believes on reasonable grounds that</Text><Paragraph><Label>(a)</Label><Text>any amount is due and payable under this Act for charges in respect of any vessel or goods, or</Text></Paragraph><Paragraph><Label>(b)</Label><Text>any provision of this Act or the regulations relating to any vessel or goods has been contravened,</Text></Paragraph><ContinuedSectionSubsection><Text>the officer may seize and detain the vessel or goods.</Text></ContinuedSectionSubsection><HistoricalNote>1977-78, c. 30, s. 15.</HistoricalNote></Section><Section><MarginalNote>Application for order directing forfeiture</MarginalNote><Label>16</Label><Subsection><Label>(1)</Label><Text>Where, at the time any vessel or goods are seized under this Act, no person appears to be in possession thereof or to have the right to the possession thereof, the Minister may apply to any court of competent jurisdiction for an order directing the forfeiture of the vessel or goods to Her Majesty in right of Canada.</Text></Subsection><Subsection><MarginalNote>Forfeiture granted</MarginalNote><Label>(2)</Label><Text>Where, on the hearing of an application made under subsection (1), the court is satisfied that no person appears to be in possession or to have the right to the possession of the vessel or goods seized, it may order the forfeiture thereof to Her Majesty in right of Canada and on such forfeiture the vessel or goods may be disposed of as the Minister directs.</Text></Subsection><Subsection><MarginalNote>Protection of persons claiming interest</MarginalNote><Label>(3)</Label><Text>Sections 74 to 77 of the <XRefExternal reference-type="act">Fisheries Act</XRefExternal> applies, with such modifications as the circumstances require, in respect of anything forfeited under subsection (2) as though it were an article forfeited under subsection 72(1) of that Act.</Text></Subsection><Subsection><MarginalNote>Forfeiture refused</MarginalNote><Label>(4)</Label><Text>Where, on the hearing of an application made under subsection (1), the court is not satisfied that the vessel or goods seized should be forfeited, it shall order the vessel or goods to be dealt with according to the other provisions of this Act and the regulations applicable thereto.</Text></Subsection><HistoricalNote>1977-78, c. 30, s. 16.</HistoricalNote></Section><Section><MarginalNote>Sale of perishable goods</MarginalNote><Label>17</Label><Subsection><Label>(1)</Label><Text>Where, in the opinion of the enforcement officer, any goods seized and detained under this Act are likely to rot, spoil or otherwise perish, the officer may sell or otherwise dispose of the goods in such manner and for such price as is reasonable in the circumstances.</Text></Subsection><Subsection><MarginalNote>Proceeds of sale</MarginalNote><Label>(2)</Label><Text>The proceeds of a sale or other disposition referred to in subsection (1) shall be paid to the Receiver General or deposited to the credit of the Receiver General in a bank.</Text></Subsection><HistoricalNote>1977-78, c. 30, s. 17.</HistoricalNote></Section><Section><MarginalNote>Return of property seized</MarginalNote><Label>18</Label><Subsection><Label>(1)</Label><Text>Subject to subsection (2), any vessel or goods seized under this Act and any proceeds of a sale or other disposition thereof made under section 17 shall be returned to the person from whom the vessel or goods were seized or to any other person entitled to the possession thereof after</Text><Paragraph><Label>(a)</Label><Text>the provisions of this Act and the regulations that apply to the vessel or goods have, in the opinion of an enforcement officer, been complied with; or</Text></Paragraph><Paragraph><Label>(b)</Label><Text>the expiration of twenty-one days from the day of the seizure, unless before that time an application for an order authorizing the sale of the vessel or goods has been made pursuant to section 19.</Text></Paragraph></Subsection><Subsection><MarginalNote>Restriction</MarginalNote><Label>(2)</Label><Text>Subsection (1) does not apply in respect of any vessel or goods forfeited pursuant to section 16.</Text></Subsection><HistoricalNote>1977-78, c. 30, s. 18.</HistoricalNote></Section><Section><MarginalNote>Application for order authorizing sale</MarginalNote><Label>19</Label><Subsection><Label>(1)</Label><Text>The Minister may, before the expiration of twenty-one days from the day of the seizure of any vessel or goods under this Act, apply to any court of competent jurisdiction for an order authorizing the sale of the vessel or goods.</Text></Subsection><Subsection><MarginalNote>Redelivery on security</MarginalNote><Label>(2)</Label><Text>The court may order the redelivery of any vessel or goods seized under this Act to the person from whom the vessel or goods were seized or to any other person entitled to the possession thereof after security by bond, with two sureties, in such amount and form as is satisfactory to the Minister, is given to Her Majesty in right of Canada or after security of a cash deposit, in an amount satisfactory to the Minister, is given to Her Majesty in right of Canada.</Text></Subsection><Subsection><MarginalNote>Order of sale refused</MarginalNote><Label>(3)</Label><Text>Where, on the hearing of an application made under subsection (1), the court is not satisfied that the vessel or goods seized should be sold, it may order that the vessel or goods be returned or, if a sale or other disposition of the goods has been made pursuant to section 17, it may order that any proceeds thereof be remitted to the person from whom the vessel or goods were seized or to any other person entitled to the possession thereof.</Text></Subsection><Subsection><MarginalNote>Order of sale granted</MarginalNote><Label>(4)</Label><Text>Where, on the hearing of an application made under subsection (1), the court is satisfied that the vessel or goods seized should be sold, it may order the sale thereof and thereupon the Minister may sell the vessel or goods in such manner and for such price as the court determines is reasonable in the circumstances.</Text></Subsection><Subsection><MarginalNote>Proceeds of sale</MarginalNote><Label>(5)</Label><Text>Where the total amount realized from a sale made under subsection (4) or any other disposition made under section 17, or both, exceeds the amount payable for rates and charges under this Act together with all costs and reasonable expenses incurred in connection with the sale or other disposition and any removal, seizure or detention under this Act, the Minister shall remit the excess amount to the person then appearing to be entitled thereto.</Text></Subsection><Subsection><MarginalNote>Idem</MarginalNote><Label>(6)</Label><Text>Where it appears to the Minister that no person is entitled to the excess amount mentioned in subsection (5), that amount shall be paid to the Receiver General.</Text></Subsection><HistoricalNote>1977-78, c. 30, s. 19.</HistoricalNote></Section><Heading level="1"><TitleText>Offences and Punishment</TitleText></Heading><Section><MarginalNote>Contravening section 12 or regulations</MarginalNote><Label>20</Label><Text>Every person who contravenes section 12 or the regulations is guilty of an offence and liable on summary conviction to a fine not exceeding twenty-five thousand dollars or to imprisonment for a term not exceeding six months or to both.</Text><HistoricalNote>1977-78, c. 30, s. 20.</HistoricalNote></Section><Section><MarginalNote>Officers, etc., of corporations</MarginalNote><Label>21</Label><Text>Where a corporation commits an offence under this Act, any officer, director or agent of the corporation who directed, authorized, assented to, acquiesced in or participated in the commission of the offence is a party to and guilty of the offence and is liable on conviction to the punishment provided for the offence whether or not the corporation has been prosecuted or convicted.</Text><HistoricalNote>1977-78, c. 30, s. 21.</HistoricalNote></Section><Section><MarginalNote>Trial of offences</MarginalNote><Label>22</Label><Text>A complaint or information in respect of an offence under this Act may be heard, tried or determined by a court if the accused is resident or carrying on business within the territorial jurisdiction of that court although the matter of the complaint or information did not arise in that territorial jurisdiction.</Text><HistoricalNote>1977-78, c. 30, s. 22.</HistoricalNote></Section><Section><MarginalNote>Offence by employee or agent</MarginalNote><Label>23</Label><Text>In any prosecution for an offence under this Act, it is sufficient proof of the offence to establish that it was committed by an employee or agent of the accused whether or not the employee or agent is identified or has been prosecuted for the offence, unless the accused establishes that the offence was committed without the knowledge or consent of the accused and that the accused exercised all due diligence to prevent its commission.</Text><HistoricalNote>1977-78, c. 30, s. 23.</HistoricalNote></Section><Heading level="1"><TitleText>Evidence</TitleText></Heading><Section><MarginalNote>Copies and extracts as evidence</MarginalNote><Label>24</Label><Subsection><Label>(1)</Label><Text>Subject to subsections (2) and (3), a copy or extract made by an enforcement officer pursuant to paragraph 11(b) and purporting to be certified under the signature of that enforcement officer as a true copy or extract is admissible in evidence in any prosecution for an offence under this Act without proof of the signature or official character of the person appearing to have signed the copy or extract and, in the absence of any evidence to the contrary, has the same probative force as the original document would have if it had been proved in the ordinary way.</Text></Subsection><Subsection><MarginalNote>Attendance of enforcement officer</MarginalNote><Label>(2)</Label><Text>The party against whom any copy or extract is produced pursuant to subsection (1) may, with leave of the court, require the attendance of the enforcement officer for the purposes of cross-examination.</Text></Subsection><Subsection><MarginalNote>Notice</MarginalNote><Label>(3)</Label><Text>No copy or extract referred to in subsection (1) shall be admitted in evidence unless the party intending to produce it has given to the party against whom it is intended to be produced reasonable notice of that intention together with a duplicate of the copy or extract.</Text></Subsection><HistoricalNote>1977-78, c. 30, s. 24.</HistoricalNote></Section><Heading level="1"><TitleText>Payment of Fines</TitleText></Heading><Section><MarginalNote>Regulations relating to offences</MarginalNote><Label>25</Label><Subsection><Label>(1)</Label><Text>The Governor in Council may by regulation designate any offence under this Act or the regulations as an offence with respect to which</Text><Paragraph><Label>(a)</Label><Text>notwithstanding the provisions of the <XRefExternal reference-type="act">Criminal Code</XRefExternal>, any person designated as an enforcement officer pursuant to section 10 may lay an information and issue and serve a summons by completing a ticket in the form prescribed by regulation, affixing that person’s signature thereto and delivering the ticket to the person alleged to have committed the offence specified therein at the time the offence is alleged to have been committed; or</Text></Paragraph><Paragraph><Label>(b)</Label><Text>the summons may be served on an accused by mailing the summons to the accused at the latest known address of the accused.</Text></Paragraph></Subsection><Subsection><MarginalNote>Voluntary payment of fine</MarginalNote><Label>(2)</Label><Text>A regulation made under this section shall establish a procedure for voluntarily entering a plea of guilty and paying a fine in respect of each offence to which the regulation relates and shall fix the amount of the fine that may be so paid in respect of each such offence.</Text></Subsection><Subsection><MarginalNote>Fixing of fines</MarginalNote><Label>(3)</Label><Text>A fine fixed in respect of an offence by a regulation made under this section may be lower for a first offence than for any subsequent offence but in no case shall it be greater than fifty dollars.</Text></Subsection><HistoricalNote>1977-78, c. 30, s. 25; 1984, c. 40, s. 79(F).</HistoricalNote></Section><Heading level="1"><TitleText>Inquiries into Accidents</TitleText></Heading><Section><MarginalNote>Minister may direct inquiry</MarginalNote><Label>26</Label><Subsection><Label>(1)</Label><Text>The Minister may direct an inquiry to be made, subject to the <XRefExternal reference-type="act">Canadian Transportation Accident Investigation and Safety Board Act</XRefExternal>, whenever an accident or incident that results or is likely to result in death or injury to any person, damage to property or danger to the health or safety of the public has occurred at any scheduled harbour and authorize any qualified persons to conduct the inquiry.</Text></Subsection><Subsection><MarginalNote>Powers of persons conducting inquiries</MarginalNote><Label>(2)</Label><Text>Every person authorized by the Minister to conduct an inquiry under subsection (1) shall have all the powers of a commissioner appointed under Part I of the <XRefExternal reference-type="act">Inquiries Act</XRefExternal>.</Text></Subsection><Subsection><Label>(3)</Label><Text><Repealed>[Repealed, 1989, c. 3, s. 44]</Repealed></Text></Subsection><HistoricalNote>R.S., 1985, c. F-24, s. 26; 1989, c. 3, s. 44.</HistoricalNote></Section><Heading level="1"><TitleText>Officers and Employees</TitleText></Heading><Section><MarginalNote>Appointment of officers or employees</MarginalNote><Label>27</Label><Text>For the purposes of this Act, the Minister may appoint and fix the remuneration of such officers or employees as the Minister thinks proper for the operation, administration and management of any scheduled harbours, and the officers or employees so appointed shall perform such duties or functions as the Minister may direct or as may be prescribed by regulations made under this Act.</Text><HistoricalNote>1977-78, c. 30, s. 27.</HistoricalNote></Section></Body><Schedule id="NifProvs"><ScheduleFormHeading type="amending"><TitleText>AMENDMENTS NOT IN FORCE</TitleText></ScheduleFormHeading><BillPiece><Heading level="5" style="nifrp"><TitleText>
                    — 1992, c. 47, s. 84 (Sch., ss. 4, 5)</TitleText></Heading><Section type="amending"><Label>4</Label><Text>Paragraph 9(l) is repealed.</Text></Section><Heading level="5" style="nifrp"><TitleText>
                    — 1992, c. 47, s. 84 (Sch., ss. 4, 5)</TitleText></Heading><Section type="amending"><Label>5</Label><Text>The heading preceding section 25 and section 25 are repealed.</Text></Section></BillPiece></Schedule></Statute>