﻿<?xml version="1.0" encoding="utf-8"?><!DOCTYPE Statute PUBLIC "-//Justice Canada//DTD Statute v2.0.0//EN" "Dtd/Version_2.0.0/Statute/Statute.dtd"><Statute bill-origin="commons" bill-type="govt-public" xml:lang="en" in-force="yes"><Identification><LongTitle>An Act to implement an agreement between Her Majesty in right of the Province of British Columbia and Her Majesty in right of Canada respecting the sharing of revenues from the exploitation of minerals in the Fort Nelson Indian Reserve</LongTitle><ShortTitle status="official">Fort Nelson Indian Reserve Minerals Revenue Sharing Act</ShortTitle><RunningHead>Fort Nelson Indian Reserve Minerals Revenue Sharing</RunningHead><BillHistory><Stages stage="assented-to"><Date><YYYY>1980</YYYY><MM>7</MM><DD>17</DD></Date></Stages><Stages stage="consolidation"><Date><YYYY>2018</YYYY><MM>08</MM><DD>20</DD></Date></Stages></BillHistory><Chapter><ConsolidatedNumber official="no">F-31.4</ConsolidatedNumber><AnnualStatuteId revised-statute="no"><AnnualStatuteNumber>38</AnnualStatuteNumber><YYYY>1980-81-82-83</YYYY></AnnualStatuteId></Chapter></Identification><Introduction><Enacts><Provision language-align="no" format-ref="indent-0-0"><Text>Her Majesty, by and with the advice and consent of the Senate and House of Commons of Canada, enacts as follows:</Text></Provision></Enacts></Introduction><Body><Heading level="1"><TitleText>Short Title</TitleText></Heading><Section><MarginalNote>Short title</MarginalNote><Label>1</Label><Text>This Act may be cited as the <XRefExternal reference-type="act">Fort Nelson Indian Reserve Minerals Revenue Sharing Act</XRefExternal>.</Text></Section><Heading level="1"><TitleText>Interpretation</TitleText></Heading><Section><MarginalNote>Definitions</MarginalNote><Label>2</Label><Text>In this Act,</Text><Definition><MarginalNote><DefinedTermEn>agreement</DefinedTermEn></MarginalNote><MarginalNote><DefinedTermFr>accord</DefinedTermFr></MarginalNote><Text><DefinedTermEn>agreement</DefinedTermEn> means the agreement and Schedules A, B and D thereto set out in the schedule to this Act and includes Schedule C thereto, being a map not set out in the schedule to this Act but tabled in the House of Commons by the Minister on May 29, 1980 and recorded as document number 321-7/6;</Text></Definition><Definition><MarginalNote><DefinedTermEn>Minister</DefinedTermEn></MarginalNote><MarginalNote><DefinedTermFr>Ministre</DefinedTermFr></MarginalNote><Text><DefinedTermEn>Minister</DefinedTermEn> means the Minister of Indian Affairs and Northern Development.</Text></Definition></Section><Heading level="1"><TitleText>Agreement</TitleText></Heading><Section><MarginalNote>Agreement approved</MarginalNote><Label>3</Label><Text>The agreement is approved and declared to have the force of law and shall be deemed to have come into force on January 1, 1977.</Text></Section><Section><MarginalNote>Inconsistency or conflict</MarginalNote><Label>4</Label><Text>Where there is any inconsistency or conflict between this Act or the agreement and any other Act of Parliament, this Act and the agreement prevail to the extent of the inconsistency or conflict.</Text></Section><Section><MarginalNote>Regulations</MarginalNote><Label>5</Label><Text>The Minister may make such regulations as are necessary for the purpose of carrying out the agreement.</Text></Section><Heading level="1"><TitleText>Amendments</TitleText></Heading><Section><MarginalNote>Amendment given effect</MarginalNote><Label>6</Label><Text>The Governor in Council may, by order, consent to and give effect to any amendment to the agreement that is made in accordance with the agreement.</Text></Section><Section><MarginalNote>Tabling order</MarginalNote><Label>7</Label><Text>An order under section 6, together with the amendment to which the order relates, shall be laid before Parliament not later than the fifteenth sitting day of either House of Parliament after it is issued.</Text></Section><Heading level="1"><TitleText>Commencement</TitleText></Heading><Section><MarginalNote>Coming into force</MarginalNote><Label><FootnoteRef idref="F-31.4_en_1">*</FootnoteRef>8</Label><Text>This Act shall come into force on a day to be fixed by proclamation.</Text><Footnote id="F-31.4_en_1" placement="section" status="editorial" xml:space="default"><Label>*</Label><Text>[Note: Act in force September 18, 1980, <Emphasis style="italic">see</Emphasis> SI/80-172.]</Text></Footnote></Section><Section><MarginalNote>Application</MarginalNote><Label>9</Label><Text>This Act applies to the Fort Nelson Indian Band and to no other Indian Band.</Text></Section></Body><Schedule bilingual="no" spanlanguages="no"><ScheduleFormHeading><Label>SCHEDULE</Label></ScheduleFormHeading><Provision format-ref="indent-0-0" language-align="no"><Text>THIS AGREEMENT is made as of the 1st day of January A.D. 1977, BETWEEN:</Text><Provision format-ref="indent-1-1" language-align="no"><Text>Her Majesty the Queen in Right of Canada represented herein by the Minister of Indian Affairs and Northern Development</Text></Provision><Provision format-ref="centered" language-align="yes" topmarginspacing="6"><Text>(hereinafter called “Canada”)</Text></Provision><Provision format-ref="right-align" language-align="no"><Text>OF THE FIRST PART</Text></Provision><Provision format-ref="indent-0-0" language-align="no"><Text>AND</Text></Provision><Provision format-ref="indent-1-1" language-align="no"><Text>Her Majesty the Queen in Right of the Province of British Columbia, represented herein by the Attorney-General and the Minister of Energy, Mines and Petroleum Resources</Text></Provision><Provision format-ref="centered" language-align="yes" topmarginspacing="6"><Text>(hereinafter called the “Province”)</Text></Provision><Provision format-ref="right-align" language-align="no"><Text>OF THE SECOND PART</Text></Provision></Provision><Provision format-ref="indent-1-1" language-align="yes"><Text>WHEREAS:</Text><Provision format-ref="indent-0-0" language-align="yes"><Label>A</Label><Text>By Treaty No. 8, the Fort Nelson Indian Band (hereinafter called the “Band”) for various considerations surrendered to Canada all their rights, titles and privileges whatsoever to certain lands within British Columbia, such considerations including the setting apart of lands to be reserved for the exclusive use of the Band;</Text></Provision><Provision format-ref="indent-0-0" language-align="yes"><Label>B</Label><Text>By British Columbia Order-in-Council No. 2995 dated the 28th day of November, 1961, certain lands were conveyed by the Province to Canada in trust for the use and benefit of the Fort Nelson Indian Band purporting to be in accordance with Interim Report No. 91 of the Royal Commission on Indian Affairs in British Columbia, established pursuant to an agreement dated the 24th day of September, 1912, between J. A. J. McKenna, Special Commissioner appointed by Canada, and the Honourable Sir Richard McBride as Premier of the Province of British Columbia;</Text></Provision><Provision format-ref="indent-0-0" language-align="yes"><Label>C</Label><Text>The Province, by the said Order-in-Council No. 2995, reserved unto itself all rights to any minerals, precious or base, including coal, petroleum and any gas or gases underlying the Reserve and the Band, through Canada, took exception to this said reservation as being contrary to the terms and meaning of, <Language xml:lang="la">inter alia</Language>, the aforesaid McKenna-McBride agreement and Treaty No. 8;</Text></Provision><Provision format-ref="indent-0-0" language-align="yes"><Label>D</Label><Text>The Band, through Canada, has continued to demand from the Province conveyance to Canada as Trustee for the Band of the rights to any minerals, precious or base, including coal, petroleum and any gas or gases underlying the Reserve;</Text></Provision><Provision format-ref="indent-0-0" language-align="yes"><Label>E</Label><Text>It has been agreed between Canada, in its own right and on behalf of the Band, and the Province to resolve this long-standing issue of rights to any minerals, precious or base, including coal, petroleum and any gas or gases underlying the Reserve by the parties entering into this Agreement to provide, <Language xml:lang="la">inter alia</Language> for ownership, administration and control by the Province of coal, petroleum and any gas or gases underlying the Reserve, and for equal sharing between Canada and the Province of the net profit and gross revenue from the disposition of coal, petroleum and any gas or gases, and such other minerals as are herein defined, underlying the Reserve;</Text></Provision><Provision format-ref="indent-0-0" language-align="yes"><Label>F</Label><Text>The Band Council has by Band Council Resolution dated the 17th day of December 1979, a copy of which is attached hereto as Schedule “A”, approved this Agreement, and has requested that the Minister of Indian Affairs and Northern Development order that a referendum be held for the purpose of obtaining from the Band a surrender and approval to enter into this Agreement;</Text></Provision><Provision format-ref="indent-0-0" language-align="yes"><Label>G</Label><Text>Canada is required to obtain from the Band pursuant to, and in accordance with the provisions of the <XRefExternal reference-type="act">Indian Act</XRefExternal>, R.S.C., 1970, Chapter I-6, a surrender and approval to enter into this Agreement in the form attached hereto as Schedule “B”.</Text></Provision></Provision><Provision format-ref="indent-0-0" language-align="yes"><Text>NOW THIS AGREEMENT WITNESSETH that in consideration of the premises Canada and the Province mutually COVENANT AND AGREE as follows:</Text><Provision format-ref="indent-0-0" language-align="yes"><Label>1</Label><Text>DEFINITIONS</Text><Provision format-ref="indent-1-1" language-align="no"><Text>In this Agreement:</Text><Provision format-ref="indent-2-1" language-align="yes"><Label>(1)</Label><Text><DefinedTermEn>Basic Agreement</DefinedTermEn> means the agreement, dated November 13, 1973, between the British Columbia Petroleum Corporation (hereinafter called the “Petroleum Corporation”) and Westcoast Transmission Company Limited (hereinafter called “Westcoast”);</Text></Provision><Provision format-ref="indent-2-1" language-align="yes"><Label>(2)</Label><Text><DefinedTermEn>Clarke Lake Field</DefinedTermEn> means the natural gas pool commonly known as Clarke Lake Field Slave Point Pool A, being the natural gas pool lying within the lands described in Schedule “C”;</Text></Provision><Provision format-ref="indent-2-1" language-align="yes"><Label>(3)</Label><Text><DefinedTermEn>Domestic Utilities</DefinedTermEn> means the corporations named in Clauses (a), (b), (c), (d) and (e) of sub-paragraph (6) hereof and the successors to or assigns of the rights to purchase Natural Gas from Westcoast under the contracts referred to in the said Clauses (a), (b), (c), (d) and (e) and <DefinedTermEn>Domestic Utility</DefinedTermEn> means any one thereof;</Text></Provision><Provision format-ref="indent-2-1" language-align="yes"><Label>(4)</Label><Text><DefinedTermEn>Excepted Minerals</DefinedTermEn> means all minerals, precious or base including coal, petroleum and any gas or gases which may be found in, upon or under the lands conveyed by the Province to Canada in trust for the use and benefit of the Band by British Columbia Order-in-Council No. 2995 dated the 28th day of November, 1961;</Text></Provision><Provision format-ref="indent-2-1" language-align="yes"><Label>(5)</Label><Text><DefinedTermEn>Foreign Utility</DefinedTermEn> means Northwest Pipeline Corporation, its successors to, or assigns of, the right to purchase Natural Gas pursuant to the contract referred to in paragraph 1(6)(f) hereof;</Text></Provision><Provision format-ref="indent-2-1" language-align="yes"><Label>(6)</Label><Text><DefinedTermEn>Gas Sales Contracts</DefinedTermEn> means those contracts under which Westcoast sells Natural Gas, specifically the contracts it has with:</Text><Provision format-ref="indent-2-2" language-align="no"><Label>(a)</Label><Text>B.C. Hydro Power Authority dated October 29, 1967</Text></Provision><Provision format-ref="indent-2-2" language-align="no"><Label>(b)</Label><Text>Inland Natural Gas Co. Ltd. dated November 1, 1968</Text></Provision><Provision format-ref="indent-2-2" language-align="no"><Label>(c)</Label><Text>Pacific Northern Gas Ltd. dated December 16, 1969</Text></Provision><Provision format-ref="indent-2-2" language-align="no"><Label>(d)</Label><Text>Peace River Transmission Co. Limited dated October 31, 1967</Text></Provision><Provision format-ref="indent-2-2" language-align="no"><Label>(e)</Label><Text>Plains-Western Gas &amp; Electric Co. Limited dated July 1, 1974</Text></Provision><Provision format-ref="indent-2-2" language-align="no"><Label>(f)</Label><Text>Northwest Pipeline Corporation dated October 10, 1969;</Text></Provision></Provision><Provision format-ref="indent-2-1" language-align="yes"><Label>(7)</Label><Text><DefinedTermEn>Judge</DefinedTermEn> means a Puisne Judge of the Supreme Court of British Columbia;</Text></Provision><Provision format-ref="indent-2-1" language-align="yes"><Label>(8)</Label><Text><DefinedTermEn>Mcf</DefinedTermEn> means the volume of Natural Gas which occupies one thousand cubic feet when at a temperature of 60° Fahrenheit and (unless otherwise stated) at a pressure of 14.65 pounds per square inch absolute;</Text></Provision><Provision format-ref="indent-2-1" language-align="yes"><Label>(9)</Label><Text><DefinedTermEn>Natural Gas</DefinedTermEn> means all fluid hydrocarbons, both before and after processing, which are not defined as petroleum and includes hydrogen sulphide, carbon dioxide and helium contained in fluid hydrocarbons;</Text></Provision><Provision format-ref="indent-2-1" language-align="yes"><Label>(10)</Label><Text><DefinedTermEn>Net Residue Gas Supply</DefinedTermEn> means that portion of Residue Gas Supply which is attributable to Natural Gas produced in the Province of British Columbia;</Text></Provision><Provision format-ref="indent-2-1" language-align="yes"><Label>(11)</Label><Text><DefinedTermEn>New Gas</DefinedTermEn> means Natural Gas which is produced in the Province of British Columbia and which is obtained through a well:</Text><Provision format-ref="indent-2-2" language-align="no"><Label>(a)</Label><Text>which draws from a pool, no part of which flowed prior to November 14, 1973, or</Text></Provision><Provision format-ref="indent-2-2" language-align="no"><Label>(b)</Label><Text>the spacing area of which lay as of the date of the spudding of such well wholly outside the outline (as described from time to time by the Chief of Branch under the <XRefExternal reference-type="act">Petroleum and Natural Gas Act</XRefExternal>, S.B.C. 1965, c. 33) of each Pool drawn upon by such well;</Text></Provision></Provision><Provision format-ref="indent-2-1" language-align="yes"><Label>(12)</Label><Text><DefinedTermEn>Old Gas</DefinedTermEn> means Natural Gas which is produced in British Columbia but does not come within the classification of New Gas;</Text></Provision><Provision format-ref="indent-2-1" language-align="yes"><Label>(13)</Label><Text><DefinedTermEn>Person</DefinedTermEn> includes a corporation;</Text></Provision><Provision format-ref="indent-2-1" language-align="yes"><Label>(14)</Label><Text><DefinedTermEn>Petroleum</DefinedTermEn> means crude petroleum and all other hydrocarbons, regardless of gravity, that are or can be recovered in liquid form from a Pool through a well by ordinary production methods or that are or can be recovered from oil sand or oil shale;</Text></Provision><Provision format-ref="indent-2-1" language-align="yes"><Label>(15)</Label><Text><DefinedTermEn>Pool</DefinedTermEn> means an underground reservoir containing an accumulation of Petroleum or Natural Gas or both, separated or appearing to be separated from any other such reservoir or accumulation, and characterized by a single pressure system such that production of Petroleum or Natural Gas from one part thereof affects the reservoir pressure throughout its extent;</Text></Provision><Provision format-ref="indent-2-1" language-align="yes"><Label>(16)</Label><Text><DefinedTermEn>Production Month</DefinedTermEn> means a period of time beginning at eight A.M. (P.S.T.) on the first day of the calendar month and ending at eight A.M. (P.S.T.) on the first day of the next succeeding calendar month;</Text></Provision><Provision format-ref="indent-2-1" language-align="yes"><Label>(17)</Label><Text><DefinedTermEn>Reserve</DefinedTermEn> means the lands conveyed by the Province to Canada by British Columbia Order-in-Council No. 2995 of 28th November, 1961 and which are presently set aside by Canada for the use and benefit of the Band as reserves within the meaning of the <XRefExternal reference-type="act">Indian Act</XRefExternal> R.S.C., 1970 c. I-6 and any lands which may in future be conveyed by the Province to Canada for the use and benefit of the Band and which are set aside by Canada for the use and benefit of the Band as reserves within the meaning of the <XRefExternal reference-type="act">Indian Act</XRefExternal>;</Text></Provision><Provision format-ref="indent-2-1" language-align="yes"><Label>(18)</Label><Text><DefinedTermEn>Residue Gas</DefinedTermEn> means the substance remaining after raw Natural Gas has been processed to conform with the specifications common to the Gas Sales Contracts;</Text></Provision><Provision format-ref="indent-2-1" language-align="yes"><Label>(19)</Label><Text><DefinedTermEn>Residue Gas Supply</DefinedTermEn> means the total volume, expressed in Mcf, of Residue Gas which is:</Text><Provision format-ref="indent-2-2" language-align="no"><Label>(a)</Label><Text>derived from Natural Gas wheresoever produced, and</Text></Provision><Provision format-ref="indent-2-2" language-align="no"><Label>(b)</Label><Text>acquired by Westcoast (whether through processing raw Natural Gas or by acquiring it in Residue Gas form) for the purpose of supplying Natural Gas pursuant to its Gas Sales Contracts.</Text></Provision></Provision><Provision format-ref="indent-2-1" language-align="yes"><Label>(20)</Label><Text><DefinedTermEn>Shrinkage</DefinedTermEn> means the amount by which the Residue Gas Supply acquired by Westcoast in a Production Month exceeds the total of the volume in Residue Gas sold by Westcoast during such month pursuant to the Gas Sales Contracts;</Text></Provision><Provision format-ref="indent-2-1" language-align="yes"><Label>(21)</Label><Text><DefinedTermEn>Subject Gas</DefinedTermEn> means all Natural Gas, the production of which is attributable to the lands included within the Reserve, notwithstanding that surface rights in the said lands may be vested in the Province, any other person, or in Canada other than for the use and benefit of the Band;</Text></Provision><Provision format-ref="indent-2-1" language-align="yes"><Label>(22)</Label><Text><DefinedTermEn>Zero Line</DefinedTermEn> means the perimeter of the pay zone of the Clarke Lake Field as outlined in blue on Schedule “C” attached hereto.</Text></Provision></Provision></Provision><Provision format-ref="indent-0-0" language-align="yes"><Label>2</Label><Text>DECLARATION</Text><Provision format-ref="indent-1-1" language-align="no"><Text>This Agreement applies to:</Text><Provision format-ref="indent-2-2" language-align="yes"><Label>(1)</Label><Text>all Excepted Minerals,</Text></Provision><Provision format-ref="indent-2-2" language-align="yes"><Label>(2)</Label><Text>all minerals precious or base, including coal, Petroleum, and Natural Gas, which underlie lands that may hereafter be conveyed by the Province to Canada for the use and benefit of the Band as a Reserve, and</Text></Provision><Provision format-ref="indent-2-2" language-align="yes"><Label>(3)</Label><Text>all other minerals which are in, upon or under the lands conveyed by the Province to Canada in trust for the use and benefit of the Band by British Columbia Order-in-Council No. 2995 dated the 28th day of November, 1961, or which underlie lands that may hereafter be granted by the Province to Canada for the use and benefit of the Band as a Reserve;</Text></Provision><Provision format-ref="indent-1-1" language-align="no"><Text>all of which minerals are hereinafter referred to as the “Subject Minerals”.</Text></Provision></Provision></Provision><Provision format-ref="indent-0-0" language-align="yes"><Label>3</Label><Text>MINERALS</Text><Provision format-ref="indent-1-1" language-align="no"><Text>All minerals as defined in the <XRefExternal reference-type="act">Indian Reserves Mineral Resources Act</XRefExternal>, R.S.B.C. 1960, c. 187 in, upon or under the Reserve and all rights and claims thereto shall be administered as though specifically subjected to and included in:</Text><Provision format-ref="indent-2-1" language-align="yes"><Label>(1)</Label><Text>the Agreement made between Canada and the Province and ratified by Canada by the <XRefExternal reference-type="act">British Columbia Indian Reserves Mineral Resources Act</XRefExternal>, S.C. 1943, c. 19 and by the Province by the <XRefExternal reference-type="act">Indian Reserves Mineral Resources Act</XRefExternal>, and</Text></Provision><Provision format-ref="indent-2-1" language-align="yes"><Label>(2)</Label><Text>any amendment to the said Agreement and the said statutes or any statutes substituted therefore;</Text></Provision><Provision format-ref="indent-0-0" language-align="no"><Text>but if at any time an Indian Agent is not appointed for the Reserve the powers and duties exercisable by an Indian Agent under the said Agreement with respect to such minerals shall be exercised by the Minister of Indian Affairs and Northern Development of Canada or any person authorized to act on his behalf.</Text></Provision></Provision></Provision><Provision format-ref="indent-0-0" language-align="yes"><Label>4</Label><Text>The ownership, administration and control of all peat, limestone, marble, clay, gypsum, or any building stone when mined for building purposes, earth, ash, marl, gravel, sand or any element which forms part of the agricultural surface of the land in, upon or under the Reserve and all revenues derived therefrom shall be in Canada for the use and benefit of the Band.</Text></Provision><Provision format-ref="indent-0-0" language-align="yes"><Label>5</Label><Text>TIMBER AND LIME</Text><Provision format-ref="indent-0-0" language-align="no"><Text>The ownership, administration and control of all timber and lime in, upon or under the Reserve shall be in Canada for the use and benefit of the Band, provided however, that the Province shall have the like powers to take timber and lime from the Reserve as are provided under British Columbia Order-in-Council No. 1036 of 1938 and Dominion P.C. Order No. 208 of 1930.</Text></Provision></Provision><Provision format-ref="indent-0-0" language-align="yes"><Label>6</Label><Text>COAL, PETROLEUM AND NATURAL GAS — REVENUE SHARING</Text><Provision format-ref="indent-2-1" language-align="yes"><Label>(1)</Label><Text>The ownership, administration, control and power of disposition of coal, Petroleum and Natural Gas underlying the Reserve are vested in the Province and all claims and rights thereto shall be subject to the laws of the Province save as herein provided.</Text></Provision><Provision format-ref="indent-2-1" language-align="yes"><Label>(2)</Label><Text>The Province shall continue to collect all revenue from the disposition in any manner of coal, Petroleum and Natural Gas underlying the Reserve and the claims and rights thereto, whether by way of purchase money, rent, royalty, license, drilling reservation, permit or recording fees or otherwise, and whether directly or through an agent of the Crown in right of the Province in accordance with the law from time to time in force; but this shall not include any revenue derived from disposition of the surface of the Reserve.</Text></Provision><Provision format-ref="indent-2-1" language-align="yes"><Label>(3)</Label><Text>The net profit and gross revenue from the disposition of coal, Petroleum and Natural Gas underlying the Reserve and all claims and rights thereto shall be shared equally between Canada for the use and benefit of the Band, and the Province.</Text></Provision><Provision format-ref="indent-2-1" language-align="yes"><Label>(4)</Label><Text>The net profit and gross revenue from the disposition of coal and Petroleum and all claims and rights pertaining to the equal sharing thereof shall be determined by agreement between Canada and the Province as and when required, and failing agreement, equal sharing in accordance with subparagraph (3) hereof shall be determined by arbitration as provided in paragraph 12 hereof.</Text></Provision><Provision format-ref="indent-2-1" language-align="yes"><Label>(5)</Label><Text>The net profit and gross revenue from the disposition of Natural Gas and all claims and rights pertaining to the equal sharing thereof in accordance with subparagraph (3) hereof shall be determined in the manner hereinafter provided.</Text></Provision><Provision format-ref="indent-2-1" language-align="yes"><Label>(6)</Label><Text>The Province shall pay to Canada for the use and benefit of the Band the sum of $4,329,377.00 as hereinafter provided, in full satisfaction of all claims, rights and demands, if any, which Canada may have either in its own right or for the use and benefit of the Band:</Text><Provision format-ref="indent-2-2" language-align="no"><Label>(a)</Label><Text>in, to, or in respect of the Subject Minerals as reduced to possession, or</Text></Provision><Provision format-ref="indent-2-2" language-align="no"><Label>(b)</Label><Text>for any moneys whatsoever connected with the exploration, development, production, leasing or in any way disposing of or dealing with the Subject Minerals</Text></Provision><Provision format-ref="indent-1-1" language-align="no"><Text>before eight A.M. (P.S.T.) January 1, 1977.</Text></Provision></Provision><Provision format-ref="indent-2-1" language-align="yes"><Label>(7)</Label><Text>No interest shall be payable to Canada in its own right or for the use and benefit of the Band in respect of the said sum of $4,329,377.00 prior to the date of execution of this Agreement.</Text></Provision><Provision format-ref="indent-2-1" language-align="yes"><Label>(8)</Label><Text>The said sum of $4,329,377.00 shall be paid by the Province to Canada for the use and benefit of the Band forthwith upon the execution of this Agreement.</Text></Provision><Provision format-ref="indent-2-1" language-align="yes"><Label>(9)</Label><Text>The Province shall pay to Canada, for the use and benefit of the band, in full satisfaction of all claims, rights and demands, if any which Canada may have either in its own right or for the use and benefit of the Band</Text><Provision format-ref="indent-1-2" language-align="no"><Label>(a)(i)</Label><Text>in, to, or in respect of the Subject Minerals as reduced to possession, or</Text><Provision format-ref="indent-2-3" language-align="no"><Label>(ii)</Label><Text>for any moneys whatsoever connected with the exploration, development, production, leasing or in any way disposing of or dealing with the Subject Minerals,</Text></Provision><Provision format-ref="indent-2-2" language-align="no"><Text>from eight A.M. (P.S.T.) January 1, 1977, to eight A.M. (P.S.T.) on the date of execution of this Agreement, one-half of all moneys received by the Province in each Production Month, after eight A.M. (P.S.T.) January 1, 1977 to the date of execution of this Agreement in respect of</Text></Provision></Provision><Provision format-ref="indent-1-2" language-align="no"><Label>(b)(i)</Label><Text>the net profit derived from the disposition of Natural Gas underlying the Reserve,</Text><Provision format-ref="indent-2-3" language-align="no"><Label>(ii)</Label><Text>the amounts (hereinafter called “gross revenue”) received by the Province on any disposition of any interest by the Province with respect to Petroleum and Natural Gas underlying lands included in the Reserve, in accordance with the <XRefExternal reference-type="act">Petroleum and Natural Gas Act</XRefExternal>, S.B.C., 1965, c. 33 notwithstanding that surface rights in the said lands may be vested in the Province, any other person, or in Canada other than for the use and benefit of the Band (such interest including permits, licences, drilling reservations and leases or otherwise and all amounts derived by the Province as rentals in respect of any of the aforesaid interests and including fees charged pursuant to the <XRefExternal reference-type="act">Petroleum and Natural Gas Act</XRefExternal> for the renewal of such interests and the recording of same, but not including any revenue derived from disposition of the surface of the Reserve).</Text></Provision></Provision></Provision><Provision format-ref="indent-2-1" language-align="yes"><Label>(10)</Label><Text>The Province shall pay to Canada for the use and benefit of the Band the moneys referred to in subparagraph (9) hereof together with interest forthwith upon the execution of this Agreement provided, however, that that portion of the said moneys for those three Production Months up to and including the Production Month in which this Agreement is executed by Canada and the Province shall be paid by the Province to Canada no later than 90 days after the date of execution of this Agreement.</Text></Provision><Provision format-ref="indent-2-1" language-align="yes"><Label>(11)</Label><Text>The Province shall pay to Canada, for the use and benefit of the Band, in the manner provided in paragraph 7 hereof, one-half of the net profit derived from the disposition, in any manner whatsoever, after eight A.M. (P.S.T.) on the date of execution of this Agreement, of Natural Gas, the production of which is attributable to lands which, at the time of such production are included in the Reserve, notwithstanding that surface rights in the said lands may be vested in the Province, any other person, or in Canada other than for the use and benefit of the Band, and shall retain one-half of such net profits in its own right.</Text></Provision><Provision format-ref="indent-2-1" language-align="yes"><Label>(12)</Label><Text>The gross revenue as defined in subparagraph (9)(b)(ii) hereof, received by the Province after eight A.M. (P.S.T.) on the date of execution of the Agreement, shall be calculated by the Province and one-half thereof shall be paid by the Province to Canada, for the use and benefit of the Band, within ninety (90) days after the same shall have been received.</Text></Provision><Provision format-ref="indent-2-1" language-align="yes"><Label>(13)</Label><Text>Any dispute between the parties as to the amount of any moneys to be remitted to Canada for the use and benefit of the Band pursuant to subparagraph (11) or (12) hereof may, at the instance of either party, be referred to arbitration pursuant to paragraph 12 hereof.</Text></Provision></Provision><Provision format-ref="indent-0-0" language-align="yes"><Label>7</Label><Text>NATURAL GAS NET PROFIT FORMULA</Text><Provision format-ref="indent-2-1" language-align="no"><Label>(1)</Label><Text>For the purposes of this Agreement, the amount of Net Profit derived by the Province, including agencies of the Province, from the disposition of Natural Gas underlying the Reserve shall be determined separately in respect of each Production Month, in accordance with the steps set forth in this paragraph 7, but for the purposes of making the calculations under each of the steps it is agreed that whenever Subject Gas is intermingled with Other Gas (that is, Natural Gas which is not Subject Gas) the Subject Gas shall for all such purposes be deemed to be apportioned among each of the Domestic Utilities and the Foreign Utility in the same proportions as deemed for the purposes of calculating the volume of British Columbia-produced gas sold and delivered under Licence GL-41, (as amended from time to time) issued by the National Energy Board (herein called the “NEB”) and for the settling of accounts between Westcoast and the Petroleum Corporation pursuant to either the Basic Agreement as amended from time to time or the directions of the NEB.</Text><Provision format-ref="indent-2-2" language-align="no"><Text><Emphasis style="italic">Step One</Emphasis></Text><Provision format-ref="indent-2-2" language-align="no"><Text>Determine the Domestic Price (“DP”) for the Production Month which is the subject of the calculation (the Production Month which is the subject of the calculation being referred to herein as the “Subject Month”) by use of Alternative One hereunder until the date of execution of this Agreement, and thereafter by use of whichever of Alternative One and Alternative Two will produce the greater Domestic Price in the Subject Month.</Text><Provision format-ref="indent-3-3" language-align="no"><Text><Emphasis style="italic">Alternative One</Emphasis></Text><Provision format-ref="indent-3-3" language-align="no"><Text>By use of the formula</Text><FormulaGroup><Formula><FormulaText>DP = P/V</FormulaText></Formula><FormulaConnector>where</FormulaConnector><FormulaDefinition><FormulaTerm>P</FormulaTerm><Text>= The total amount of money payable by the Domestic Utilities to Westcoast for the Sales Volume (that is, the volume of Natural Gas produced in British Columbia and purchased by the Domestic Utilities during the Subject Month);</Text></FormulaDefinition><FormulaDefinition><FormulaTerm>V</FormulaTerm><Text>= The Sales Volume expressed in Mcf.</Text></FormulaDefinition></FormulaGroup></Provision></Provision><Provision format-ref="indent-3-3" language-align="no"><Text><Emphasis style="italic">Alternative Two</Emphasis></Text><Provision format-ref="indent-3-3" language-align="no"><Text>By the use of the formula</Text><FormulaGroup><Formula><FormulaText>DP = CS+CG+1¢ (one cent);</FormulaText></Formula><FormulaConnector>where</FormulaConnector><FormulaDefinition><FormulaTerm>CS and CG</FormulaTerm><Text>have the meanings assigned to them in Step Three of this paragraph 7.</Text></FormulaDefinition></FormulaGroup></Provision></Provision></Provision></Provision><Provision format-ref="indent-2-2" language-align="no"><Text><Emphasis style="italic">Step Two</Emphasis></Text><Provision format-ref="indent-2-2" language-align="no"><Text>Calculate the Average Price (“AP”) by use of the formula</Text><FormulaGroup><Formula><FormulaText>AP = (DP×a) + (EP×b)</FormulaText></Formula><FormulaConnector>where</FormulaConnector><FormulaDefinition><FormulaTerm>DP</FormulaTerm><Text>= Domestic Price determined according to Step One;</Text></FormulaDefinition><FormulaDefinition><FormulaTerm>a</FormulaTerm><Text>= Domestic Sales (that is, the volume of Natural Gas sold and delivered to the Domestic Utilities) during the Subject Month, stated as a percentage of Total Sales (defined below) for that month;</Text></FormulaDefinition><FormulaDefinition><FormulaTerm>b</FormulaTerm><Text>= Export Sales (that is, the volume of Natural Gas produced in British Columbia and delivered to the US-Canada boundary pursuant to NEB Licence GL-41, as amended from time to time) for the Subject Month, stated as a percentage of Total Sales;</Text></FormulaDefinition><FormulaDefinition><FormulaTerm>EP</FormulaTerm><Text>= The total amount payable to Westcoast by Northwest Pipeline Corporation, the successors to or assigns of the right to purchase gas under NEB Licence GL-41 for the Export Sales made during the Subject Month divided by the volume of such sales expressed in Mcf.</Text></FormulaDefinition></FormulaGroup></Provision></Provision><Provision format-ref="indent-2-2" language-align="no"><Text><DefinedTermEn>Total Sales</DefinedTermEn>, where used in the paragraph 7, means the total of Domestic Sales and Export Sales for the Subject Month expressed in Mcf.</Text></Provision><Provision format-ref="indent-2-2" language-align="no"><Text><Emphasis style="italic">Step Three</Emphasis></Text><Provision format-ref="indent-2-2" language-align="no"><Text>Calculate Net Profit (“NP”) by use of the formula</Text><FormulaGroup><Formula><FormulaText>NP = (GP-Sh) × (AP-(CS+CG))</FormulaText></Formula><FormulaConnector>where</FormulaConnector><FormulaDefinition><FormulaTerm>GP</FormulaTerm><Text>= the number of Mcf of Residue Gas derived from Subject Gas produced during the Subject Month;</Text></FormulaDefinition><FormulaDefinition><FormulaTerm>Sh</FormulaTerm><Text>= the number of Mcf which is that percentage of GP which Shrinkage during the Subject Month is of the Residue Gas Supply for that month;</Text></FormulaDefinition><FormulaDefinition><FormulaTerm>AP</FormulaTerm><Text>= Average Price calculated as aforesaid in respect of the Subject Month;</Text></FormulaDefinition><FormulaDefinition><FormulaTerm>CS</FormulaTerm><Text>= the total of the following:</Text><FormulaParagraph indent-level="4"><Label>(i)</Label><Text>all sums which Westcoast is entitled (either by virtue of the Basic Agreement as amended from time to time or the orders of the National Energy Board) to recover from the Petroleum Corporation in respect of the handling (including gathering, processing and transmission) of Natural Gas during the Subject Month,</Text></FormulaParagraph><FormulaParagraph indent-level="4"><Label>(ii)</Label><Text>all costs (other than those referred to in either clause (i) of this definition of CS or in the definition of CG) incurred by the Petroleum Corporation in the course of its operations during the Subject Month,</Text></FormulaParagraph><ContinuedFormulaParagraph indent-level="2"><Text>expressed in an amount per Mcf of Total Sales as defined in Step Two, during the Subject Month;</Text></ContinuedFormulaParagraph></FormulaDefinition><FormulaDefinition><FormulaTerm>CG</FormulaTerm><Text>= the amount of money paid or payable by the Petroleum Corporation for the purchase during the Subject Month of Subject Gas, expressed as an amount per Mcf of Subject Gas sold and delivered during the Subject Month (that is, GP-Sh); which amount shall include the holdback, if any, made by the Petroleum Corporation (on the purchase of Old Gas) in accordance with the provisions of the gas purchase contracts dealing with Old Gas Credits as therein defined.</Text></FormulaDefinition></FormulaGroup></Provision></Provision></Provision><Provision format-ref="indent-2-1" language-align="yes"><Label>(2)</Label><Text>That portion of the Net Profit derived in respect of a given Production Month which is payable to Canada as aforesaid shall be paid by the Province to Canada within ninety (90) days after the end of such month.</Text></Provision><Provision format-ref="indent-2-1" language-align="yes"><Label>(3)</Label><Text>If a Pool lies partly under the Reserve and partly under other lands, the proportion of the amount of Natural Gas produced during a Production Month from that Pool which is attributable to lands included within the Reserve shall be deemed to be equal to the proportion which the recoverable reserves of Natural Gas contained in that part of the Pool underlying the Reserve bears to the total amount of recoverable reserves of Natural Gas in the Pool.</Text></Provision><Provision format-ref="indent-2-1" language-align="yes"><Label>(4)</Label><Text>It is agreed that 7.44% of the total amount of Natural Gas in the Clarke Lake Field based upon the present Zero Line shall be deemed to be the Band’s share thereof.</Text></Provision><Provision format-ref="indent-2-1" language-align="yes"><Label>(5)</Label><Text>If in the future it is determined that the actual boundaries of the Natural Gas Pool defined herein as the Clarke Lake Field extend beyond the lands described in Schedule “C”, the agreed percentage set out in subparagraph (4) of paragraph 7 hereof shall be adjusted accordingly between the parties, and, failing agreement, shall be settled by arbitration pursuant to paragraph 12 hereof.</Text></Provision></Provision><Provision format-ref="indent-0-0" language-align="yes"><Label>8</Label><Text>BOOKS AND RECORDS</Text><Provision format-ref="indent-2-1" language-align="yes"><Label>(1)</Label><Text>Whenever any moneys are paid hereunder by the Province to Canada they will be accompanied by a statement showing the manner in which such moneys were calculated.</Text></Provision><Provision format-ref="indent-2-1" language-align="yes"><Label>(2)</Label><Text>The Province and its agents will keep proper books and records of the calculation and the receipt of revenues and profits pursuant to this Agreement, and will make such books and records available to audit and inspection by Canada or its agent, and will allow Canada or its agent to make copies thereof and take extracts therefrom, and will furnish Canada or its agent with such additional information relevant to the calculation and receipt of revenues and profits hereunder as Canada or its agent may reasonably require.</Text></Provision></Provision><Provision format-ref="indent-0-0" language-align="yes"><Label>9</Label><Text>PETROLEUM AND NATURAL GAS — ENTRY AND ARBITRATION</Text><Provision format-ref="indent-2-1" language-align="yes"><Label>(1)</Label><Text>The administration and control of the surface of the Reserve remains in Canada for the use and benefit of the Band.</Text></Provision><Provision format-ref="indent-2-1" language-align="yes"><Label>(2)</Label><Text>Subject to subparagraph (6) hereof, any agreement in force at the date of execution of this Agreement whereby Canada granted rights of entry to the Reserve for the purpose of Petroleum or Natural Gas exploration, development or production, or any other purpose, shall remain in effect as though this Agreement had not been executed.</Text></Provision><Provision format-ref="indent-2-1" language-align="yes"><Label>(3)</Label><Text>Canada, in its own right and on behalf of the Band, agrees to conclude agreements providing rights of entry to the Reserve to those persons licensed by the Province to explore for, develop or produce Petroleum or Natural Gas within the Reserve as of the date of execution of this Agreement.</Text></Provision><Provision format-ref="indent-2-1" language-align="yes"><Label>(4)</Label><Text>The Province shall consult with Canada and the Band prior to the posting of any location within the Reserve for disposition by Crown reserve sale. In order to provide for such consultation, the Province shall give to Canada and the Band written notice of its intention to post a location within the Reserve at least 45 days prior to such posting. Within 21 days of receipt of such notice, Canada shall advise the Province in writing of any concerns or objections which Canada or the Band may have to such posting. Within 10 days thereafter, Canada and the Province shall discuss such concerns or objections. The Province may, at its option, defer the posting of a location within the Reserve in order to permit such discussions to continue after the expiry of the 45 day notice period stipulated herein, PROVIDED HOWEVER that nothing contained in this subparagraph (4) shall limit the right of the Province, in its sole discretion, to proceed with the posting of a location at any time after the expiry of the said 45 day notice period.</Text></Provision><Provision format-ref="indent-2-1" language-align="yes"><Label>(5)</Label><Text>Where, after the date of execution of this Agreement, a person is licensed by the Province to explore for, develop or produce Petroleum or Natural Gas within the Reserve, Canada in its own right and on behalf of the Band and any other person whose rights, titles or interests in the Reserve may be affected by the grant of rights of entry, occupation or use necessary to conduct such exploration, development, or production shall, subject to subparagraph (6) hereof, conclude agreements providing rights of entry, occupation or use to the Reserve to such person so licensed by the Province.</Text></Provision><Provision format-ref="indent-2-1" language-align="yes"><Label>(6)</Label><Text>Any dispute between Canada in its own right or on behalf of the Band or any person required by subparagraph (5) hereof to grant rights of entry, occupation or use of the Reserve and a person licensed by the Province to explore for, develop or produce Petroleum or Natural Gas within the Reserve, respecting the terms and conditions of entry, occupation or use of the Reserve for the purpose of exploring for, developing, producing or storing Petroleum or Natural Gas or any purpose connected therewith or incidental thereto, or the amount of rent or compensation for such entry, occupation and use of the Reserve shall be referred to arbitration in accordance with subparagraph (7) hereof. The Province as owner of all Petroleum and Natural Gas underlying the Reserve shall be entitled to refer any disputes to arbitration and the provisions of subparagraph (7) hereof shall apply, <Language xml:lang="la">mutatis mutandis</Language>, to such referral.</Text></Provision><Provision format-ref="indent-2-1" language-align="yes"><Label>(7)</Label><Text>Either party may refer a dispute to arbitration pursuant to subparagraph (6) hereof by giving the other party written notice of its intention to do so. Within 30 days of the service of such notice, each party shall appoint one arbitrator and the two arbitrators so appointed shall, within 45 days of the service of such notice, appoint a mutually acceptable arbitrator as Chairman. The three arbitrators so appointed shall arbitrate the dispute submitted.</Text></Provision><Provision format-ref="indent-2-1" language-align="yes"><Label>(8)</Label><Text>In determining disputes submitted to arbitration pursuant to subparagraph (6) hereof the arbitrator may consider:</Text><Provision format-ref="indent-2-2" language-align="no"><Label>(a)</Label><Text>the compulsory aspect of the entry, occupation, or use;</Text></Provision><Provision format-ref="indent-2-2" language-align="no"><Label>(b)</Label><Text>the value of the Reserve and the loss by Canada or the Band of any right or use or profit;</Text></Provision><Provision format-ref="indent-2-2" language-align="no"><Label>(c)</Label><Text>the temporary and permanent damage resulting from the entry, occupation, or use;</Text></Provision><Provision format-ref="indent-2-2" language-align="no"><Label>(d)</Label><Text>compensation for severance;</Text></Provision><Provision format-ref="indent-2-2" language-align="no"><Label>(e)</Label><Text>compensation for nuisance and disturbance resulting from the entry, occupation, or use;</Text></Provision><Provision format-ref="indent-2-2" language-align="no"><Label>(f)</Label><Text>any amount previously paid to Canada or the Band in respect of the entry, occupation or use;</Text></Provision><Provision format-ref="indent-2-2" language-align="no"><Label>(g)</Label><Text>alternative means of entry, occupation, or use;</Text></Provision><Provision format-ref="indent-2-2" language-align="no"><Label>(h)</Label><Text>alternative means of exploration, development or production;</Text></Provision><Provision format-ref="indent-2-2" language-align="no"><Label>(i)</Label><Text>environmental impact of exploration, development or production;</Text></Provision><Provision format-ref="indent-2-2" language-align="no"><Label>(j)</Label><Text>existing or proposed zoning of Reserve lands and existing or proposed land-use laws or by-laws of Canada or the Band;</Text></Provision><Provision format-ref="indent-2-2" language-align="no"><Label>(k)</Label><Text>the effect of exploration, development or production on existing or proposed economic or social development programs of Canada or the Band;</Text></Provision><Provision format-ref="indent-2-2" language-align="no"><Label>(l)</Label><Text>such other factors as the arbitrator deems applicable.</Text></Provision></Provision><Provision format-ref="indent-2-1" language-align="yes"><Label>(9)</Label><Text>The procedure for the conduct of the arbitration shall be determined solely by the arbitrator.</Text></Provision><Provision format-ref="indent-2-1" language-align="yes"><Label>(10)</Label><Text>The decision of the arbitrator shall be final and binding on the parties.</Text></Provision></Provision><Provision format-ref="indent-0-0" language-align="yes"><Label>10</Label><Text>RELEASE</Text><Provision format-ref="indent-1-1" language-align="no"><Text>In consideration of this Agreement, and in particular the agreement of the Province to share equally with Canada for the use and benefit of the Band the net profit, gross revenue, royalties or any like proceeds from the disposition of the Subject Minerals as herein provided, Canada in its own right and on behalf of the Band releases any and all claims to any right, title or interest whatsoever which Canada or the Band ever had, now has, or hereafter can, shall, or may have to the Subject Minerals or any moneys arising from the exploration, development, production, leasing or in any way disposing of or dealing with the Subject Minerals.</Text></Provision></Provision><Provision format-ref="indent-0-0" language-align="yes"><Label>11</Label><Text>CHANGE OF CIRCUMSTANCES AND IMPOSSIBILITY OF PERFORMANCE</Text><Provision format-ref="indent-2-1" language-align="yes"><Label>(1)</Label><Text>In the event that any provision of this Agreement becomes impossible of performance or is otherwise frustrated and Canada and the Province are thereby discharged from further performance of it, the said parties mutually agree that the remainder of the Agreement shall remain in full force and effect and be binding upon the said parties, and that the said provision shall be renegotiated upon such terms and conditions as may be mutually agreed upon, and that Canada, in its own right and on behalf of the Band, and the Province will proceed as soon as possible thereafter to enter into negotiations for the purpose of renegotiating the said provision and use their best endeavours to bring such negotiations to a mutually satisfactory and speedy conclusion. The said parties agree that any such renegotiated provision shall be and shall be deemed to have been in full force and effect and binding upon the parties hereto from and including that date upon which such provision became impossible of performance or was otherwise frustrated as aforesaid, and that the Agreement as amended by the renegotiated provision shall continue to provide that Canada, for the use and benefit of the Band, and the Province shall share equally the net profits, gross revenue, royalties or any like proceeds from the disposition of coal, Petroleum and Natural Gas underlying the Reserve and all claims and rights thereto.</Text></Provision><Provision format-ref="indent-2-1" language-align="yes"><Label>(2)</Label><Text>Any dispute between the said parties as to whether any provision of the Agreement has become impossible of performance or is otherwise frustrated and Canada and the Province are thereby discharged from further performance of it shall, at the instance of either party, be referred to arbitration pursuant to paragraph 12 hereof.</Text></Provision><Provision format-ref="indent-2-1" language-align="yes"><Label>(3)</Label><Text>In the event that Canada and the Province fail to renegotiate any provision of the Agreement which becomes impossible of performance or is otherwise frustrated as provided for in subparagraph (1) hereof, within twelve (12) weeks of the commencement of negotiations for that purpose, the matter may be referred to a Judge for final determination and the provisions of paragraph 12 hereof shall apply, <Language xml:lang="la">mutatis mutandis</Language>, to such referral.</Text></Provision><Provision format-ref="indent-2-1" language-align="yes"><Label>(4)</Label><Text>In the event that a change of circumstances not amounting to frustration of this Agreement prevents the parties from sharing equally in the net profit derived by the Province from the disposition of Natural Gas underlying the Reserve, the Province and Canada agree to renegotiate the Natural Gas Net Profit Formula in paragraph 7 hereof or any other relevant provision of this Agreement. In particular, and without restricting the generality of the foregoing, the Province and Canada agree to renegotiate the Natural Gas Net Profit Formula or any other relevant provision of this Agreement to ensure an equal sharing of Net Profit from the disposition of Natural Gas underlying the Reserve in the event that any new contracts are made for the sale of Natural Gas to the United States market. In the event that Canada and the Province fail to renegotiate such provision within 12 weeks of the commencement of negotiations for that purpose, the matter may be referred to a Judge for final determination and the provisions of paragraph 12 hereof shall apply, <Language xml:lang="la">mutatis mutandis</Language>, to such referral.</Text></Provision></Provision><Provision format-ref="indent-0-0" language-align="yes"><Label>12</Label><Text>ARBITRATION</Text><Provision format-ref="indent-2-1" language-align="yes"><Label>(1)</Label><Text>Notwithstanding the <XRefExternal reference-type="act">Federal Court Act</XRefExternal>, R.S.C. 1970, 2nd supplement Chapter 10, or the <XRefExternal reference-type="act">Federal Courts Jurisdiction Act</XRefExternal>, R.S.B.C. 1960, Chapter 141, any dispute between Canada and the Province as to the interpretation or application of any of the provisions of this Agreement and all disputes that may arise between the parties as a consequence of this Agreement being entered into, except those disputes referred to in paragraph 9(6) hereof, may, upon thirty (30) days’ notice, be referred by either Canada or the Province to arbitration by a Judge.</Text></Provision><Provision format-ref="indent-2-1" language-align="yes"><Label>(2)</Label><Text>Referral of an issue to arbitration shall be by application to the Chief Justice of the Supreme Court of British Columbia who shall designate a Judge as arbitrator.</Text></Provision><Provision format-ref="indent-2-1" language-align="yes"><Label>(3)</Label><Text>The procedure for the conduct of the arbitration shall be determined solely by the Judge so designated, provided, however that he shall hear the parties, shall hear evidence, shall determine the issue between the parties, may consult experts, and is empowered to award compensation.</Text></Provision><Provision format-ref="indent-2-1" language-align="yes"><Label>(4)</Label><Text>The arbitrator shall determine any dispute submitted to arbitration pursuant to this Agreement and the arbitrator in determining a dispute shall have regard <Language xml:lang="la">inter alia</Language> to the following considerations:</Text><Provision format-ref="indent-2-2" language-align="no"><Label>(a)</Label><Text>in determining a dispute submitted to arbitration pursuant to paragraphs 6(4), 6(13), 11(2), 11(3) and 11(4) the arbitrator shall consider the principle underlying this Agreement that the net profit, gross revenue, royalties or any like proceeds from the disposition of coal, Petroleum and Natural Gas shall be shared equally between Canada for the use and benefit of the Band, and the Province;</Text></Provision><Provision format-ref="indent-2-2" language-align="no"><Label>(b)</Label><Text>in determining a dispute under paragraph 7(5) the arbitrator shall consider general geological and engineering principles and those particular principles concerning the recoverability of gas or gases.</Text></Provision></Provision><Provision format-ref="indent-2-1" language-align="yes"><Label>(5)</Label><Text>The decision of the arbitrator shall be final and binding on the parties.</Text></Provision><Provision format-ref="indent-2-1" language-align="yes"><Label>(6)</Label><Text>The provisions of the <XRefExternal reference-type="act">Arbitration Act</XRefExternal>, R.S.B.C. 1960, c. 14, except such as are inconsistent with any of the provisions of this Agreement, shall apply to a submission to arbitration pursuant to this Agreement.</Text></Provision></Provision><Provision format-ref="indent-0-0" language-align="yes"><Label>13</Label><Text>SURRENDER BY THE BAND</Text><Provision format-ref="indent-1-1" language-align="no"><Text>The rights, duties and obligations created by this Agreement are conditional upon Canada obtaining from the Band, in accordance with the provisions of the <XRefExternal reference-type="act">Indian Act</XRefExternal>, a surrender in the form attached as Schedule “B” hereto. In the event that Canada does not obtain such surrender this Agreement shall be null and void as if it had never been executed.</Text></Provision></Provision><Provision format-ref="indent-0-0" language-align="yes"><Label>14</Label><Text>SPECIAL LEGISLATION</Text><Provision format-ref="indent-1-1" language-align="no"><Text>Canada shall recommend to Parliament and the Province shall recommend to the Legislative Assembly of British Columbia, special legislation giving effect to, declaring valid, and, where necessary, giving force of law to the provisions of this Agreement with effect as of January 1, 1977, and Canada and the Province shall take all other necessary measures to implement the terms of this Agreement.</Text></Provision></Provision><Provision format-ref="indent-0-0" language-align="yes"><Label>15</Label><Text>COMING INTO FORCE OF AGREEMENT</Text><Provision format-ref="indent-1-1" language-align="no"><Text>This Agreement shall come into force as of January 1, 1977.</Text></Provision></Provision><Provision format-ref="indent-0-0" language-align="yes"><Label>16</Label><Text>INTERIM FINANCIAL PROVISIONS</Text><Provision format-ref="indent-2-1" language-align="yes"><Label>(1)</Label><Text>All monies payable under this Agreement by the Province to Canada for the use and benefit of the Band shall, until the passage of the federal and provincial legislation referred to in paragraph 14 hereof, be paid by the Province into a separate account under the joint direction of Canada and the Province, such joint direction being in substantially the same form as contained in Schedule “D” of this Agreement.</Text></Provision><Provision format-ref="indent-2-1" language-align="yes"><Label>(2)</Label><Text>Within thirty (30) days of the passage of the federal or provincial legislation referred to in paragraph 14 hereof, whichever is the later date, Canada and the Province shall take all necessary steps to transfer all monies so held, together with all accumulated interest, to Canada for the use and benefit of the Band in accordance with paragraph 6 hereof.</Text></Provision><Provision format-ref="indent-2-1" language-align="yes"><Label>(3)</Label><Text>In the event that either the federal or provincial legislation referred to in paragraph 14 hereof is not passed within two (2) years of the date of execution of this Agreement, Canada and the Province shall take all necessary measures to transfer all monies held in such account, together with all accumulated interest, to the Province and this Agreement shall be null and void as and from January 1, 1977.</Text></Provision></Provision><Provision format-ref="indent-0-0" language-align="yes"><Label>17</Label><Text>HOUSE OF COMMONS CLAUSE</Text><Provision format-ref="indent-1-1" language-align="no"><Text>No member of the House of Commons shall be admitted to any share or part of this Agreement or to any benefit arising therefrom.</Text></Provision></Provision><Provision format-ref="indent-0-0" language-align="yes"><Label>18</Label><Text>AMENDMENTS</Text><Provision format-ref="indent-1-1" language-align="no"><Text>The parties, upon the recommendation of the Band, pursuant to a referendum conducted in accordance with the provisions of the <XRefExternal reference-type="act">Indian Act</XRefExternal>, may, with the consent of the Governor-General in Council and the Lieutenant-Governor in Council, amend this Agreement.</Text></Provision></Provision><Provision format-ref="indent-0-0" language-align="yes"><Label>19</Label><Text>METRIC CONVERSION</Text><Provision format-ref="indent-1-1" language-align="no"><Text>The parties agree that on and after 8 A.M. (P.S.T.) January 1, 1979 all calculations for the determination of net profits and gross revenue shall be made using the International System of Units (SI) where such units have been or may be adopted in the Province from time to time, utilizing the conversion factors adopted by the Province.</Text></Provision></Provision><Provision format-ref="indent-0-0" language-align="yes"><Label>20</Label><Text>NOTICES</Text><Provision format-ref="indent-1-1" language-align="no"><Text>Any notice or other written communication required or permitted to be given pursuant to this Agreement may be given as follows:</Text><Provision format-ref="indent-2-2" language-align="yes"><Label>(1)</Label><Text>To Canada,</Text><Provision format-ref="indent-3-3" language-align="no"><Text>Assistant Deputy Minister,</Text><Provision format-ref="indent-3-3" language-align="no" topmarginspacing="0"><Text>Indian &amp; Inuit Affairs Program,</Text></Provision><Provision format-ref="indent-3-3" language-align="no" topmarginspacing="0"><Text>Department of Indian Affairs and Northern Development,</Text></Provision><Provision format-ref="indent-3-3" language-align="no" topmarginspacing="0"><Text><Language xml:lang="fr">Terrasses de la Chaudière</Language>,</Text></Provision><Provision format-ref="indent-3-3" language-align="no" topmarginspacing="0"><Text>10 Wellington St.,</Text></Provision><Provision format-ref="indent-3-3" language-align="no" topmarginspacing="0"><Text>Hull, Quebec.</Text></Provision></Provision></Provision><Provision format-ref="indent-2-2" language-align="yes"><Label>(2)</Label><Text>To the Province,</Text><Provision format-ref="indent-3-3" language-align="no"><Text>Provincial Secretary of British Columbia,</Text><Provision format-ref="indent-3-3" language-align="no" topmarginspacing="0"><Text>Parliament Buildings,</Text></Provision><Provision format-ref="indent-3-3" language-align="no" topmarginspacing="0"><Text>Victoria, British Columbia.</Text></Provision></Provision></Provision><Provision format-ref="indent-1-1" language-align="no"><Text>Either Canada or the Province may at any time and from time to time notify the other in writing as to a change of address and the new address to which notice shall be given to it thereafter until further changed.</Text></Provision></Provision></Provision><Provision format-ref="indent-0-0" language-align="yes"><Label>21</Label><Text>INTERPRETATION</Text><Provision format-ref="indent-1-1" language-align="no"><Text>In this Agreement:</Text><Provision format-ref="indent-2-2" language-align="no"><Label>(a)</Label><Text>Words in the singular include the plural and words in the plural include the singular;</Text></Provision><Provision format-ref="indent-2-2" language-align="no"><Label>(b)</Label><Text>Words importing male persons include female persons and corporations.</Text></Provision></Provision></Provision></Provision><Provision format-ref="indent-0-0" language-align="yes"><Text>IN WITNESS WHEREOF the Honourable Jake Epp, Minister of Indian Affairs and Northern Development, has hereunto set his hand on behalf of Canada, the Honourable L. Allan Williams, Attorney-General, and the Honourable Robert A. McClelland, Minister of Energy, Mines and Petroleum Resources, respectively, have hereunto set their hands on behalf of the Province, all this 7th day of January, 1980.</Text></Provision><Provision format-ref="indent-4-4" language-align="no"><Text>SIGNED on behalf of HER MAJESTY THE QUEEN IN RIGHT OF CANADA represented herein by the Honourable Jake Epp, Minister of Indian Affairs and Northern Development in the presence of:</Text><Provision format-ref="indent-4-4" language-align="no"><Text>George Behn</Text></Provision></Provision><Provision format-ref="indent-4-4" language-align="no"><Text>SIGNED on behalf of HER MAJESTY THE QUEEN IN RIGHT OF THE PROVINCE OF BRITISH COLUMBIA represented herein by the Honourable L. Allan Williams and the Honourable Robert A. McClelland in the presence of:</Text><Provision format-ref="indent-4-4" language-align="no"><Text>George Behn</Text></Provision></Provision><Schedule bilingual="no" spanlanguages="no"><ScheduleFormHeading><Label>SCHEDULE “A”</Label></ScheduleFormHeading><ImageGroup bilingual="yes"><AlternateText>Band Council Resolution passed by the Council of the Fort Nelson Indian Band on December 17, 1979.</AlternateText><Image source="F3140001.jpg" /></ImageGroup><Provision format-ref="indent-0-0" language-align="no"><Text>THAT the Minister of Indian Affairs and Northern Development order a referendum to be held at the earliest date possible to determine if the majority of electors of the Fort Nelson Indian Band are in favor of the surrender to Her Majesty of those rights only necessary to fulfill the terms set out in that form of agreement as negotiated between the Government of Canada, the Government of British Columbia and the Fort Nelson Indian Band Council, a copy of which agreement is attached hereto.</Text></Provision><Provision format-ref="indent-0-0" language-align="no"><Text>AND FURTHER BE IT RESOLVED THAT the Council of the Fort Nelson Indian Band approves the said agreement for execution by the Minister of Indian Affairs and Northern Development on the condition that the said agreement is effective and binding upon the Fort Nelson Indian Band only if the majority of the electors of the Fort Nelson Indian Band are in favor of the said agreement and surrender.</Text></Provision><ImageGroup bilingual="yes"><AlternateText>Band Council Resolution dated December 17, 1979 was consented to by a quorum of the Council including George Behn (Chief), Harry Dickie (Councillor) and Adolphus Capot-Blanc (Councillor).</AlternateText><Image source="F3140003.jpg" /></ImageGroup></Schedule><Schedule bilingual="no" spanlanguages="no"><ScheduleFormHeading><Label>SCHEDULE “B”</Label><TitleText>Instrument of Surrender</TitleText></ScheduleFormHeading><Provision format-ref="indent-0-0" language-align="yes"><Text>WHEREAS His Honour the Lieutenant-Governor in Council of the Province of British Columbia did by Order in Council No. 2995 approved 28 November, 1961 convey the lands therein mentioned, when surveyed, to Her Majesty the Queen in Right of Canada in trust for the use and benefit of the Fort Nelson Indian Band (herein referred to as the “Band”) subject, <Language xml:lang="la">inter alia</Language> to the provisions and reservations set forth in Form No. 12 of the Schedule to the <XRefExternal reference-type="act">Land Act</XRefExternal>, R.S.B.C. 1960, Chapter 206;</Text></Provision><Provision format-ref="indent-0-0" language-align="yes"><Text>AND WHEREAS His Excellency the Governor-General in Council did by Order in Council Number P.C. 1966-1978 of 20 October, 1966, a copy of which is hereto attached, set apart the said lands for the use and benefit of the Fort Nelson Indian Band;</Text></Provision><Provision format-ref="indent-0-0" language-align="yes"><Text>AND WHEREAS lands continue to be held by Her Majesty the Queen in Right of Canada for the use and benefit of the Fort Nelson Indian Band (herein referred to as the “Reserve”) which lands are more particularly described in Annex “A”;</Text></Provision><Provision format-ref="indent-0-0" language-align="yes"><Text>AND WHEREAS disputes have arisen between Canada in its own right and on behalf of the Band, and the Province as to the ownership of any minerals precious or base including coal, petroleum and gas or gases underlying the Reserve;</Text></Provision><Provision format-ref="indent-0-0" language-align="yes"><Text>AND WHEREAS representatives of the Band and the Province have negotiated the Agreement hereto attached as Annex “B” (herein referred to as the “Settlement Agreement”), which would settle the disputes as to the ownership of any minerals precious or base including coal, petroleum and any gas or gases underlying the Reserve;</Text></Provision><Provision format-ref="indent-0-0" language-align="yes"><Text>AND WHEREAS the Settlement Agreement must be confirmed by Her Majesty in Right of Canada and the Province by special legislation and Her Majesty in Right of Canada requires, as a condition of the signature of the Settlement Agreement and prior to the passage of special legislation, the approval of the Band expressed by a surrender to Her Majesty in Right of Canada pursuant to the provisions of the <XRefExternal reference-type="act">Indian Act</XRefExternal> R.S.C. 1970 c. I-6;</Text></Provision><Provision format-ref="indent-0-0" language-align="yes"><Text>NOW THEREFORE KNOW ALL MEN BY THESE PRESENTS that we the undersigned Chief and Councillors of the Fort Nelson Band of Indians, for and acting on behalf of the people of our said Band, in accordance with the provisions of the <XRefExternal reference-type="act">Indian Act</XRefExternal> and by virtue of the assent to surrender by the membership of the Band in a referendum held on the 18th day of February, 1980 in accordance with the <XRefExternal reference-type="regulation">Indian Referendum Regulations</XRefExternal> P.C.: 1958-1451 the results of which referendum are evidenced by the statement of the electoral officer and the Chief of the Band attached as Annex “C”, do hereby make the following surrender to Her Majesty the Queen in Right of Canada on the conditions and terms listed below:</Text><Provision format-ref="indent-2-1" language-align="yes"><Label>(1)</Label><Text>The Band surrenders unto Her Majesty the Queen in Right of Canada, Her Heirs and Successors, all our interests, rights, claims and demands, if any, in respect of all minerals, precious or base, including coal, petroleum and any gas or gases, which may be found in, upon or under the lands described as “the Reserve” in Annex “A” and approves the entry by Her Majesty the Queen in Right of Canada as represented by the Minister of Indian Affairs and Northern Development with the Province of British Columbia, into the Settlement Agreement;</Text></Provision><Provision format-ref="indent-2-1" language-align="yes"><Label>(2)</Label><Text>The Band surrenders unto Her Majesty the Queen in Right of Canada, Her Heirs and Successors such of the surface as is necessarily incidental to the exploitation of coal, petroleum and any gas or gases, which may be found in, upon or under the lands described as “the Reserve” in Annex “A”.</Text></Provision></Provision><Provision format-ref="indent-0-0" language-align="yes"><Text>TO HAVE AND TO HOLD the same unto Her Majesty the Queen in Right of Canada, Her Heirs and Successors for the following purposes:</Text><Provision format-ref="indent-2-2" language-align="no"><Label>(a)</Label><Text>to enter into the Settlement Agreement which acknowledges that ownership, administration, control and power of disposition of coal, petroleum and natural gas as defined in the Settlement Agreement are vested in the Province, and provides for an equal sharing in the revenue as defined in the Settlement Agreement from such coal, petroleum and natural gas between Canada for the use and benefit of the Band and the Province;</Text></Provision><Provision format-ref="indent-2-2" language-align="no"><Label>(b)</Label><Text>to enter into the Settlement Agreement which provides that the minerals as defined in the <XRefExternal reference-type="act">British Columbia Indian Reserves Mineral Resources Act</XRefExternal> which are found in the Reserve be dealt with as if subject to that <Emphasis style="italic">Act</Emphasis>;</Text></Provision><Provision format-ref="indent-2-2" language-align="no"><Label>(c)</Label><Text>to grant in accordance with the Settlement Agreement leases, licences of occupation, rights of way and easements, or other rights of entry over the surface of any part of the Reserve for the purposes of the exploration, exploitation or production of coal, petroleum and any gas or gases, or for access to such minerals or for the transportation of such minerals whether by pipeline or otherwise and upon such terms and conditions as are necessary to comply with the Settlement Agreement;</Text></Provision><Provision format-ref="indent-2-2" language-align="no"><Label>(d)</Label><Text>to make such other grants and to do such other acts and things as may be required by the Settlement Agreement or necessarily incidental to its implementation;</Text></Provision><Provision format-ref="indent-2-2" language-align="no"><Label>(e)</Label><Text>to grant to the Province the Release in accordance with paragraph 10 of the Settlement Agreement of any and all claims to any right, title or interest whatsoever which Canada or the Band ever had, now has, or hereafter can, shall, or may have to the Subject Minerals or any moneys arising from the exploration, development, production, leasing or in any way disposing of or dealing with the Subject Minerals.</Text></Provision></Provision><Provision format-ref="indent-0-0" language-align="yes"><Text>PROVIDED that all moneys received from any lease, licence, right of way, easement or other grant or disposition of surface rights mentioned in the preceding paragraphs shall be payable to Canada for the use and benefit of the Band.</Text></Provision><Provision format-ref="indent-0-0" language-align="yes"><Text>AND PROVIDED FURTHER that pursuant to the direction of the Band expressed in the Referendum Vote, the Band releases and discharges Her Majesty from all actions, proceedings, claims and demands whatsoever which the Band now has or at any time may have but for execution of the Settlement Agreement as regards any minerals, precious and base, including coal, petroleum and any gas or gases, which may be found in, upon or under the Reserve.</Text></Provision><Provision format-ref="indent-0-0" language-align="yes"><Text>AND UPON the condition that, subject to the acceptance of this surrender by His Excellency the Governor-General in Council, this surrender will come into force upon the coming into force of the Settlement Agreement.</Text></Provision><Provision format-ref="indent-0-0" language-align="yes"><Text>AND we the undersigned Chief and Councillors of the Fort Nelson Band of Indians, for and acting on behalf of the people of our said Band in Council assembled, do hereby approve, consent to and ratify the Settlement Agreement, between Her Majesty the Queen in Right of Canada and Her Majesty the Queen in Right of the Province of British Columbia.</Text></Provision><Provision format-ref="indent-0-0" language-align="yes"><Text>AND we the undersigned Chief and Councillors of the Fort Nelson Band of Indians do on behalf of our people and for ourselves hereby ratify and confirm whatever Her Majesty the Queen in Right of Canada may do, or cause to be done in regard to these presents or the said Agreement.</Text></Provision><Provision format-ref="indent-0-0" language-align="yes" topmarginspacing="6"><Text>IN WITNESS WHEREOF we have hereunto set our hands and affixed our seals this 18th day of February in the year of Our Lord One Thousand Nine Hundred and Eighty.</Text></Provision><Provision format-ref="indent-4-4" language-align="no"><Text>SIGNED, SEALED AND DELIVERED</Text><Provision format-ref="indent-4-4" language-align="no"><Text>in the presence of:</Text><Provision format-ref="indent-5-5" language-align="no"><Text>Adolphus Capot-Blanc</Text></Provision><Provision format-ref="indent-5-5" language-align="no" topmarginspacing="0"><Text>George Behn</Text></Provision><Provision format-ref="indent-5-5" language-align="no" topmarginspacing="0"><Text>Harry Dickie</Text></Provision></Provision><Provision format-ref="indent-4-4" language-align="no" topmarginspacing="6"><Text>Witness as to all signatures</Text><Provision format-ref="indent-5-5" language-align="no"><Text>Karen M. Copp</Text></Provision></Provision></Provision></Schedule><Schedule bilingual="no" spanlanguages="no"><ScheduleFormHeading><Label>SCHEDULE “D”</Label><TitleText>Joint Instrument of Direction</TitleText></ScheduleFormHeading><Provision format-ref="indent-0-0" language-align="no"><Text>(Name of Institution where monies held)</Text></Provision><Provision format-ref="indent-0-0" language-align="no"><Text>Dear Sirs:</Text><Provision format-ref="indent-0-0" language-align="no"><Text>You are hereby directed, upon receipt of this joint instrument of direction, to hold the deposit of (amount) represented by certificate number <Leader leader="none" length="4pc" /> held in account number <Leader leader="none" length="4pc" /> and all further deposits in such account together with all interest payable from time to time on such deposits on the following terms, unless otherwise directed by the parties hereto by a joint letter of instruction:</Text><Provision first-line-indent="1" list-item="yes" subsequent-line-indent="2"><Label>1</Label><Text>All deposits referred to above and all interest payable from time to time on such deposits shall continue to be held on deposit with you in the joint name of Her Majesty the Queen in Right of Canada (hereinafter called “Canada”) and Her Majesty the Queen in Right of the Province of British Columbia (hereinafter called “the Province”).</Text></Provision><Provision first-line-indent="1" list-item="yes" subsequent-line-indent="2"><Label>2</Label><Text>Prior to any maturity date, and subject to any penalties stipulated as to interest, the said deposit or any part thereof may be retired and replaced by other deposits of the Bank of a no less secure nature, at the sole discretion of Canada and the Province, provided that:</Text><Provision format-ref="indent-2-2"><Label>(a)</Label><Text>Maturity of such replacement deposits shall be in accordance with the provisions hereof;</Text></Provision><Provision format-ref="indent-2-2"><Label>(b)</Label><Text>Principal interest of such replacement deposits shall be dealt with as herein provided;</Text></Provision><Provision format-ref="indent-2-2"><Label>(c)</Label><Text>All such replacement deposits shall be in the name of Canada and the Province.</Text></Provision></Provision><Provision first-line-indent="1" list-item="yes" subsequent-line-indent="2"><Label>3</Label><Text>Within thirty (30) days of the passage of the federal or provincial legislation (whichever is later in time) referred to in paragraph 14 of the Agreement between Canada and the Province attached as Annex “A” the parties hereto shall execute a joint letter of instruction instructing the transfer of all monies held on deposit at that time together with all accumulated interest to Canada for the use and benefit of the Fort Nelson Indian Band in accordance with the said Agreement.</Text></Provision><Provision first-line-indent="1" list-item="yes" subsequent-line-indent="2"><Label>4</Label><Text>In the event that Canada fails to obtain from the Fort Nelson Indian Band the surrender referred to in paragraph 13 of the Agreement within 6 months from the date of execution of that Agreement, the Province and Canada shall execute a joint letter of instruction to transfer all monies held on deposit together with all accumulated interest to the Province and the bank shall forthwith make such transfer.</Text></Provision><Provision first-line-indent="1" list-item="yes" subsequent-line-indent="2"><Label>5</Label><Text>In the event that the special legislation referred to in paragraph 14 of the Agreement is not passed within two (2) years of the execution of the Agreement, the parties hereto shall execute forthwith following the expiry of the two year period a joint letter of instruction instructing that all sums held on deposit up until that time, together with all accumulated interest, be transferred to the Province in accordance with the Agreement.</Text></Provision><Provision first-line-indent="1" list-item="yes" subsequent-line-indent="2"><Label>6</Label><Text>This letter of instruction cannot be revoked or amended except by a letter of instructions jointly executed by Canada and the Province.</Text></Provision></Provision></Provision><Provision format-ref="indent-4-4" language-align="no"><Text>Yours very truly,</Text><Provision format-ref="indent-3-3" language-align="no"><Text>HER MAJESTY THE QUEEN IN RIGHT OF CANADA</Text><Provision format-ref="indent-2-2" language-align="no"><Text>Per:<Leader leader="solid" length="10pc" /></Text></Provision></Provision><Provision format-ref="indent-3-3" language-align="no"><Text>HER MAJESTY THE QUEEN IN RIGHT OF THE PROVINCE OF BRITISH COLUMBIA</Text><Provision format-ref="indent-2-2" language-align="no"><Text>Per:<Leader leader="solid" length="10pc" /></Text></Provision></Provision></Provision><Provision format-ref="indent-0-0" language-align="yes"><Text>INSTITUTION WHERE MONIES HELD ON DEPOSIT</Text><Provision format-ref="indent-0-0" language-align="no"><Text>Per:<Leader leader="solid" length="10pc" /></Text></Provision></Provision></Schedule></Schedule></Statute>