﻿<?xml version="1.0" encoding="utf-8"?><!--Arbortext, Inc., 1988-2004, v.4002--><!DOCTYPE Statute PUBLIC "-//Justice Canada//DTD Statute v2.0.0//EN" "Dtd/Version_2.0.0/Statute/Statute.dtd"><Statute bill-origin="commons" bill-type="private-public" xml:lang="en" in-force="yes"><Identification><BillNumber>C-300</BillNumber><Parliament><Session>1</Session><Number>41</Number><RegnalYear><Year-s>60-61</Year-s><Monarch>Elizabeth II</Monarch></RegnalYear><Year-s>2011-2012</Year-s></Parliament><LongTitle>An Act respecting a Federal Framework for Suicide Prevention</LongTitle><ShortTitle status="official">Federal Framework for Suicide Prevention Act</ShortTitle><RunningHead>Federal Framework for Suicide Prevention</RunningHead><BillHistory><Stages stage="consolidation"><Date><YYYY>2018</YYYY><MM>08</MM><DD>20</DD></Date></Stages><Stages stage="assented-to"><Date><YYYY>2012</YYYY><MM>12</MM><DD>14</DD></Date></Stages></BillHistory><Chapter><ConsolidatedNumber official="no">F-7.3</ConsolidatedNumber><AnnualStatuteId><AnnualStatuteNumber>30</AnnualStatuteNumber><YYYY>2012</YYYY></AnnualStatuteId></Chapter><BillRefNumber date-time="2011-09-22">411402</BillRefNumber></Identification><Introduction><Preamble><Provision format-ref="indent-0-0"><MarginalNote>Preamble</MarginalNote><Text>Whereas suicide is a complex problem involving biological, psychological, social and spiritual factors, and can be influenced by societal attitudes and conditions;</Text></Provision><Provision format-ref="indent-0-0"><Text>Whereas Canadians want to reduce suicide and its impact in Canada, and suicide prevention is everyone’s responsibility;</Text></Provision><Provision format-ref="indent-0-0"><Text>Whereas suicide is preventable by knowledge, care and compassion;</Text></Provision><Provision format-ref="indent-0-0"><Text>Whereas concerted, collaborative action by committed communities, governments, organizations and individuals across Canada will help prevent deaths by suicide, and assist in educating and comforting those who have been affected by suicidal behaviour;</Text></Provision><Provision format-ref="indent-0-0"><Text>Whereas suicide is a significant public health issue in Canada and the grief and trauma associated with it produce long-term social costs and devastating effects on surviving individuals and communities;</Text></Provision><Provision format-ref="indent-0-0"><Text>Whereas the Parliament of Canada affirmed its respect for life by unanimously adopting Motion No. 388, in 2009, which called for meaningful deterrents and punishment for those who encourage vulnerable individuals to commit suicide;</Text></Provision><Provision format-ref="indent-0-0"><Text>And whereas a federal plan designed to disseminate information, promote the use of research, share best practices and affect public attitudes towards suicide and its prevention is in the interest of all Canadians;</Text></Provision></Preamble><Enacts><Provision format-ref="indent-0-0" language-align="yes"><Text>Now, therefore, Her Majesty, by and with the advice and consent of the Senate and House of Commons of Canada, enacts as follows:</Text></Provision></Enacts></Introduction><Body><Heading level="1"><TitleText>Short Title</TitleText></Heading><Section><MarginalNote>Short title</MarginalNote><Label>1</Label><Text>This Act may be cited as the <XRefExternal reference-type="act">Federal Framework for Suicide Prevention Act</XRefExternal>.</Text></Section><Heading level="1"><TitleText>Federal Framework for Suicide Prevention</TitleText></Heading><Section><MarginalNote>Framework</MarginalNote><Label>2</Label><Text>The Government of Canada must establish a federal framework for suicide prevention that</Text><Paragraph><Label>(a)</Label><Text>recognizes that suicide, in addition to being a mental health issue, is a public health issue and that, as such, it is a health and safety priority; and</Text></Paragraph><Paragraph><Label>(b)</Label><Text>designates the appropriate entity within the Government of Canada to assume responsibility for</Text><Subparagraph><Label>(i)</Label><Text>providing guidelines to improve public awareness and knowledge about suicide,</Text></Subparagraph><Subparagraph><Label>(ii)</Label><Text>disseminating information about suicide, including information concerning its prevention,</Text></Subparagraph><Subparagraph><Label>(iii)</Label><Text>making publically available existing statistics about suicide and related risk factors,</Text></Subparagraph><Subparagraph><Label>(iv)</Label><Text>promoting collaboration and knowledge exchange across domains, sectors, regions and jurisdictions,</Text></Subparagraph><Subparagraph><Label>(v)</Label><Text>defining best practices for the prevention of suicide, and</Text></Subparagraph><Subparagraph><Label>(vi)</Label><Text>promoting the use of research and evidence-based practices for the prevention of suicide.</Text></Subparagraph></Paragraph></Section><Heading level="1"><TitleText>Consultations</TitleText></Heading><Section><MarginalNote>Consultations</MarginalNote><Label>3</Label><Text>Within 180 days after the day on which this section comes into force, the Government of Canada must enter into consultations with relevant non-governmental organizations, relevant entities within the governments of the provinces and territories and relevant federal departments, in order to share information and align the elements of the framework described in section 2 with existing efforts that relate to suicide prevention.</Text></Section><Heading level="1"><TitleText>Report</TitleText></Heading><Section><MarginalNote>Report</MarginalNote><Label>4</Label><Text>Within four years after the coming into force of this Act and every two years thereafter, the entity designated in accordance with paragraph 2(b) must report to Canadians on its progress and activities related to the federal framework for suicide prevention.</Text></Section></Body></Statute>