﻿<?xml version="1.0" encoding="utf-8"?><!DOCTYPE Statute PUBLIC "-//Justice Canada//DTD Statute v2.0.0//EN" "Dtd/Version_2.0.0/Statute/Statute.dtd"><Statute bill-origin="commons" bill-type="govt-public" xml:lang="en" in-force="yes"><Identification><LongTitle>An Act to approve, give effect to and declare valid the Agreement between Her Majesty the Queen in right of Canada and the Gwich’in, as represented by the Gwich’in Tribal Council, and to amend an Act in consequence thereof</LongTitle><ShortTitle status="official">Gwich’in Land Claim Settlement Act</ShortTitle><RunningHead>Gwich’in Land Claim Settlement</RunningHead><BillHistory><Stages stage="assented-to"><Date><YYYY>1992</YYYY><MM>12</MM><DD>17</DD></Date></Stages><Stages stage="consolidation"><Date><YYYY>2018</YYYY><MM>08</MM><DD>20</DD></Date></Stages></BillHistory><Chapter><ConsolidatedNumber official="no">G-11.8</ConsolidatedNumber><AnnualStatuteId revised-statute="no"><AnnualStatuteNumber>53</AnnualStatuteNumber><YYYY>1992</YYYY></AnnualStatuteId></Chapter></Identification><Introduction><Preamble salutation="no"><Provision format-ref="indent-0-0" language-align="no"><MarginalNote>Preamble</MarginalNote><Text> WHEREAS the Gwich'in, from time immemorial, have traditionally used and occupied lands in Yukon and the Northwest Territories;</Text></Provision><Provision format-ref="indent-0-0" language-align="no"><Text>WHEREAS the <XRefExternal reference-type="act">Constitution Act, 1982</XRefExternal> recognizes and affirms the existing aboriginal and treaty rights of the aboriginal peoples of Canada;</Text></Provision><Provision format-ref="indent-0-0" language-align="no"><Text>WHEREAS Her Majesty the Queen in right of Canada and the Gwich’in, as represented by the Gwich’in Tribal Council, have negotiated in order to achieve certainty and clarity of rights with respect to ownership and use of land and resources;</Text></Provision><Provision format-ref="indent-0-0" language-align="no"><Text>WHEREAS Her Majesty the Queen in right of Canada and the Gwich’in, as represented by the Gwich’in Tribal Council, on April 22, 1992, entered into a comprehensive land claims agreement that, in exchange for the release by the Gwich’in of certain rights and claims as set out in the Agreement, defines certain rights that the Gwich’in shall have, and confirms the treaty rights of the Gwich’in that are unaffected by that release;</Text></Provision><Provision format-ref="indent-0-0" language-align="no"><Text>WHEREAS the Agreement further provides that the Agreement will be a land claims agreement referred to in section 35 of the <XRefExternal reference-type="act">Constitution Act, 1982</XRefExternal> and that approval by Parliament is a condition precedent to the validity of the Agreement;</Text></Provision></Preamble><Enacts><Provision format-ref="indent-0-0" language-align="no"><Text>NOW, THEREFORE, Her Majesty, by and with the advice and consent of the Senate and House of Commons of Canada, enacts as follows:</Text></Provision><HistoricalNote>1992, c. 53, Preamble; 2002, c. 7, s. 175(E).</HistoricalNote></Enacts></Introduction><Body><Heading level="1"><TitleText>Short Title</TitleText></Heading><Section><MarginalNote>Short title</MarginalNote><Label>1</Label><Text>This Act may be cited as the <XRefExternal reference-type="act">Gwich’in Land Claim Settlement Act</XRefExternal>.</Text></Section><Heading level="1"><TitleText>Interpretation</TitleText></Heading><Section><MarginalNote>Definition of <DefinedTermEn>Agreement</DefinedTermEn></MarginalNote><Label>2</Label><Text>In this Act, <DefinedTermEn>Agreement</DefinedTermEn> means the Comprehensive Land Claim Agreement between Her Majesty the Queen in right of Canada and the Gwich’in, as represented by the Gwich’in Tribal Council, signed on April 22, 1992, tabled in the House of Commons for the Minister of Indian Affairs and Northern Development on November 16, 1992, and includes amendments made from time to time pursuant to the Agreement.</Text></Section><Heading level="1"><TitleText>Her Majesty</TitleText></Heading><Section><MarginalNote>Binding on Her Majesty</MarginalNote><Label>3</Label><Text>This Act is binding on Her Majesty in right of Canada or a province.</Text></Section><Heading level="1"><TitleText>Agreement</TitleText></Heading><Section><MarginalNote>Agreement</MarginalNote><Label>4</Label><Subsection><Label>(1)</Label><Text>The Agreement is hereby approved, given effect and declared valid.</Text></Subsection><Subsection><MarginalNote>Idem</MarginalNote><Label>(2)</Label><Text>For greater certainty, where the Agreement confers on any person or body a right, privilege, benefit or power, requires any person or body to perform a duty or subjects any person or body to a liability, that person or body may exercise the right, privilege, benefit or power, shall perform the duty or is subject to the liability to the extent provided for by the Agreement.</Text></Subsection><Subsection><MarginalNote>Idem</MarginalNote><Label>(3)</Label><Text>For greater certainty, title to lands vests in the Gwich’in Tribal Council as set out in the Agreement.</Text></Subsection></Section><Section><MarginalNote>Renewable Resources Board</MarginalNote><Label>5</Label><Text>For the purposes of carrying out its objectives, the Renewable Resources Board established by the Agreement has the capacity, rights, powers and privileges of a natural person.</Text></Section><Section><MarginalNote>Orders and regulations</MarginalNote><Label>6</Label><Text>The Governor in Council may make such orders and regulations as are necessary for the purpose of carrying out the Agreement or for giving effect to any of the provisions thereof.</Text></Section><Section><MarginalNote>Publication of Agreement and amendments</MarginalNote><Label>7</Label><Text>The Minister of Indian Affairs and Northern Development shall cause a certified copy of the Agreement and any amendments thereto to be deposited in</Text><Paragraph><Label>(a)</Label><Text>the library of the Department of Indian Affairs and Northern Development that is situated in the National Capital Region;</Text></Paragraph><Paragraph><Label>(b)</Label><Text>the regional offices of the Department of Indian Affairs and Northern Development that are situated in Yukon and the Northwest Territories;</Text></Paragraph><Paragraph><Label>(c)</Label><Text>the legislative libraries of the Government of Yukon and the Government of the Northwest Territories; and</Text></Paragraph><Paragraph><Label>(d)</Label><Text>such other places as the Minister deems necessary.</Text></Paragraph><HistoricalNote>1992, c. 53, s. 7; 2002, c. 7, s. 176(E).</HistoricalNote></Section><Heading level="1"><TitleText>Other Laws</TitleText></Heading><Section><MarginalNote>Inconsistency or conflict</MarginalNote><Label>8</Label><Text>Where there is any inconsistency or conflict between this Act or the Agreement and the provisions of any law, this Act or the Agreement, as the case may be, prevails to the extent of the inconsistency or conflict.</Text></Section><Section><Label>8.1</Label><Text><Repealed>[Repealed, 2009, c. 23, s. 330]</Repealed></Text></Section><Heading level="1"><TitleText>Appropriation</TitleText></Heading><Section><MarginalNote>Payments out of C.R.F.</MarginalNote><Label>9</Label><Text>There shall be paid out of the Consolidated Revenue Fund such sums as may be required to meet the monetary obligations of Canada under chapters 8 and 9 of the Agreement.</Text></Section><Heading level="1"><TitleText>Consequential Amendment</TitleText></Heading><Section><Label>10</Label><Text>[Amendment]</Text></Section><Heading level="1"><TitleText>Coming into Force</TitleText></Heading><Section type="transitional"><MarginalNote>Coming into force</MarginalNote><Label><FootnoteRef idref="G-11.8_en_1">*</FootnoteRef>11</Label><Text>This Act shall come into force on a day to be fixed by order of the Governor in Council.</Text><Footnote id="G-11.8_en_1" placement="section" status="editorial" xml:space="default"><Label>*</Label><Text>[Note: Act in force December 22, 1992, <Emphasis style="italic">see</Emphasis> SI/93-1.]</Text></Footnote></Section></Body></Statute>