﻿<?xml version="1.0" encoding="utf-8"?><!--Arbortext, Inc., 1988-2004, v.4002--><!DOCTYPE Statute PUBLIC "-//Justice Canada//DTD Statute v2.0.0//EN" "Dtd/Version_2.0.0/Statute/Statute.dtd"><Statute bill-origin="commons" bill-type="govt-public" xml:lang="en"><Identification><LongTitle>An Act to repeal An Act respecting the Halifax Relief Commission and to authorize the continuation of pensions, grants or allowances paid by the Halifax Relief Commission</LongTitle><ShortTitle status="official">Halifax Relief Commission Pension Continuation Act</ShortTitle><RunningHead>Halifax Relief Commission</RunningHead><BillHistory><Stages stage="assented-to"><Date><YYYY>1976</YYYY><MM>2</MM><DD>25</DD></Date></Stages><Stages stage="consolidation"><Date><YYYY>2018</YYYY><MM>08</MM><DD>20</DD></Date></Stages></BillHistory><Chapter><ConsolidatedNumber official="no">H-0.5</ConsolidatedNumber><AnnualStatuteId revised-statute="no"><AnnualStatuteNumber>88</AnnualStatuteNumber><YYYY>1974-75-76</YYYY></AnnualStatuteId></Chapter></Identification><Introduction><Preamble><Provision format-ref="indent-0-0" language-align="yes"><MarginalNote>Preamble</MarginalNote><Text>WHEREAS the Governor in Council in consequence of the explosion on December 6, 1917 at Halifax constituted the Halifax Relief Commission to administer the relief funds contributed for the assistance of those who suffered as a result of the explosion;</Text></Provision><Provision format-ref="indent-0-0" language-align="yes"><Text>AND WHEREAS the said Commission was incorporated by an Act of the General Assembly of Nova Scotia entitled <XRefExternal reference-type="act">An Act to Incorporate the Halifax Relief Commission</XRefExternal>, which was confirmed by an Act of the Parliament of Canada entitled <XRefExternal reference-type="act">An Act respecting the Halifax Relief Commission</XRefExternal>;</Text></Provision><Provision format-ref="indent-0-0" language-align="yes"><Text>AND WHEREAS the Government of Nova Scotia intends, in view of the diminished role of the Halifax Relief Commission, to introduce into the General Assembly of Nova Scotia a measure for the dissolution of the Commission and the transfer of its assets to the Minister of Finance of Canada, and it is therefore expedient that the Parliament of Canada enact a measure to authorize the Minister of Finance to accept those assets and the Canadian Pension Commission to continue the payment of pensions, grants or allowances to those who suffered as a result of the explosion;</Text></Provision></Preamble><Enacts><Provision format-ref="indent-0-0" language-align="yes"><Text>Now, Therefore, Her Majesty, by and with the advice and consent of the Senate and House of Commons of Canada, enacts as follows:</Text></Provision></Enacts></Introduction><Body><Section><MarginalNote>Short title</MarginalNote><Label>1</Label><Text>This Act may be cited as the <XRefExternal reference-type="act">Halifax Relief Commission Pension Continuation Act</XRefExternal>.</Text></Section><Section><MarginalNote>Definitions</MarginalNote><Label>2</Label><Text>In this Act,</Text><Definition><MarginalNote><DefinedTermEn>Commission</DefinedTermEn></MarginalNote><MarginalNote><DefinedTermFr>Commission</DefinedTermFr></MarginalNote><Text><DefinedTermEn>Commission</DefinedTermEn> means the Halifax Relief Commission, the incorporation of which was confirmed by chapter 24 of the Statutes of Canada, 1918;</Text></Definition><Definition><MarginalNote><DefinedTermEn>Minister</DefinedTermEn></MarginalNote><MarginalNote><DefinedTermFr>Ministre</DefinedTermFr></MarginalNote><Text><DefinedTermEn>Minister</DefinedTermEn> means the Minister of Finance.</Text></Definition></Section><Section><MarginalNote>Powers of Canadian Pension Commission</MarginalNote><Label>3</Label><Subsection><Label>(1)</Label><Text>When the General Assembly of Nova Scotia enacts a measure to provide for the dissolution of the Halifax Relief Commission and the transfer of the moneys, securities and other assets of the Halifax Relief Commission to the Minister and the Minister accepts those moneys, securities and other assets pursuant to this Act, the Canadian Pension Commission is thereupon vested with and may exercise, in relation to pensions, grants and allowances paid in respect of death or injury sustained in the explosion at Halifax in 1917, all the powers, duties and functions that, immediately before the dissolution of the Halifax Relief Commission, were vested in and exercisable by the Halifax Relief Commission in relation to those pensions, grants and allowances.</Text></Subsection><Subsection><MarginalNote>Idem</MarginalNote><Label>(2)</Label><Text>Without limiting the generality of subsection (1), the Canadian Pension Commission may</Text><Paragraph><Label>(a)</Label><Text>continue to pay a pension, a grant or an allowance to any person who, immediately before the dissolution of the Halifax Relief Commission, was receiving a pension, a grant or an allowance from the Halifax Relief Commission in respect of death or injury sustained in the explosion at Halifax in 1917; and</Text></Paragraph><Paragraph><Label>(b)</Label><Text>pay a pension, a grant or an allowance to any person who the Canadian Pension Commission determines is eligible to receive a pension, a grant or an allowance in respect of death or injury sustained in the explosion at Halifax in 1917.</Text></Paragraph></Subsection><Subsection><MarginalNote>Vesting of powers in Minister of Veterans Affairs</MarginalNote><Label>(3)</Label><Text>The powers, duties and functions of the Canadian Pension Commission under subsections (1) and (2) are, on and after the day on which this subsection comes into force, vested in and exercisable by the Minister of Veterans Affairs or such other member of the Queen’s Privy Council for Canada as may be designated by the Governor in Council.</Text></Subsection><HistoricalNote>1995, c. 18, s. 87.</HistoricalNote></Section><Section><MarginalNote>Transfer of property and obligations to Minister</MarginalNote><Label>4</Label><Subsection><Label>(1)</Label><Text>The Minister shall accept the moneys, securities and other assets held by or in the name of or in trust for the Commission and is bound by any subsisting obligations and liabilities of the Commission that are transferred or assigned to the Minister pursuant to the Act of the General Assembly of Nova Scotia that provides for the dissolution of the Halifax Relief Commission.</Text></Subsection><Subsection><MarginalNote>Liquidation</MarginalNote><Label>(2)</Label><Text>The Minister shall, in such manner and at such times as he deems fit, liquidate all securities and other assets accepted by him pursuant to subsection (1).</Text></Subsection></Section><Section><MarginalNote>Halifax 1917 Explosion Pension Account</MarginalNote><Label>5</Label><Subsection><Label>(1)</Label><Text>There shall be established in the Consolidated Revenue Fund a special account to be known as the Halifax 1917 Explosion Pension Account (hereinafter in this Act referred to as the “Account”).</Text></Subsection><Subsection><Label>(2)</Label><Text>[Repealed, 1999, c. 10, s. 42]</Text></Subsection><Subsection><MarginalNote>Payments out of C.R.F.</MarginalNote><Label>(3)</Label><Text>There shall be paid out of the Consolidated Revenue Fund</Text><Paragraph><Label>(a)</Label><Text>all payments under this Act as or on account of pensions, grants or allowances; and</Text></Paragraph><Paragraph><Label>(b)</Label><Text>any payments against the subsisting obligations and liabilities accepted by the Minister pursuant to subsection 4(1).</Text></Paragraph></Subsection><Subsection><MarginalNote>Charges to Account</MarginalNote><Label>(4)</Label><Text>For as long as there is a balance to the credit of the Account, payments paid out of the Consolidated Revenue Fund under subsection (3) shall be charged to the Account.</Text></Subsection><Subsection><MarginalNote>Interest to be credited to Account</MarginalNote><Label>(5)</Label><Text>Interest shall be credited to the Account at such times and at such rates as the Governor in Council may determine from time to time.</Text></Subsection><HistoricalNote>1999, c. 10, s. 42.</HistoricalNote></Section><Section><MarginalNote>Balance for continued rehabilitation</MarginalNote><Label>6</Label><Text>When, in the opinion of the Minister, no further amounts will be required to be paid out of the Consolidated Revenue Fund pursuant to subsection 5(3), the Governor in Council may, after consultation with the Government of Nova Scotia, authorize the transfer of the balance to the credit of the Account to a provincial or municipal body in Nova Scotia to be used for the continued rehabilitation of the area of Halifax that was damaged by the explosion at Halifax in 1917.</Text></Section><Section><MarginalNote>Credits to Public Service Superannuation Account</MarginalNote><Label>7</Label><Subsection><Label>(1)</Label><Text>There shall be paid into the Consolidated Revenue Fund and credited to the account referred to in the <XRefExternal reference-type="act">Public Service Superannuation Act</XRefExternal> as the Superannuation Account (hereinafter in this section referred to as the “Public Service Superannuation Account”)</Text><Paragraph><Label>(a)</Label><Text>the moneys accepted by the Minister pursuant to subsection 4(1) that were held by or in the name of or in trust for the Commission on account of the superannuation fund established under the Superannuation Plan and administered by the Commission; and</Text></Paragraph><Paragraph><Label>(b)</Label><Text>the moneys realized from the liquidation made pursuant to subsection 4(2) of securities or other assets that were held by or in the name of or in trust for the Commission on account of the superannuation fund described in paragraph (a).</Text></Paragraph></Subsection><Subsection><MarginalNote>Charge to Public Service Superannuation Account</MarginalNote><Label>(2)</Label><Text>There shall be paid out of the Consolidated Revenue Fund and charged to the Public Service Superannuation Account, subject to the terms and conditions of the Superannuation Plan, any benefit payable out of the superannuation fund described in paragraph (1)(a) pursuant to that Plan.</Text></Subsection><Subsection><MarginalNote>Definition of <DefinedTermEn>Superannuation Plan</DefinedTermEn></MarginalNote><Label>(3)</Label><Text>For the purposes of this section, <DefinedTermEn>Superannuation Plan</DefinedTermEn> means the Halifax Relief Commission Superannuation Plan, as it exists on the dissolution of the Commission, that was established for the benefit of employees, officers and members of the Commission pursuant to an Order of the Governor in Council dated January 24, 1945 (P.C. 163/505).</Text></Subsection></Section><Section><Label>8</Label><Text>[Amendment]</Text></Section><Section><Label>9</Label><Text>[Repeal]</Text></Section><Section><MarginalNote>Coming into force</MarginalNote><Label><FootnoteRef idref="fn_Ind38B2_hq_13896">*</FootnoteRef>10</Label><Text>This Act shall come into force on a day to be fixed by proclamation.</Text><Footnote id="fn_Ind38B2_hq_13896" placement="table" status="editorial"><Label>*</Label><Text>[Note: Act in force June 11, 1976, <Emphasis style="italic">see</Emphasis> SI/76-78.]</Text></Footnote></Section></Body></Statute>