﻿<?xml version="1.0" encoding="utf-8"?><!--Arbortext, Inc., 1988-2004, v.4002--><!DOCTYPE Statute PUBLIC "-//Justice Canada//DTD Statute v2.0.0//EN" "Dtd/Version_2.0.0/Statute/Statute.dtd"><Statute bill-origin="senate" bill-type="govt-public" xml:lang="en" in-force="yes"><Identification><BillNumber>S-31</BillNumber><Parliament><Session>1</Session><Number>38</Number><RegnalYear><Year-s>53-54</Year-s><Monarch>Elizabeth II</Monarch></RegnalYear><Year-s>2004-2005</Year-s></Parliament><LongTitle>An Act to authorize the construction and maintenance of a bridge over the St. Lawrence River and a bridge over the Beauharnois Canal for the purpose of completing Highway 30</LongTitle><ShortTitle status="official">Highway 30 Completion Bridges Act</ShortTitle><RunningHead>Highway 30 Completion Bridges</RunningHead><BillHistory><Stages stage="consolidation"><Date><YYYY>2018</YYYY><MM>08</MM><DD>20</DD></Date></Stages><Stages stage="assented-to"><Date><YYYY>2005</YYYY><MM>11</MM><DD>3</DD></Date></Stages></BillHistory><Chapter><ConsolidatedNumber official="no">H-3.8</ConsolidatedNumber><AnnualStatuteId><AnnualStatuteNumber>37</AnnualStatuteNumber><YYYY>2005</YYYY></AnnualStatuteId></Chapter><BillRefNumber date-time="2005-5-10">90321</BillRefNumber></Identification><Introduction><Enacts><Provision format-ref="indent-0-0" language-align="yes" list-item="no"><Text>Her Majesty, by and with the advice and consent of the Senate and House of Commons of Canada, enacts as follows:</Text></Provision></Enacts></Introduction><Body><Section><MarginalNote>Short title</MarginalNote><Label>1</Label><Text>This Act may be cited as the <XRefExternal reference-type="act">Highway 30 Completion Bridges Act</XRefExternal>.</Text></Section><Section><MarginalNote>Bridge over St. Lawrence River</MarginalNote><Label>2</Label><Subsection><Label>(1)</Label><Text>The Province of Quebec is authorized to construct and maintain a bridge for the movement of persons and vehicles over the St. Lawrence River between the municipality of Les Cèdres and the city of Salaberry-de-Valleyfield (Saint-Timothée sector).</Text></Subsection><Subsection><MarginalNote>Bridge over Beauharnois Canal</MarginalNote><Label>(2)</Label><Text>The Province of Quebec is authorized to construct and maintain a bridge for the movement of persons and vehicles over the Beauharnois Canal between the city of Salaberry-de-Valleyfield (Saint-Timothée sector) and the city of Beauharnois.</Text></Subsection><Subsection><MarginalNote>Ancillary works</MarginalNote><Label>(3)</Label><Text>The Province of Quebec is also authorized to construct and maintain approaches and other works ancillary to those bridges.</Text></Subsection></Section><Section><MarginalNote>Approval before construction</MarginalNote><Label>3</Label><Subsection><Label>(1)</Label><Text>Construction of the bridges or ancillary works may not begin until</Text><Paragraph><Label>(a)</Label><Text>the following documents have been submitted to the Minister of Transport for examination by the Governor in Council:</Text><Subparagraph><Label>(i)</Label><Text>plans and specifications for the proposed bridges and ancillary works, indicating in particular their vertical clearance and geodesic reference,</Text></Subparagraph><Subparagraph><Label>(ii)</Label><Text>a map indicating the proposed location of the bridges and ancillary works, and</Text></Subparagraph><Subparagraph><Label>(iii)</Label><Text>a bathymetric chart of the streams at the proposed location of the bridges;</Text></Subparagraph></Paragraph><Paragraph><Label>(b)</Label><Text>any other document or information necessary for a full examination of the proposed construction of the bridges and ancillary works has been provided to the Minister of Transport; and</Text></Paragraph><Paragraph><Label>(c)</Label><Text>the location of the bridges and ancillary works, and the plans and specifications for them, have been approved by the Governor in Council.</Text></Paragraph></Subsection><Subsection><MarginalNote>Change in location</MarginalNote><Label>(2)</Label><Text>No change in the location of the bridges may be made without a new approval of the Governor in Council.</Text></Subsection><Subsection><MarginalNote>Change in plans or specifications</MarginalNote><Label>(3)</Label><Text>No substantial change in the plans or specifications for the bridges or ancillary works may be made without a new approval of the Governor in Council.</Text></Subsection></Section><Section><MarginalNote>Power to make regulations</MarginalNote><Label>4</Label><Text>The Governor in Council may, for the purposes of navigation and shipping on the St. Lawrence River and the Beauharnois Canal, make regulations respecting the construction and maintenance of the bridges and ancillary works authorized by this Act.</Text></Section><Section><MarginalNote>Application of other Acts</MarginalNote><Label>5</Label><Text>For greater certainty, nothing in this Act limits the application of the <XRefExternal reference-type="act">Navigation Protection Act</XRefExternal> or any other Act of Parliament in respect of the construction and maintenance of the bridges and ancillary works authorized by this Act.</Text><HistoricalNote>2005, c. 37, s. 5; 2012, c. 31, s. 347.</HistoricalNote></Section></Body></Statute>