﻿<?xml version="1.0" encoding="utf-8"?><!DOCTYPE Statute PUBLIC "-//Justice Canada//DTD Statute v2.0.0//EN" "Dtd/Version_2.0.0/Statute/Statute.dtd"><Statute bill-origin="commons" bill-type="govt-public" xml:lang="en" in-force="yes"><Identification><LongTitle>An Act respecting the Hibernia Development Project and to amend certain Acts in relation thereto</LongTitle><ShortTitle status="official">Hibernia Development Project Act</ShortTitle><RunningHead>Hibernia Development Project</RunningHead><BillHistory><Stages stage="assented-to"><Date><YYYY>1990</YYYY><MM>11</MM><DD>6</DD></Date></Stages><Stages stage="consolidation"><Date><YYYY>2018</YYYY><MM>08</MM><DD>20</DD></Date></Stages></BillHistory><Chapter><ConsolidatedNumber official="no">H-3.7</ConsolidatedNumber><AnnualStatuteId revised-statute="no"><AnnualStatuteNumber>41</AnnualStatuteNumber><YYYY>1990</YYYY></AnnualStatuteId></Chapter></Identification><Introduction><Enacts><Provision format-ref="indent-0-0" language-align="no"><Text>Her Majesty, by and with the advice and consent of the Senate and House of Commons of Canada, enacts as follows:</Text></Provision></Enacts></Introduction><Body><Heading level="1"><TitleText>Short Title</TitleText></Heading><Section><MarginalNote>Short title</MarginalNote><Label>1</Label><Text>This Act may be cited as the <XRefExternal reference-type="act">Hibernia Development Project Act</XRefExternal>.</Text></Section><Heading level="1"><TitleText>Interpretation</TitleText></Heading><Section><MarginalNote>Definitions</MarginalNote><Label>2</Label><Subsection><Label>(1)</Label><Text>In this Act,</Text><Definition><Text><DefinedTermEn>Board</DefinedTermEn> means the Canada–Newfoundland and Labrador Offshore Petroleum Board established by the joint operation of section 9 of the <XRefExternal reference-type="act">Canada–Newfoundland and Labrador Atlantic Accord Implementation Act</XRefExternal> and section 9 of <XRefExternal reference-type="act">The Canada-Newfoundland Atlantic Accord Implementation (Newfoundland) Act</XRefExternal>, chapter 37 of the Statutes of Newfoundland, 1986; (<DefinedTermFr>Office</DefinedTermFr>)</Text></Definition><Definition><Text><DefinedTermEn>continental shelf</DefinedTermEn> means the seabed and subsoil of those submarine areas</Text><Paragraph><Label>(a)</Label><Text>that extend beyond the territorial sea throughout the natural prolongation of the land territory of Canada to the outer edge of the continental margin or to a distance of two hundred nautical miles from the inner limits of the territorial sea, whichever is the greater,</Text></Paragraph><Paragraph><Label>(b)</Label><Text>that extend to such outer limits as are prescribed pursuant to paragraph (2)(a), or</Text></Paragraph><Paragraph><Label>(c)</Label><Text>that are designated as being part of the continental shelf pursuant to that paragraph; (<DefinedTermFr>plateau continental</DefinedTermFr>)</Text></Paragraph></Definition><Definition><Text><DefinedTermEn>federal laws</DefinedTermEn> includes Acts of Parliament, regulations as defined in section 2 of the <XRefExternal reference-type="act">Interpretation Act</XRefExternal> and any other rules of law within the jurisdiction of Parliament, and any provision of those Acts, regulations or rules of law, but does not include laws of the Legislature of Yukon, of the Northwest Territories or for Nunavut; (<DefinedTermFr>lois fédérales</DefinedTermFr>)</Text></Definition><Definition><Text><DefinedTermEn>Her Majesty</DefinedTermEn> means Her Majesty in right of Canada; (<DefinedTermFr>Sa Majesté</DefinedTermFr>)</Text></Definition><Definition><Text><DefinedTermEn>Hibernia Development Project</DefinedTermEn> or <DefinedTermEn>Project</DefinedTermEn> means the project described in the Hibernia Development Plan approved by the decision referred to in subsection 6(1), as amended and approved by the Board from time to time; (<DefinedTermFr>exploitation</DefinedTermFr>)</Text></Definition><Definition><Text><DefinedTermEn>laws of Newfoundland</DefinedTermEn> includes the laws and rules of law from time to time in force in the Province of Newfoundland, and any provision of those laws or rules of law, but does not include federal laws; (<DefinedTermFr>lois terre-neuviennes</DefinedTermFr>)</Text></Definition><Definition><Text><DefinedTermEn>Minister</DefinedTermEn> means the Minister of Natural Resources; (<DefinedTermFr>ministre</DefinedTermFr>)</Text></Definition><Definition><Text><DefinedTermEn>offshore area</DefinedTermEn>, with respect to the Province of Newfoundland, means</Text><Paragraph><Label>(a)</Label><Text>any area of the sea that is not within the Province, that is on the landward side of the outer limits of the continental shelf and that is nearer to the coast of the Province than to the coast of any other province, or</Text></Paragraph><Paragraph><Label>(b)</Label><Text>such other area of the sea as is designated pursuant to paragraph (2)(b),</Text></Paragraph><ContinuedDefinition><Text>and includes the seabed and subsoil thereof and the airspace above that area; (<DefinedTermFr>zone extracôtière</DefinedTermFr>)</Text></ContinuedDefinition></Definition><Definition><Text><DefinedTermEn>prescribed</DefinedTermEn> means prescribed by regulations;</Text></Definition><Definition><Text><DefinedTermEn>security interests</DefinedTermEn> means interests in chattels, fixtures, documents of title, instruments, securities, chattel papers or other personal property that secure payment or performance of an obligation, and includes choses in action and interests arising from an assignment of book debts; (<DefinedTermFr>sûretés mobilières</DefinedTermFr>)</Text></Definition><Definition><Text><DefinedTermEn>territorial sea</DefinedTermEn> means the territorial sea of Canada as determined in accordance with the <XRefExternal reference-type="act">Territorial Sea and Fishing Zones Act</XRefExternal>. (<DefinedTermFr>mer territoriale</DefinedTermFr>)</Text></Definition></Subsection><Subsection><MarginalNote>Regulations</MarginalNote><Label>(2)</Label><Text>The Governor in Council may make regulations</Text><Paragraph><Label>(a)</Label><Text>prescribing outer limits of the continental shelf or any portion thereof for the purpose of the definition <DefinedTermEn>continental shelf</DefinedTermEn> in subsection (1), or designating, for greater certainty, the seabed and subsoil of a particular submarine area as being part of the continental shelf;</Text></Paragraph><Paragraph><Label>(b)</Label><Text>designating an area of the sea for the purpose of the definition <DefinedTermEn>offshore area</DefinedTermEn> in subsection (1); and</Text></Paragraph><Paragraph><Label>(c)</Label><Text>prescribing, in respect of any area of the sea and for the purpose of the definition <DefinedTermEn>offshore area</DefinedTermEn> in subsection (1), the manner of determining the province that has the coast nearest to that area.</Text></Paragraph></Subsection><HistoricalNote>1990, c. 41, s. 2; 1994, c. 41, s. 37; 2002, c. 7, s. 178; 2014, c. 2, s. 41, c. 13, s. 113.</HistoricalNote></Section><Heading level="1"><TitleText>Agreements</TitleText></Heading><Section><MarginalNote>Authority to enter into agreements</MarginalNote><Label>3</Label><Subsection><Label>(1)</Label><Text>The Minister may, with the approval of the Governor in Council, enter into one or more agreements on behalf of Her Majesty in respect of the Hibernia Development Project.</Text></Subsection><Subsection><MarginalNote>Contents of agreements</MarginalNote><Label>(2)</Label><Text>The agreements entered into under this section may include</Text><Paragraph><Label>(a)</Label><Text>undertakings for the provision of assistance by Canada, including</Text><Subparagraph><Label>(i)</Label><Text>the payment of a contribution in respect of the capital costs of the Project, in an amount not exceeding in the aggregate one billion forty million dollars,</Text></Subparagraph><Subparagraph><Label>(ii)</Label><Text>the guaranteeing from time to time, in accordance with terms and conditions approved by the Minister of Finance, of the payment of amounts, not exceeding in the aggregate at any time one billion six hundred and sixty million dollars in respect of principal, payable under or pursuant to loans, notes, bills of exchange or other financial instruments or arrangements made, given or issued in relation to the financing or refinancing of the whole or a portion of the Project,</Text></Subparagraph><Subparagraph><Label>(iii)</Label><Text>the provision of other assistance in an amount not exceeding in the aggregate three hundred million dollars,</Text></Subparagraph><Subparagraph><Label>(iv)</Label><Text>the guaranteeing from time to time, in accordance with terms and conditions approved by the Minister of Finance, of the payment of amounts, not exceeding in the aggregate at any time one hundred and seventy-five million dollars, payable under or pursuant to loans, notes, bills of exchange or other financial instruments or arrangements made, given or issued in relation to the provision of a temporary financing facility,</Text></Subparagraph><Subparagraph><Label>(v)</Label><Text>the guaranteeing of the payment of the redemption premiums, if any, payable under the loans, notes, bills of exchange or other financial instruments or arrangements referred to in subparagraph (ii), of the amounts, if any, payable under any interest rate swap contract entered into in respect of any such instrument or arrangement, and of the interest payable in respect of any such instrument or arrangement for one interest period of twelve months or less, and</Text></Subparagraph><Subparagraph><Label>(vi)</Label><Text>the guaranteeing from time to time, in accordance with terms and conditions approved by the Minister of Finance, of the payment of interest payable in respect of amounts that become payable pursuant to guarantees of loans, notes, bills of exchange or other financial instruments or arrangements referred to in subparagraph (ii), or guarantees of redemption premiums, amounts or interest referred to in subparagraph (v), for periods not exceeding fifteen days from the dates those instruments, arrangements, redemption premiums, amounts or interest become due until they are paid;</Text></Subparagraph></Paragraph><Paragraph><Label>(b)</Label><Text>provisions for the appointment of one or more trustees or other persons to perform such duties as may be required by the Minister, including the signing, as agent of Her Majesty, of certificates that represent the right of the proper holders of the certificates to participate in, and to have the benefit of, a guarantee entered into by the Minister under subparagraph (2)(a)(ii), (iv), (v) or (vi), provided that the maximum amounts referred to therein are not exceeded, which signatures shall have the same effect as that of the Minister;</Text></Paragraph><Paragraph><Label>(c)</Label><Text>provisions for the payment of a net profit interest to Her Majesty;</Text></Paragraph><Paragraph><Label>(d)</Label><Text>undertakings in relation to industrial and employment benefits;</Text></Paragraph><Paragraph><Label>(e)</Label><Text>undertakings in relation to access to domestic and international markets for oil produced from the Project, subject to compliance with any other Act of Parliament including the <XRefExternal reference-type="act">National Energy Board Act</XRefExternal> and the <XRefExternal reference-type="act">Canada–Newfoundland and Labrador Atlantic Accord Implementation Act</XRefExternal> and with any regulations thereunder, and access to international market prices for oil produced from the Project; and</Text></Paragraph><Paragraph><Label>(f)</Label><Text>such other terms and conditions as the Minister considers desirable.</Text></Paragraph></Subsection><Subsection><MarginalNote>Currency of guarantee</MarginalNote><Label>(3)</Label><Text>Subparagraphs (2)(a)(ii), (v) and (vi) shall be deemed to authorize the guaranteeing, in whole or in part, of an equivalent amount in the currency of any country other than Canada and, notwithstanding subsection 48(2) of the <XRefExternal reference-type="act">Financial Administration Act</XRefExternal>, the equivalent amount shall be calculated using</Text><Paragraph><Label>(a)</Label><Text>where the guarantee is in respect of an amount that together with all guaranteed principal amounts outstanding at the time is in excess of the maximum aggregate principal amount guaranteed at any prior time, the daily average rate of exchange between the Canadian dollar and the currency concerned quoted by the Bank of Canada on the day immediately preceding the day on which the benefit of the guarantee is extended by certificate under paragraph (2)(b) to the amount in excess; or</Text></Paragraph><Paragraph><Label>(b)</Label><Text>where the guarantee is in respect of the payment of an amount that finances or refinances the whole or a portion of an obligation in the currency of a country other than Canada that has been previously guaranteed under any of those subparagraphs, the weighted average of the rates of exchange determined under paragraph (a) in respect of all of the amounts that were previously guaranteed in the currency concerned.</Text></Paragraph></Subsection><Subsection><MarginalNote>Definition of <DefinitionRef>interest</DefinitionRef></MarginalNote><Label>(4)</Label><Text>In this section, <DefinitionRef>interest</DefinitionRef> includes, in respect of a financial instrument, the difference between the face amount of the financial instrument and the sum received by the issuer, amortized over the term of the financial instrument to its maturity.</Text></Subsection><HistoricalNote>1990, c. 41, s. 3; 1999, c. 31, s. 130; 2014, c. 13, s. 115; 2017, c. 20, s. 105.</HistoricalNote></Section><Section><MarginalNote>Authority to carry out agreements</MarginalNote><Label>4</Label><Subsection><Label>(1)</Label><Text>The Minister may do such things as are necessary to carry out any agreement entered into under section 3 or to protect the interests or enforce the rights of Her Majesty under the agreement.</Text></Subsection><Subsection><MarginalNote>Idem</MarginalNote><Label>(2)</Label><Text>Without limiting the generality of subsection (1), the Minister may, with respect to an agreement entered into under section 3,</Text><Paragraph><Label>(a)</Label><Text>issue guarantees on behalf of Her Majesty pursuant to and in accordance with any undertaking that is given in the agreement;</Text></Paragraph><Paragraph><Label>(b)</Label><Text>accept and hold on behalf of Her Majesty any security granted to Her Majesty under or pursuant to the agreement, including any security granted in substitution therefor;</Text></Paragraph><Paragraph><Label>(c)</Label><Text>release, or realize on, any security referred to in paragraph (b);</Text></Paragraph><Paragraph><Label>(d)</Label><Text>acquire shares of a corporation on behalf of or in trust for Her Majesty; and</Text></Paragraph><Paragraph><Label>(e)</Label><Text>acquire on behalf of Her Majesty the whole or any portion of the interest held in the Project by any party to the agreement, and for that purpose enter into such agreements or arrangements as the Minister considers appropriate.</Text></Paragraph></Subsection></Section><Section><MarginalNote>Summary to be laid before Parliament</MarginalNote><Label>5</Label><Text>The Minister shall cause a summary of each agreement made under this Act to be laid before each House of Parliament as soon as practicable after the making of the agreement.</Text></Section><Heading level="1"><TitleText>Validation</TitleText></Heading><Section><MarginalNote>Validation of project approval</MarginalNote><Label>6</Label><Subsection><Label>(1)</Label><Text>For the purposes of the <XRefExternal reference-type="act">Canada–Newfoundland and Labrador Atlantic Accord Implementation Act</XRefExternal>, the decision of the Board concerning the application for approval of the Hibernia Canada-Newfoundland Benefits Plan and the Hibernia Development Plan, which decision was published as Decision 86.01 and submitted to the Minister on June 18, 1986, shall be deemed to have been validly made by the Board pursuant to sections 45 and 139 of that Act and the conditions referred to in subsection 32(1) of that Act shall be deemed to have been satisfied in respect of that decision.</Text></Subsection><Subsection><MarginalNote>Presumption</MarginalNote><Label>(2)</Label><Text>Nothing done by the Board or the Minister pursuant to or in furtherance of the decision referred to in subsection (1) shall be found to be invalid by reason only that the Board was not properly constituted at the time the decision was made or that any of the provisions of the Act referred to in subsection (1) were not in force at that time.</Text></Subsection><HistoricalNote>1990, c. 41, s. 6; 2014, c. 13, s. 115.</HistoricalNote></Section><Heading level="1"><TitleText>Application of Federal and Provincial Laws</TitleText></Heading><Heading level="2"><TitleText>Application</TitleText></Heading><Section><MarginalNote>Application of federal laws</MarginalNote><Label>7</Label><Subsection><Label>(1)</Label><Text>Subject to this section, prescribed federal laws in relation to banking, bills of exchange, promissory notes, interest, bankruptcy, insolvency or the regulation of trade and commerce apply in the offshore area, with such modifications, if any, as are prescribed.</Text></Subsection><Subsection><MarginalNote>Interpretation</MarginalNote><Label>(2)</Label><Text>The federal laws referred to in subsection (1) shall be applied</Text><Paragraph><Label>(a)</Label><Text>as if the offshore area formed part of the territory of Canada; and</Text></Paragraph><Paragraph><Label>(b)</Label><Text>notwithstanding that by their terms the application of those federal laws is limited to Canada.</Text></Paragraph></Subsection><Subsection><MarginalNote>Regulations</MarginalNote><Label>(3)</Label><Text>The Governor in Council may make regulations</Text><Paragraph><Label>(a)</Label><Text>prescribing federal laws for the purposes of subsection (1);</Text></Paragraph><Paragraph><Label>(b)</Label><Text>prescribing such modifications in the federal laws that apply in the offshore area pursuant to this section as the Governor in Council considers the circumstances of that application may require; and</Text></Paragraph><Paragraph><Label>(c)</Label><Text>generally for carrying out the purposes and provisions of this section.</Text></Paragraph></Subsection></Section><Section><MarginalNote>Application of provincial laws</MarginalNote><Label>8</Label><Subsection><Label>(1)</Label><Text>Subject to this section and to such modifications or additions, if any, as are prescribed, the laws of Newfoundland in relation to security interests, including laws in relation to the enforcement of any rights or obligations arising thereunder, apply in the offshore area.</Text></Subsection><Subsection><MarginalNote>Interpretation</MarginalNote><Label>(2)</Label><Text>The laws of Newfoundland referred to in subsection (1) shall be applied</Text><Paragraph><Label>(a)</Label><Text>as if the offshore area formed part of the territory of the Province of Newfoundland; and</Text></Paragraph><Paragraph><Label>(b)</Label><Text>notwithstanding that by their terms the application of those laws is limited to the Province of Newfoundland or a particular area of that Province.</Text></Paragraph></Subsection><Subsection><MarginalNote>Sums due to province</MarginalNote><Label>(3)</Label><Text>Any sum due to Her Majesty in right of the Province of Newfoundland under a law of Newfoundland that applies in the offshore area pursuant to this section belongs to Her Majesty in right of the Province of Newfoundland.</Text></Subsection><Subsection><MarginalNote>Regulations</MarginalNote><Label>(4)</Label><Text>The Governor in Council may make regulations</Text><Paragraph><Label>(a)</Label><Text>restricting the application of subsection (1) to such laws of Newfoundland as are specified in the regulations;</Text></Paragraph><Paragraph><Label>(b)</Label><Text>excluding any laws of Newfoundland from the application of subsection (1);</Text></Paragraph><Paragraph><Label>(c)</Label><Text>prescribing such modifications or additions to the laws of Newfoundland that apply in the offshore area pursuant to this section as the Governor in Council considers necessary; and</Text></Paragraph><Paragraph><Label>(d)</Label><Text>generally for carrying out the purposes and provisions of this section.</Text></Paragraph></Subsection></Section><Section><MarginalNote>Limitation</MarginalNote><Label>9</Label><Text>For greater certainty, the provisions of section 8 shall not be interpreted as providing a basis for any claim, by or on behalf of a province, in respect of any interest in or legislative jurisdiction over the offshore area or the living or non-living resources of the offshore area or as limiting the application of any federal law.</Text></Section><Heading level="2"><TitleText>Jurisdiction of Courts</TitleText></Heading><Section><MarginalNote>Jurisdiction of courts</MarginalNote><Label>10</Label><Subsection><Label>(1)</Label><Text>A court has jurisdiction in respect of any matter that arises in whole or in part in the offshore area and to which a law applies pursuant to this Act if the court would have had jurisdiction had the matter arisen in the Province of Newfoundland.</Text></Subsection><Subsection><MarginalNote>Orders and powers</MarginalNote><Label>(2)</Label><Text>A court referred to in subsection (1) may make any order or exercise any power it considers necessary in respect of any matter referred to that subsection.</Text></Subsection><Subsection><MarginalNote>Saving</MarginalNote><Label>(3)</Label><Text>Nothing in this section limits the jurisdiction that a court may exercise apart from this Act.</Text></Subsection><Subsection><MarginalNote>Definition of <DefinedTermEn>court</DefinedTermEn></MarginalNote><Label>(4)</Label><Text>In this section, <DefinedTermEn>court</DefinedTermEn> includes a judge thereof and any justice.</Text></Subsection></Section><Heading level="2"><TitleText>Saving</TitleText></Heading><Section><MarginalNote>Saving</MarginalNote><Label>11</Label><Text>Nothing in sections 7 to 10 limits the operation that any Act, law or rule of law may have apart from this Act.</Text></Section><Heading level="2"><TitleText>Inconsistent Laws</TitleText></Heading><Section><MarginalNote>Inconsistent laws</MarginalNote><Label>11.1</Label><Text>In the event of any inconsistency between this Act or the regulations made under this Act and the <XRefExternal reference-type="act">Canadian Laws Offshore Application Act</XRefExternal> or the regulations made under that Act, this Act or the regulations made under this Act, as the case may be, prevail to the extent of the inconsistency.</Text><HistoricalNote>1990, c. 41, s. 22.</HistoricalNote></Section><Heading level="1"><TitleText>Related Amendments</TitleText></Heading><Section><Label>12 to 21</Label><Text>[Amendments]</Text></Section><Heading level="1"><TitleText>Transitional</TitleText></Heading><Section><Label>22</Label><Text>[Amendment]</Text></Section><Heading level="1"><TitleText>Coming into Force</TitleText></Heading><Section><MarginalNote>Coming into force</MarginalNote><Label><FootnoteRef idref="H-3.7_en_1">*</FootnoteRef>23</Label><Text>This Act or any provision thereof shall come into force on a day or days to be fixed by order of the Governor in Council.</Text><Footnote id="H-3.7_en_1" placement="section" status="editorial" xml:space="default"><Label>*</Label><Text>[Note: Act in force November 9, 1990, <Emphasis style="italic">see</Emphasis> SI/90-169.]</Text></Footnote></Section></Body></Statute>