﻿<?xml version="1.0" encoding="utf-8"?><!DOCTYPE Statute PUBLIC "-//Justice Canada//DTD Statute v2.0.0//EN" "Dtd/Version_2.0.0/Statute/Statute.dtd"><Statute bill-origin="commons" bill-type="govt-public" xml:lang="en" in-force="yes"><Identification><LongTitle>An Act to protect heritage railway stations</LongTitle><ShortTitle status="official">Heritage Railway Stations Protection Act</ShortTitle><RunningHead>Heritage Railway Stations Protection</RunningHead><BillHistory><Stages stage="consolidation"><Date><YYYY>2018</YYYY><MM>08</MM><DD>20</DD></Date></Stages></BillHistory><Chapter><ConsolidatedNumber official="no">H-3.5</ConsolidatedNumber><AnnualStatuteId revised-statute="yes"><AnnualStatuteNumber>52 (4th Supp.)</AnnualStatuteNumber><YYYY>1985</YYYY></AnnualStatuteId></Chapter><ReaderNote><Note status="official" xml:space="default">[<Emphasis style="italic">1988, c. 62, assented to 22nd September, 1988</Emphasis>]</Note></ReaderNote></Identification><Body><Section><MarginalNote>Short title</MarginalNote><Label>1</Label><Text>This Act may be cited as the <XRefExternal reference-type="act">Heritage Railway Stations Protection Act</XRefExternal>.</Text></Section><Section><MarginalNote>Interpretation</MarginalNote><Label>2</Label><Subsection><Label>(1)</Label><Text>In this Act,</Text><Definition><MarginalNote><DefinedTermEn>alter</DefinedTermEn></MarginalNote><MarginalNote><DefinedTermFr>modifier</DefinedTermFr></MarginalNote><Text><DefinedTermEn>alter</DefinedTermEn> means to change in any manner and includes to restore, renovate or repair;</Text></Definition><Definition><MarginalNote><DefinedTermEn>Board</DefinedTermEn></MarginalNote><MarginalNote><DefinedTermFr>Commission</DefinedTermFr></MarginalNote><Text><DefinedTermEn>Board</DefinedTermEn> means the Historic Sites and Monuments Board of Canada established by section 4 of the <XRefExternal reference-type="act">Historic Sites and Monuments Act</XRefExternal>;</Text></Definition><Definition><MarginalNote><DefinedTermEn>heritage feature</DefinedTermEn></MarginalNote><MarginalNote><DefinedTermFr>caractéristique patrimoniale</DefinedTermFr></MarginalNote><Text><DefinedTermEn>heritage feature</DefinedTermEn> means any feature of a heritage railway station designated by the Minister on the recommendation of the Board as a heritage feature;</Text></Definition><Definition><MarginalNote><DefinedTermEn>heritage railway station</DefinedTermEn></MarginalNote><MarginalNote><DefinedTermFr>gare ferroviaire patrimoniale</DefinedTermFr></MarginalNote><Text><DefinedTermEn>heritage railway station</DefinedTermEn> means any railway station designated by the Minister on the recommendation of the Board as a heritage railway station;</Text></Definition><Definition><MarginalNote><DefinedTermEn>Minister</DefinedTermEn></MarginalNote><MarginalNote><DefinedTermFr>ministre</DefinedTermFr></MarginalNote><Text><DefinedTermEn>Minister</DefinedTermEn> means the Minister responsible for the Parks Canada Agency;</Text></Definition><Definition><MarginalNote><DefinedTermEn>prescribed</DefinedTermEn></MarginalNote><MarginalNote><DefinitionEnOnly>Version anglaise seulement</DefinitionEnOnly></MarginalNote><Text><DefinedTermEn>prescribed</DefinedTermEn> means prescribed by regulation of the Governor in Council.</Text></Definition></Subsection><Subsection><MarginalNote>Part III of the <XRefExternal reference-type="act">Canada Transportation Act</XRefExternal></MarginalNote><Label>(2)</Label><Text>Unless otherwise provided, words and expressions used in this Act have the same meaning as in Part III of the <XRefExternal reference-type="act">Canada Transportation Act</XRefExternal>.</Text></Subsection><HistoricalNote>R.S., 1985, c. 52 (4th Supp.), s. 2; 1996, c. 10, s. 231; 2005, c. 2, s. 10.</HistoricalNote></Section><Section><MarginalNote>Application</MarginalNote><Label>3</Label><Text>This Act applies to railway companies to which Part III of the <XRefExternal reference-type="act">Canada Transportation Act</XRefExternal> applies.</Text><HistoricalNote>R.S., 1985, c. 52 (4th Supp.), s. 3; 1995, c. 24, s. 18; 1996, c. 10, s. 232.</HistoricalNote></Section><Section><MarginalNote>Designation of stations</MarginalNote><Label>4</Label><Text>The Minister may, on the recommendation of the Board, designate</Text><Paragraph><Label>(a)</Label><Text>railway stations as heritage railway stations for the purposes of this Act; and</Text></Paragraph><Paragraph><Label>(b)</Label><Text>features of heritage railway stations as heritage features for the purposes of this Act.</Text></Paragraph><HistoricalNote>R.S., 1985, c. 52 (4th Supp.), s. 4; 1992, c. 1, s. 144(F).</HistoricalNote></Section><Section><MarginalNote>Prohibition</MarginalNote><Label>5</Label><Subsection><Label>(1)</Label><Text>Unless authorized by the Governor in Council, no railway company shall</Text><Paragraph><Label>(a)</Label><Text>remove, destroy or alter or sell, assign, transfer or otherwise dispose of a heritage railway station owned by it or otherwise under its control; or</Text></Paragraph><Paragraph><Label>(b)</Label><Text>alter any of the heritage features of a heritage railway station referred to in paragraph (a).</Text></Paragraph></Subsection><Subsection><MarginalNote>Offence and punishment</MarginalNote><Label>(2)</Label><Text>Any railway company that contravenes subsection (1) is guilty of an offence and liable to a fine of not less than fifty thousand dollars and not more than one million dollars.</Text></Subsection><Subsection><MarginalNote>Exception</MarginalNote><Label>(3)</Label><Text>Subsection (1) does not apply in respect of the alteration of a heritage railway station or of any of the station’s heritage features where the alteration is made in response to an emergency situation.</Text></Subsection><Subsection><MarginalNote>Idem</MarginalNote><Label>(4)</Label><Text>Subsection (1) does not apply in respect of the sale, assignment, transfer or other disposition of a heritage railway station to a railway company.</Text></Subsection></Section><Section><MarginalNote>Application for authorization</MarginalNote><Label>6</Label><Text>A railway company that plans</Text><Paragraph><Label>(a)</Label><Text>to remove, destroy or alter or to sell, assign, transfer or otherwise dispose of a heritage railway station owned by it or otherwise under its control, or</Text></Paragraph><Paragraph><Label>(b)</Label><Text>to alter any of the heritage features of a heritage railway station referred to in paragraph (a)</Text></Paragraph><ContinuedSectionSubsection><Text>shall file an application for authorization to do so with the Minister in accordance with the regulations after having given public notice in the prescribed manner of its intention to file such an application.</Text></ContinuedSectionSubsection></Section><Section><MarginalNote>Notice of objection</MarginalNote><Label>7</Label><Subsection><Label>(1)</Label><Text>A person who objects to an application for authorization filed pursuant to section 6 may, within sixty days after the application is filed, serve on the Minister a notice of objection in the form established by the Minister setting out the reason for the objection and any relevant facts.</Text></Subsection><Subsection><MarginalNote>Hearing and report</MarginalNote><Label>(2)</Label><Text>Where a notice of objection is served in accordance with subsection (1), the Minister may, within sixty days after the notice is served, refer the matter to the Board.</Text></Subsection><Subsection><MarginalNote>Duties of the Board</MarginalNote><Label>(3)</Label><Text>Pursuant to a reference by the Minister under this section, the Board shall give all interested persons a reasonable opportunity to make representations to it and may hold a public meeting to determine whether the Minister should recommend that the Governor in Council grant the application for authorization filed pursuant to section 6.</Text></Subsection><Subsection><MarginalNote>Representations to the Board</MarginalNote><Label>(4)</Label><Text>Notice of any public meeting held under this section shall be published at least ten days prior to the date of the public meeting in at least one newspaper of general circulation in the municipality in which the heritage railway station is situated.</Text></Subsection><Subsection><MarginalNote>Quorum</MarginalNote><Label>(5)</Label><Text>For the purposes of a reference under this section, one member of the Board constitutes a quorum.</Text></Subsection><Subsection><MarginalNote>Report</MarginalNote><Label>(6)</Label><Text>After the conclusion of the Board’s consideration of an application and in any event within six months after the application is filed, the Board shall submit to the Minister a report setting out its findings of fact and its recommendations as well as any information or knowledge that entered into the formulation of its recommendations.</Text></Subsection><Subsection><MarginalNote>Recommendations to the Governor in Council</MarginalNote><Label>(7)</Label><Text>After the receipt of the report referred to in subsection (6), the Minister may recommend that the Governor in Council grant the application for authorization.</Text></Subsection><HistoricalNote>R.S., 1985, c. 52 (4th Supp.), s. 7; 1992, c. 1, s. 144(F).</HistoricalNote></Section><Section><MarginalNote>Authorization</MarginalNote><Label>8</Label><Subsection><Label>(1)</Label><Text>The Governor in Council may, on the recommendation of the Minister and on such terms and conditions as the Governor in Council considers appropriate, authorize a railway company</Text><Paragraph><Label>(a)</Label><Text>to remove, destroy or alter or to sell, assign, transfer or otherwise dispose of a heritage railway station owned by it or otherwise under its control; or</Text></Paragraph><Paragraph><Label>(b)</Label><Text>to alter any of the heritage features of a heritage railway station referred to in paragraph (a).</Text></Paragraph></Subsection><Subsection><MarginalNote>Idem</MarginalNote><Label>(2)</Label><Text>The authorization referred to in subsection (1) is required in addition to and not in substitution for any other authorization or approval required by law.</Text></Subsection></Section><Section><MarginalNote>Regulations</MarginalNote><Label>9</Label><Text>The Governor in Council may make regulations for carrying out the purposes and provisions of this Act and, without restricting the generality of the foregoing, may make regulations prescribing anything that by virtue of this Act may be prescribed by regulation.</Text></Section><Section><MarginalNote>Coming into force</MarginalNote><Label><FootnoteRef idref="H-3.5_en_1">*</FootnoteRef>10</Label><Text>This Act or any provision thereof shall come into force on a day or days to be fixed by order of the Governor in Council.</Text><Footnote id="H-3.5_en_1" placement="section" status="editorial" xml:space="default"><Label>*</Label><Text>[Note: Act in force August 15, 1990, <Emphasis style="italic">see</Emphasis> SI/90-100.]</Text></Footnote></Section></Body></Statute>