﻿<?xml version="1.0" encoding="utf-8"?><!DOCTYPE Statute PUBLIC "-//Justice Canada//DTD Statute v2.0.0//EN" "Dtd/Version_2.0.0/Statute/Statute.dtd"><Statute bill-origin="commons" bill-type="govt-public" xml:lang="en" in-force="yes"><Identification><LongTitle>An Act to provide for the protection of integrated circuit topographies and to amend certain Acts in consequence thereof</LongTitle><ShortTitle status="official">Integrated Circuit Topography Act</ShortTitle><RunningHead>Integrated Circuit Topography</RunningHead><BillHistory><Stages stage="assented-to"><Date><YYYY>1990</YYYY><MM>June</MM><DD>27</DD></Date></Stages><Stages stage="consolidation"><Date><YYYY>2018</YYYY><MM>08</MM><DD>20</DD></Date></Stages></BillHistory><Chapter><ConsolidatedNumber official="no">I-14.6</ConsolidatedNumber><AnnualStatuteId revised-statute="no"><AnnualStatuteNumber>37</AnnualStatuteNumber><YYYY>1990</YYYY></AnnualStatuteId></Chapter></Identification><Introduction><Enacts><Provision language-align="no" format-ref="indent-0-0"><Text>Her Majesty, by and with the advice and consent of the Senate and House of Commons of Canada, enacts as follows:</Text></Provision></Enacts></Introduction><Body><Heading level="1"><TitleText>Short Title</TitleText></Heading><Section><MarginalNote>Short title</MarginalNote><Label>1</Label><Text>This Act may be cited as the <XRefExternal reference-type="act">Integrated Circuit Topography Act</XRefExternal>.</Text></Section><Heading level="1"><TitleText>Interpretation</TitleText></Heading><Section><MarginalNote>Definitions</MarginalNote><Label>2</Label><Subsection><Label>(1)</Label><Text>In this Act,</Text><Definition><MarginalNote><DefinedTermEn>commercially exploit</DefinedTermEn></MarginalNote><MarginalNote><DefinedTermFr>exploitation commerciale</DefinedTermFr></MarginalNote><Text><DefinedTermEn>commercially exploit</DefinedTermEn> means to sell, lease, offer or exhibit for sale or lease, or otherwise distribute for a commercial purpose;</Text></Definition><Definition><MarginalNote><DefinedTermEn>filing date</DefinedTermEn></MarginalNote><MarginalNote><DefinedTermFr>date de dépôt</DefinedTermFr></MarginalNote><Text><DefinedTermEn>filing date</DefinedTermEn>, in respect of an application for registration of a topography, means the filing date of the application as determined in accordance with section 17;</Text></Definition><Definition><MarginalNote><DefinedTermEn>integrated circuit product</DefinedTermEn></MarginalNote><MarginalNote><DefinedTermFr>circuit intégré</DefinedTermFr></MarginalNote><Text><DefinedTermEn>integrated circuit product</DefinedTermEn> means a product, in a final or intermediate form, that is intended to perform an electronic function and in which the elements, at least one of which is an active element, and some or all of the interconnections, are integrally formed in or on, or both in and on, a piece of material;</Text></Definition><Definition><MarginalNote><DefinedTermEn>Minister</DefinedTermEn></MarginalNote><MarginalNote><DefinedTermFr>ministre</DefinedTermFr></MarginalNote><Text><DefinedTermEn>Minister</DefinedTermEn> means the Minister of Industry;</Text></Definition><Definition><MarginalNote><DefinedTermEn>national</DefinedTermEn></MarginalNote><MarginalNote><DefinedTermFr>ressortissant</DefinedTermFr></MarginalNote><Text><DefinedTermEn>national</DefinedTermEn>, in respect of a country, includes an individual who is a citizen or resident of, or is domiciled in, that country;</Text></Definition><Definition><MarginalNote><DefinedTermEn>prescribed</DefinedTermEn></MarginalNote><MarginalNote><DefinitionEnOnly>Version anglaise seulement</DefinitionEnOnly></MarginalNote><Text><DefinedTermEn>prescribed</DefinedTermEn> means prescribed by regulations;</Text></Definition><Definition><MarginalNote><DefinedTermEn>register</DefinedTermEn></MarginalNote><MarginalNote><DefinedTermFr>registre</DefinedTermFr></MarginalNote><Text><DefinedTermEn>register</DefinedTermEn> means the register kept pursuant to section 15;</Text></Definition><Definition><MarginalNote><DefinedTermEn>registered topography</DefinedTermEn></MarginalNote><MarginalNote><DefinedTermFr>topographie enregistrée</DefinedTermFr></MarginalNote><Text><DefinedTermEn>registered topography</DefinedTermEn> means a topography that is registered under this Act;</Text></Definition><Definition><MarginalNote><DefinedTermEn>Registrar</DefinedTermEn></MarginalNote><MarginalNote><DefinedTermFr>registraire</DefinedTermFr></MarginalNote><Text><DefinedTermEn>Registrar</DefinedTermEn> means the Registrar of Topographies designated pursuant to section 25;</Text></Definition><Definition><MarginalNote><DefinedTermEn>topography</DefinedTermEn></MarginalNote><MarginalNote><DefinedTermFr>topographie</DefinedTermFr></MarginalNote><Text><DefinedTermEn>topography</DefinedTermEn> means the design, however expressed, of the disposition of</Text><Paragraph><Label>(a)</Label><Text>the interconnections, if any, and the elements for the making of an integrated circuit product, or</Text></Paragraph><Paragraph><Label>(b)</Label><Text>the elements, if any, and the interconnections for the making of a customization layer or layers to be added to an integrated circuit product in an intermediate form.</Text></Paragraph></Definition></Subsection><Subsection><MarginalNote>Deemed importation or commercial exploitation</MarginalNote><Label>(2)</Label><Text>For the purposes of this Act, where an integrated circuit product forms part of an article that is imported or commercially exploited, the integrated circuit product shall be deemed to be imported or commercially exploited, as the case may be.</Text></Subsection><Subsection><MarginalNote>First commercial exploitation of topography</MarginalNote><Label>(3)</Label><Text>For the purposes of this Act, a topography is first commercially exploited when the topography or a substantial part thereof, or an integrated circuit product that incorporates the topography or a substantial part thereof, is commercially exploited for the first time in any place in the world by or with the consent of the person who owns the right to so commercially exploit the topography at that time and in that place.</Text></Subsection><Subsection><MarginalNote>Deemed creator of topography</MarginalNote><Label>(4)</Label><Text>For the purposes of this Act, where a topography is created in the course of employment or pursuant to a contract, the employer or party to the contract for whom the topography was created shall be deemed to be the creator of the topography unless the employer and employee or the parties to the contract, as the case may be, otherwise agree.</Text></Subsection><HistoricalNote>1990, c. 37, s. 2; 1992, c. 1, s. 145(F); 1995, c. 1, s. 62.</HistoricalNote></Section><Heading level="1"><TitleText>Her Majesty</TitleText></Heading><Section><MarginalNote>Binding on Her Majesty</MarginalNote><Label>2.1</Label><Text>This Act is binding on Her Majesty in right of Canada or a province.</Text><HistoricalNote>1994, c. 47, s. 129.</HistoricalNote></Section><Heading level="1"><TitleText>Exclusive Right</TitleText></Heading><Section><MarginalNote>Exclusive right on registration</MarginalNote><Label>3</Label><Subsection><Label>(1)</Label><Text>Subject to this Act, the registration of a topography under this Act, unless shown to be invalid, gives to the creator of the topography or, where the topography has been transferred, the successor in title thereto, an exclusive right in the topography for the duration of the period referred to in section 5.</Text></Subsection><Subsection><MarginalNote>Scope of exclusive right</MarginalNote><Label>(2)</Label><Text>The exclusive right in a registered topography consists of the exclusive right to</Text><Paragraph><Label>(a)</Label><Text>reproduce the topography or any substantial part thereof;</Text></Paragraph><Paragraph><Label>(b)</Label><Text>manufacture an integrated circuit product incorporating the topography or any substantial part thereof; and</Text></Paragraph><Paragraph><Label>(c)</Label><Text>import or commercially exploit the topography or any substantial part thereof or an integrated circuit product that incorporates the topography or any substantial part thereof.</Text></Paragraph></Subsection><Subsection><MarginalNote>Rights not conferred</MarginalNote><Label>(3)</Label><Text>Nothing in this section confers any rights in relation to any idea, concept, process, system, technique or information that may be embodied in a topography or an integrated circuit product.</Text></Subsection></Section><Section><MarginalNote>Conditions of registration</MarginalNote><Label>4</Label><Subsection><Label>(1)</Label><Text>Subject to subsection (4), a topography is registrable under this Act only if the following conditions are met:</Text><Paragraph><Label>(a)</Label><Text>the topography is original;</Text></Paragraph><Paragraph><Label>(b)</Label><Text>an application for registration of the topography, containing the information and material required by subsection 16(2) and accompanied by the fee required by subsection 16(3), is filed with the Registrar before the topography is first commercially exploited or within two years thereafter; and</Text></Paragraph><Paragraph><Label>(c)</Label><Text>the creator of the topography is, at the time of its creation or on the filing date of the application,</Text><Subparagraph><Label>(i)</Label><Text>a national of Canada or an individual or legal entity that has in Canada a real and effective establishment for the creation of topographies or the manufacture of integrated circuit products,</Text></Subparagraph><Subparagraph><Label>(ii)</Label><Text>a national of a country that, either directly or through its membership in an intergovernmental organization, affords protection for topographies in accordance with a convention or treaty to which that country or intergovernmental organization and Canada are contracting parties, or an individual or legal entity that has in such a country or in the territory of a member state of such an intergovernmental organization an establishment of the kind referred to in subparagraph (i),</Text></Subparagraph><Subparagraph><Label>(iii)</Label><Text>a national of a country or of a member state of an intergovernmental organization that the Minister has certified by notice published in the <XRefExternal reference-type="other">Canada Gazette</XRefExternal> to be a country or intergovernmental organization that confers protection on nationals of Canada or legal entities that have an establishment of the kind referred to in subparagraph (i) that is substantially equal to the protection conferred by this Act, or an individual or legal entity that has in such a country or in the territory of a member state of such an intergovernmental organization an establishment of that kind, or</Text></Subparagraph><Subparagraph><Label>(iv)</Label><Text>a national of a WTO Member.</Text></Subparagraph></Paragraph></Subsection><Subsection><MarginalNote>Originality</MarginalNote><Label>(2)</Label><Text>For the purposes of subsection (1), a topography is original if the following conditions are met:</Text><Paragraph><Label>(a)</Label><Text>it has not been produced by the mere reproduction of another topography or of any substantial part thereof; and</Text></Paragraph><Paragraph><Label>(b)</Label><Text>it is the result of an intellectual effort and is not, at the time of its creation, commonplace among creators of topographies or manufacturers of integrated circuit products.</Text></Paragraph></Subsection><Subsection><MarginalNote>Combinations of elements or interconnections</MarginalNote><Label>(3)</Label><Text>Where a topography consists of a combination of elements or interconnections that are commonplace among creators of topographies or manufacturers of integrated circuit products, the topography shall be considered to be original only if the combination, considered as a whole, meets the conditions referred to in subsection (2).</Text></Subsection><Subsection><MarginalNote>Exception</MarginalNote><Label>(4)</Label><Text>A topography that is not registrable by reason that the condition set out in paragraph (1)(c) cannot be met is registrable if the topography is first commercially exploited in Canada.</Text></Subsection><Subsection><MarginalNote>Definitions</MarginalNote><Label>(5)</Label><Text>In this section,</Text><Definition><MarginalNote><DefinedTermEn>Commissioner</DefinedTermEn></MarginalNote><MarginalNote><DefinedTermFr>commissaire</DefinedTermFr></MarginalNote><Text><DefinedTermEn>Commissioner</DefinedTermEn> means the Commissioner of Patents;</Text></Definition><Definition><MarginalNote><DefinedTermEn>WTO Agreement</DefinedTermEn></MarginalNote><MarginalNote><DefinedTermFr>Accord sur l’OMC</DefinedTermFr></MarginalNote><Text><DefinedTermEn>WTO Agreement</DefinedTermEn> has the meaning given to the word “Agreement” by subsection 2(1) of the <XRefExternal reference-type="act">World Trade Organization Agreement Implementation Act</XRefExternal>;</Text></Definition><Definition><MarginalNote><DefinedTermEn>WTO Member</DefinedTermEn></MarginalNote><MarginalNote><DefinedTermFr>membre de l’OMC</DefinedTermFr></MarginalNote><Text><DefinedTermEn>WTO Member</DefinedTermEn> means a Member of the World Trade Organization established by Article I of the WTO Agreement.</Text></Definition></Subsection><HistoricalNote>1990, c. 37, s. 4; 1993, c. 15, s. 25; 1994, c. 47, s. 130.</HistoricalNote></Section><Section><MarginalNote>Duration of exclusive right</MarginalNote><Label>5</Label><Text>The exclusive right in a registered topography shall subsist for a period</Text><Paragraph><Label>(a)</Label><Text>commencing on the filing date of the application for registration of the topography; and</Text></Paragraph><Paragraph><Label>(b)</Label><Text>terminating at the end of the tenth calendar year after the earlier of the calendar year in which the topography is first commercially exploited and the calendar year of the filing date of the application.</Text></Paragraph></Section><Section><MarginalNote>Infringement</MarginalNote><Label>6</Label><Subsection><Label>(1)</Label><Text>The exclusive right in a registered topography is infringed by any person who does any act referred to in subsection 3(2) without the consent of the owner of the registered topography.</Text></Subsection><Subsection><MarginalNote>No infringement</MarginalNote><Label>(2)</Label><Text>Notwithstanding subsection (1), it is not an infringement of the exclusive right in a registered topography for any person</Text><Paragraph><Label>(a)</Label><Text>to do any act referred to in paragraph 3(2)(a) or (b) in relation to that registered topography for the sole purpose of analysis or evaluation or of research or teaching with respect to topographies;</Text></Paragraph><Paragraph><Label>(b)</Label><Text>to do any act referred to in subsection 3(2) in relation to another topography that is created on the basis of the analysis, evaluation or research referred to in paragraph (a) and that is original within the meaning of subsection 4(2) or (3);</Text></Paragraph><Paragraph><Label>(c)</Label><Text>to do any act referred to in paragraph 3(2)(c) in relation to a particular integrated circuit product that incorporates that registered topography or a substantial part thereof, at any time after the time at which that particular integrated circuit product is sold in any place by or with the consent of the person who owned the right to sell that registered topography at that time and in that place;</Text></Paragraph><Paragraph><Label>(d)</Label><Text>to do any act referred to in subsection 3(2) where that act is done for a private and non-commercial purpose; or</Text></Paragraph><Paragraph><Label>(e)</Label><Text>to bring an integrated circuit product that incorporates that registered topography or a substantial part thereof temporarily into Canada if that integrated circuit product forms part of a vehicle, vessel, aircraft or spacecraft registered in a country other than Canada that enters Canada temporarily or accidentally and is used for a purpose that is necessary or ancillary to that vehicle, vessel, aircraft or spacecraft.</Text></Paragraph></Subsection><Subsection><MarginalNote>No infringement</MarginalNote><Label>(3)</Label><Text>For greater certainty, it is not an infringement of the exclusive right in a registered topography for any person to do any act referred to in subsection 3(2) in relation to another topography that is independently created.</Text></Subsection></Section><Section><MarginalNote>Transfer of topography</MarginalNote><Label>7</Label><Subsection><Label>(1)</Label><Text>A topography, whether registered or unregistered, is transferable, either as to the whole interest therein or as to any undivided portion thereof.</Text></Subsection><Subsection><MarginalNote>Licence</MarginalNote><Label>(2)</Label><Text>A topography, whether registered or unregistered and either as to the whole interest therein or as to any portion thereof, may constitute the subject-matter of a licence.</Text></Subsection></Section><Section><MarginalNote>Government may apply to use registered topography</MarginalNote><Label>7.1</Label><Subsection><Label>(1)</Label><Text>Subject to section 7.2, the Commissioner may, on application by the Government of Canada or the government of a province, authorize the public non-commercial use of a registered topography by that government.</Text></Subsection><Subsection><MarginalNote>Terms of use</MarginalNote><Label>(2)</Label><Text>Subject to section 7.2, the use of the registered topography may be authorized for such purpose, for such period and on such other terms as the Commissioner considers expedient, but the Commissioner shall settle those terms in accordance with the following principles:</Text><Paragraph><Label>(a)</Label><Text>the scope and duration of the use shall be limited to the purpose for which the use is authorized;</Text></Paragraph><Paragraph><Label>(b)</Label><Text>the use authorized shall be non-exclusive; and</Text></Paragraph><Paragraph><Label>(c)</Label><Text>any use shall be authorized predominantly to supply the domestic market.</Text></Paragraph></Subsection><Subsection><MarginalNote>Notice</MarginalNote><Label>(3)</Label><Text>The Commissioner shall notify the owner of the registered topography of any use of the registered topography that is authorized under this section.</Text></Subsection><Subsection><MarginalNote>Payment of remuneration</MarginalNote><Label>(4)</Label><Text>Where the use of the registered topography is authorized, the authorized user shall pay to the owner of the registered topography such amount as the Commissioner considers to be adequate remuneration in the circumstances, taking into account the economic value of the authorization.</Text></Subsection><Subsection><MarginalNote>Termination of authorization</MarginalNote><Label>(5)</Label><Text>The Commissioner may, on application by the owner of the registered topography and after giving all concerned parties an opportunity to be heard, terminate the authorization if the Commissioner is satisfied that the circumstances that led to the granting of the authorization have ceased to exist and are unlikely to recur, subject to such conditions as the Commissioner deems appropriate to protect the legitimate interests of the authorized user.</Text></Subsection><Subsection><MarginalNote>Authorization not transferable</MarginalNote><Label>(6)</Label><Text>An authorization granted under this section is not transferable.</Text></Subsection><HistoricalNote>1994, c. 47, s. 131.</HistoricalNote></Section><Section><MarginalNote>Prescribed uses</MarginalNote><Label>7.2</Label><Text>The Commissioner may not, under section 7.1, authorize any use that is a prescribed use unless the proposed user complies with the prescribed conditions.</Text><HistoricalNote>1994, c. 47, s. 131.</HistoricalNote></Section><Section><MarginalNote>Appeal</MarginalNote><Label>7.3</Label><Text>Any decision made by the Commissioner under section 7.1 or 7.2 is subject to appeal to the Federal Court under the <XRefExternal reference-type="act">Patent Act</XRefExternal>.</Text><HistoricalNote>1994, c. 47, s. 131.</HistoricalNote></Section><Section><MarginalNote>Regulations</MarginalNote><Label>7.4</Label><Subsection><Label>(1)</Label><Text>The Governor in Council may make regulations for the purpose of implementing, in relation to registered topographies, paragraph 2 of Article 37 of the Agreement on Trade-related Aspects of Intellectual Property Rights set out in Annex 1C to the WTO Agreement.</Text></Subsection><Subsection><MarginalNote>Definition of <DefinedTermEn>WTO Agreement</DefinedTermEn></MarginalNote><Label>(2)</Label><Text>In subsection (1), <DefinedTermEn>WTO Agreement</DefinedTermEn> has the same meaning as in subsection 4(5).</Text></Subsection><HistoricalNote>1994, c. 47, s. 131.</HistoricalNote></Section><Heading level="1"><TitleText>Legal Proceedings</TitleText></Heading><Heading level="2"><TitleText>Action for Infringement</TitleText></Heading><Section><MarginalNote>Action for infringement</MarginalNote><Label>8</Label><Subsection><Label>(1)</Label><Text>An action for infringement of the exclusive right in a registered topography may be brought in any court of competent jurisdiction by the owner of the registered topography or by a licensee of any right therein, subject to any agreement between the licensee and the owner.</Text></Subsection><Subsection><MarginalNote>Each owner to be party</MarginalNote><Label>(2)</Label><Text>Each owner of a registered topography shall be or be made a party to any action for infringement of the exclusive right therein.</Text></Subsection></Section><Section><MarginalNote>Power of court to grant relief</MarginalNote><Label>9</Label><Text>In an action for infringement of the exclusive right in a registered topography, a court of competent jurisdiction may make such orders as the circumstances require, including orders providing for relief by way of injunction, the payment of royalties and the recovery of damages or profits, for punitive damages, and for the disposal of any infringing integrated circuit product or any article of which an infringing integrated circuit product forms a part.</Text></Section><Section><MarginalNote>Innocent infringement</MarginalNote><Label>10</Label><Text>Where the exclusive right in a registered topography is infringed by reason of the commercial exploitation or importation of an integrated circuit product that incorporates the registered topography or a substantial part thereof and the defendant in an action for infringement establishes that, at the time the defendant acquired the integrated circuit product, the defendant did not know and had no reasonable grounds to believe that the integrated circuit product was manufactured and sold for the first time without the consent of the owner of the registered topography, the defendant</Text><Paragraph><Label>(a)</Label><Text>is not liable for royalties, damages, profits or punitive damages in respect of any dealings with the integrated circuit product prior to the time when the defendant had actual knowledge that the product was manufactured and sold for the first time without the consent of the owner; and</Text></Paragraph><Paragraph><Label>(b)</Label><Text>shall have the right to dispose of any inventory of the integrated circuit product or of the article of which the integrated circuit product forms a part that was acquired before the defendant had that knowledge, subject to the condition that the defendant pay a reasonable royalty in respect of that inventory in such amount and at such time as the court may determine.</Text></Paragraph></Section><Section><MarginalNote>Infringement after commercial exploitation in Canada</MarginalNote><Label>11</Label><Subsection><Label>(1)</Label><Text>Where an integrated circuit product that incorporates a registered topography or a substantial part thereof is commercially exploited in Canada by or with the consent of the owner of the registered topography and an action for infringement is commenced in respect of an act of infringement committed after that commercial exploitation, the plaintiff is not entitled to any relief under section 9 other than by way of an injunction if the defendant establishes that, at the time of the infringement, the defendant was not aware and had no reasonable grounds to suspect that the topography was registered.</Text></Subsection><Subsection><MarginalNote>Exception</MarginalNote><Label>(2)</Label><Text>Subsection (1) does not apply if the plaintiff establishes that all or substantially all of the integrated circuit products that were commercially exploited in Canada by or with the consent of the owner of the registered topography before the infringement, or all or substantially all of the containers housing those integrated circuit products, were visibly marked with a title of the topography that is substantially the same as a title thereof that, at the time of the infringement, appeared on the register.</Text></Subsection></Section><Section><MarginalNote>Limitation period</MarginalNote><Label>12</Label><Subsection><Label>(1)</Label><Text>Subject to subsection (2), no royalties, damages, profits or punitive damages may be awarded for any act of infringement committed more than three years before the commencement of the action for infringement.</Text></Subsection><Subsection><MarginalNote>Exception</MarginalNote><Label>(2)</Label><Text>The limitation period described in subsection (1) does not apply if</Text><Paragraph><Label>(a)</Label><Text>the infringement is of such a nature that, at the time of its commission, it would not have come to the attention of a reasonably diligent owner or licensee of any right in the registered topography; and</Text></Paragraph><Paragraph><Label>(b)</Label><Text>the action for infringement is commenced within three years after the infringement came or should have come to the attention of the plaintiff.</Text></Paragraph></Subsection></Section><Section><MarginalNote>Changes in register not applicable</MarginalNote><Label>13</Label><Text>If any person has relied to the detriment of that person on any entry in the register as it read before being expunged or amended pursuant to this Act or any other Act of Parliament, a court of competent jurisdiction may order that the expungement or amendment not apply in any action for infringement of the exclusive right in a registered topography taken against that person or against any other person who has acquired from that person an integrated circuit product that incorporates the topography or a substantial part thereof.</Text></Section><Heading level="2"><TitleText>Other Proceedings</TitleText></Heading><Section><MarginalNote>Detention of infringing integrated circuit products</MarginalNote><Label>14</Label><Subsection><Label>(1)</Label><Text>Where it is made to appear to a court of competent jurisdiction that an integrated circuit product has been imported into Canada or is about to be commercially exploited in Canada contrary to this Act, the court may make an order for the interim detention of the integrated circuit product or any article of which the integrated circuit product forms a part, pending a final determination of the legality of the importation or commercial exploitation in an action commenced within such time as is specified in the order.</Text></Subsection><Subsection><MarginalNote>Security</MarginalNote><Label>(2)</Label><Text>Before an order is made under subsection (1), the plaintiff or petitioner may be required to furnish security, in such form and in such amount as the court may determine, to answer any damages that may by reason of the order be sustained by the owner or consignee of the integrated circuit product or article and for any costs of storage or amount that may become chargeable against the integrated circuit product or article while it remains in detention under the order.</Text></Subsection><Subsection><MarginalNote>Indemnity</MarginalNote><Label>(3)</Label><Text>Subject to paragraph (4)(c), the plaintiff or petitioner in an action referred to in subsection (1) shall be liable to indemnify Her Majesty in right of Canada against any liability or expense that may result from the detention of an integrated circuit product or article pursuant to any order made under subsection (1), whether or not security is furnished pursuant to subsection (2).</Text></Subsection><Subsection><MarginalNote>Lien, disposal and indemnity</MarginalNote><Label>(4)</Label><Text>Where, by the judgment in an action referred to in subsection (1) that finally determines the legality of the importation or commercial exploitation of the integrated circuit product, the court finds that the importation is or the commercial exploitation would be contrary to this Act,</Text><Paragraph><Label>(a)</Label><Text>any lien for charges against the integrated circuit product or article, or any hypothecs, prior claims or rights of retention within the meaning of the <Emphasis style="italic">Civil Code of Québec</Emphasis> or any other statute of the Province of Quebec with respect to the integrated circuit product or article, that existed prior to the date of an order made under subsection (1) has effect only so far as may be consistent with the due execution of the judgment;</Text></Paragraph><Paragraph><Label>(b)</Label><Text>the court may make any order for the disposal of the integrated circuit product or article, including by way of exportation, distribution or destruction, after payment has been made of any taxes or duties owing in respect thereof under any Act of Parliament; and</Text></Paragraph><Paragraph><Label>(c)</Label><Text>the owner or consignee of the integrated circuit product or article thereupon becomes jointly and severally liable, with the plaintiff or petitioner, to indemnify Her Majesty in right of Canada under subsection (3).</Text></Paragraph></Subsection><Subsection><MarginalNote>Who may make applications</MarginalNote><Label>(5)</Label><Text>Any order under subsection (1) may be made on the application of any interested person either in an action or otherwise and either on notice or <Language xml:lang="la">ex parte</Language>.</Text></Subsection><HistoricalNote>1990, c. 37, s. 14; 2001, c. 4, s. 90.</HistoricalNote></Section><Heading level="1"><TitleText>General</TitleText></Heading><Heading level="2"><TitleText>Registration</TitleText></Heading><Section><MarginalNote>Register</MarginalNote><Label>15</Label><Subsection><Label>(1)</Label><Text>There shall be kept under the supervision of the Registrar a register for the registration of topographies and of information and material relating to each registered topography.</Text></Subsection><Subsection><MarginalNote>Register to be evidence</MarginalNote><Label>(2)</Label><Text>The register is evidence of the particulars entered therein and documents purporting to be copies of entries therein or extracts therefrom, that are certified by the Registrar, are admissible in evidence in any court without further proof or production of the originals.</Text></Subsection></Section><Section><MarginalNote>Application for registration of topography</MarginalNote><Label>16</Label><Subsection><Label>(1)</Label><Text>The creator of a topography or, where the topography has been transferred, the successor in title thereto may apply to the Registrar for registration of the topography.</Text></Subsection><Subsection><MarginalNote>Content of application</MarginalNote><Label>(2)</Label><Text>An application for registration of a topography shall contain the following information and material:</Text><Paragraph><Label>(a)</Label><Text>one or more titles to identify the topography that conform to the prescribed requirements;</Text></Paragraph><Paragraph><Label>(b)</Label><Text>the date on which, and place at which, the topography was first commercially exploited or, if the topography has not been commercially exploited, a statement to that effect;</Text></Paragraph><Paragraph><Label>(c)</Label><Text>the name and address of the applicant;</Text></Paragraph><Paragraph><Label>(d)</Label><Text>a statement describing the interest that the applicant holds in the topography; and</Text></Paragraph><Paragraph><Label>(e)</Label><Text>such other information or material as may be prescribed.</Text></Paragraph></Subsection><Subsection><MarginalNote>Fee</MarginalNote><Label>(3)</Label><Text>An application for registration of a topography shall be accompanied by the prescribed fee or a fee determined in the prescribed manner.</Text></Subsection></Section><Section><MarginalNote>Filing date</MarginalNote><Label>17</Label><Subsection><Label>(1)</Label><Text>Subject to subsection (2), the filing date of an application for registration of a topography is the date on which the Registrar has received, in respect of the application, the information and material required by subsection 16(2) and the fee required by subsection 16(3).</Text></Subsection><Subsection><MarginalNote>Exception</MarginalNote><Label>(2)</Label><Text>The Registrar may, in such circumstances as are prescribed, assign a filing date to an application for registration of a topography notwithstanding that the requirements of subsection (1) have not been met.</Text></Subsection><Subsection><MarginalNote>Notice to applicant</MarginalNote><Label>(3)</Label><Text>Where the Registrar assigns a filing date to an application for registration of a topography pursuant to subsection (2), the Registrar shall notify the applicant of that date, of any information or material that is required to complete the application and the amount of the fee, if any, that remains unpaid.</Text></Subsection><Subsection><MarginalNote>Obligations of applicant</MarginalNote><Label>(4)</Label><Text>An applicant to whom notice is given in accordance with subsection (3) shall, within the prescribed period, file with the Registrar the information or material, if any, that is required to complete the application and the amount of the fee, if any, that remains unpaid and, in default thereof, shall be deemed to have abandoned the application.</Text></Subsection></Section><Section><MarginalNote>Registration of topography</MarginalNote><Label>18</Label><Subsection><Label>(1)</Label><Text>Subject to subsection (3), where the Registrar has received the information and material required by subsection 16(2) and the fee required by subsection 16(3) in respect of an application for registration of a topography, the Registrar shall register the topography by entering in the register the following:</Text><Paragraph><Label>(a)</Label><Text>the filing date of the application;</Text></Paragraph><Paragraph><Label>(b)</Label><Text>the title or titles of the topography that are contained in the application and that conform to the prescribed requirements; and</Text></Paragraph><Paragraph><Label>(c)</Label><Text>such other information or material as may be prescribed.</Text></Paragraph></Subsection><Subsection><MarginalNote>No inquiry</MarginalNote><Label>(2)</Label><Text>The Registrar shall not inquire as to the accuracy of any information or material contained in an application for registration of a topography.</Text></Subsection><Subsection><MarginalNote>Registrar may refuse to register</MarginalNote><Label>(3)</Label><Text>The Registrar may refuse to register a topography if it appears to the Registrar, on the basis of any information or material contained in the application for registration, that the application was filed more than two years after the topography was first commercially exploited or that neither the condition set out in paragraph 4(1)(c) nor the condition set out in subsection 4(4) has been met.</Text></Subsection></Section><Section><MarginalNote>Certificate of registration</MarginalNote><Label>19</Label><Subsection><Label>(1)</Label><Text>The Registrar shall issue a certificate of registration in respect of each topography registered under this Act.</Text></Subsection><Subsection><MarginalNote>Contents of certificate</MarginalNote><Label>(2)</Label><Text>A certificate of registration issued in respect of a topography shall include the filing date of the application for registration of the topography, the date of expiration of the exclusive right therein and such other particulars as may be prescribed.</Text></Subsection><Subsection><MarginalNote>Presumptions</MarginalNote><Label>(3)</Label><Text>A certificate of registration issued in respect of a topography that purports to be signed by the Registrar is, without proof of the signature, admissible in any court as evidence of the facts therein alleged and is, in the absence of evidence to the contrary, proof that</Text><Paragraph><Label>(a)</Label><Text>the topography was registrable under this Act at the time of the registration; and</Text></Paragraph><Paragraph><Label>(b)</Label><Text>the application for registration of the topography was correct in all material particulars and did not omit any material information.</Text></Paragraph></Subsection><Subsection><MarginalNote>Correction of errors</MarginalNote><Label>(4)</Label><Text>The Registrar may, for the purpose of correcting any typographical or clerical error in a certificate of registration, amend the certificate or issue a new certificate in substitution therefor.</Text></Subsection></Section><Section><MarginalNote>Invalidity of registration</MarginalNote><Label>20</Label><Text>The registration of a topography is invalid if</Text><Paragraph><Label>(a)</Label><Text>the topography was not registrable under this Act at the time of the registration; or</Text></Paragraph><Paragraph><Label>(b)</Label><Text>the application for registration of the topography was incorrect in a material particular or omitted any material information, unless the incorrectness or omission occurred by mistake.</Text></Paragraph></Section><Section><MarginalNote>Registration of other particulars</MarginalNote><Label>21</Label><Subsection><Label>(1)</Label><Text>The Registrar shall enter in the register particulars of any transfer of an interest or grant of a licence affecting a registered topography on being furnished with evidence of the transfer or grant that is satisfactory to the Registrar.</Text></Subsection><Subsection><MarginalNote>Changes in information</MarginalNote><Label>(2)</Label><Text>The Registrar may amend any entry in the register, or make new entries, for any of the following purposes:</Text><Paragraph><Label>(a)</Label><Text>to reflect any change in the name or address of an owner of a registered topography;</Text></Paragraph><Paragraph><Label>(b)</Label><Text>to reflect any change in a registered title of a topography or the use of a new title;</Text></Paragraph><Paragraph><Label>(c)</Label><Text>to reflect any prescribed change of information; and</Text></Paragraph><Paragraph><Label>(d)</Label><Text>to correct any typographical or clerical error.</Text></Paragraph></Subsection></Section><Section><MarginalNote>Public inspection</MarginalNote><Label>22</Label><Text>Subject to the regulations, the register, applications for registration of topographies and material filed with the Registrar in relation to any registered topography shall be made available for public inspection during regular business hours.</Text></Section><Heading level="2"><TitleText>Jurisdiction of Federal Court</TitleText></Heading><Section><MarginalNote>Concurrent jurisdiction</MarginalNote><Label>23</Label><Text>The Federal Court has concurrent jurisdiction to hear and determine</Text><Paragraph><Label>(a)</Label><Text>any action for the infringement of the exclusive right in a registered topography; and</Text></Paragraph><Paragraph><Label>(b)</Label><Text>any question relating to the ownership of a topography or any right in a topography.</Text></Paragraph></Section><Section><MarginalNote>Exclusive jurisdiction</MarginalNote><Label>24</Label><Subsection><Label>(1)</Label><Text>The Federal Court has exclusive original jurisdiction, on application of any interested person, to order that the registration of a topography or any other entry in the register be expunged or amended on the ground that the registration is invalid or that, at the date of the application, the entry as it appears does not accurately express or define the existing rights of any person appearing on the register as the owner of the topography.</Text></Subsection><Subsection><MarginalNote>Application</MarginalNote><Label>(2)</Label><Text>An application under subsection (1) may be made by the filing of an originating notice of motion, by counter-claim in an action for infringement or by statement of claim in an action claiming additional relief under this Act.</Text></Subsection><Subsection><MarginalNote>Definition of <DefinedTermEn>interested person</DefinedTermEn></MarginalNote><Label>(3)</Label><Text>In subsection (1), <DefinedTermEn>interested person</DefinedTermEn> includes the Registrar, the Attorney General of Canada and persons who are affected or who reasonably apprehend that they may be affected by any entry in the register.</Text></Subsection></Section><Heading level="2"><TitleText>Registrar</TitleText></Heading><Section><MarginalNote>Appointment of Registrar</MarginalNote><Label>25</Label><Subsection><Label>(1)</Label><Text>There shall be a Registrar of Topographies who shall be designated by the Minister from among persons employed in the Department of Industry.</Text></Subsection><Subsection><MarginalNote>Duties</MarginalNote><Label>(2)</Label><Text>The Registrar shall perform the duties assigned to the Registrar by this Act and such duties as may be assigned to the Registrar by the regulations or by the Minister.</Text></Subsection><Subsection><MarginalNote>Acting Registrar</MarginalNote><Label>(3)</Label><Text>Where the Registrar is absent or unable to act or the office of Registrar is vacant, the Minister may designate any other person employed in the Department of Industry to perform the duties and exercise the powers of the Registrar for the time being.</Text></Subsection><HistoricalNote>1990, c. 37, s. 25; 1992, c. 1, s. 145(F); 1995, c. 1, s. 63.</HistoricalNote></Section><Heading level="2"><TitleText>Other Rights</TitleText></Heading><Section><MarginalNote>Relationship to other law</MarginalNote><Label>26</Label><Text>Except as provided in this Act, nothing in this Act shall affect any right granted by or under any other law.</Text></Section><Heading level="2"><TitleText>Regulations</TitleText></Heading><Section><MarginalNote>Regulations</MarginalNote><Label>27</Label><Text>The Governor in Council may make regulations</Text><Paragraph><Label>(a)</Label><Text>governing the form of the register, including any indexes thereto, and the entries to be made therein;</Text></Paragraph><Paragraph><Label>(b)</Label><Text>governing the filing of copies of documents in the register;</Text></Paragraph><Paragraph><Label>(c)</Label><Text>governing public inspection of the register, of applications for registration of topographies and of material filed with the Registrar in relation to any registered topography;</Text></Paragraph><Paragraph><Label>(d)</Label><Text>governing, restricting or prohibiting the making or providing of copies of applications for registration of topographies and of material filed with the Registrar in relation to any registered topography;</Text></Paragraph><Paragraph><Label>(e)</Label><Text>assigning duties to the Registrar;</Text></Paragraph><Paragraph><Label>(f)</Label><Text>prescribing fees, or the manner of determining the fees, to be paid for any act or service rendered by the Registrar;</Text></Paragraph><Paragraph><Label>(g)</Label><Text>prescribing any other matter or thing that by this Act is to be or may be prescribed; and</Text></Paragraph><Paragraph><Label>(h)</Label><Text>generally for carrying out the purposes and provisions of this Act.</Text></Paragraph></Section><Heading level="2"><TitleText>Ministerial Review</TitleText></Heading><Section><MarginalNote>Review of Act</MarginalNote><Label>28</Label><Subsection><Label>(1)</Label><Text>Five years after the coming into force of this Act, the Minister shall undertake a review of the provisions and operation of this Act.</Text></Subsection><Subsection><MarginalNote>Report to Parliament</MarginalNote><Label>(2)</Label><Text>The Minister shall, within one year after undertaking the review referred to in subsection (1), submit a report on the review to each House of Parliament.</Text></Subsection></Section><Heading level="1"><TitleText>Consequential Amendments</TitleText></Heading><Section><Label>29 to 34</Label><Text>[Amendments]</Text></Section><Heading level="1"><TitleText>Coming into Force</TitleText></Heading><Section><MarginalNote>Coming into force</MarginalNote><Label><FootnoteRef idref="fn_IndA9BD_hq_16764">*</FootnoteRef>35</Label><Text>This Act shall come into force on a day to be fixed by order of the Governor in Council.</Text><Footnote id="fn_IndA9BD_hq_16764" placement="section" status="editorial"><Label>*</Label><Text>[Note: Act in force May 1, 1993, <Emphasis style="italic">see</Emphasis> SI/93-68.]</Text></Footnote></Section></Body><Schedule id="RelatedProvs"><ScheduleFormHeading type="amending"><TitleText>RELATED PROVISIONS</TitleText></ScheduleFormHeading><BillPiece><Heading level="5" style="nifrp"><TitleText>
                    — 1994, c. 47, s. 131(2)</TitleText></Heading><Section><MarginalNote>No liability</MarginalNote><Label>131</Label><Subsection><Label>(2)</Label><Text>Her Majesty in right of Canada or a province is not, by reason only of the enactment of subsection (1), liable for any use of a registered topography before the day on which subsection (1) comes into force.</Text></Subsection></Section></BillPiece></Schedule></Statute>