﻿<?xml version="1.0" encoding="utf-8"?><!DOCTYPE Statute PUBLIC "-//Justice Canada//DTD Statute v2.0.0//EN" "Dtd/Version_2.0.0/Statute/Statute.dtd"><Statute bill-origin="commons" bill-type="govt-public" xml:lang="en" in-force="yes"><Identification><LongTitle>An Act respecting the interpretation of statutes and regulations</LongTitle><ShortTitle status="official">Interpretation Act</ShortTitle><RunningHead>Interpretation</RunningHead><BillHistory><Stages stage="consolidation"><Date><YYYY>2018</YYYY><MM>08</MM><DD>20</DD></Date></Stages></BillHistory><Chapter><ConsolidatedNumber official="yes">I-21</ConsolidatedNumber></Chapter></Identification><Body><Heading level="1"><TitleText>Short Title</TitleText></Heading><Section><MarginalNote>Short title</MarginalNote><Label>1</Label><Text>This Act may be cited as the <XRefExternal reference-type="act">Interpretation Act</XRefExternal>.</Text><HistoricalNote>R.S., c. I-23, s. 1.</HistoricalNote></Section><Heading level="1"><TitleText>Interpretation</TitleText></Heading><Section><MarginalNote>Definitions</MarginalNote><Label>2</Label><Subsection><Label>(1)</Label><Text>In this Act,</Text><Definition><MarginalNote><DefinedTermEn>Act</DefinedTermEn></MarginalNote><MarginalNote><DefinedTermFr>loi</DefinedTermFr></MarginalNote><Text><DefinedTermEn>Act</DefinedTermEn> means an Act of Parliament;</Text></Definition><Definition><MarginalNote><DefinedTermEn>enact</DefinedTermEn></MarginalNote><MarginalNote><DefinitionEnOnly>Version anglaise seulement</DefinitionEnOnly></MarginalNote><Text><DefinedTermEn>enact</DefinedTermEn> includes to issue, make or establish;</Text></Definition><Definition><MarginalNote><DefinedTermEn>enactment</DefinedTermEn></MarginalNote><MarginalNote><DefinedTermFr>texte</DefinedTermFr></MarginalNote><Text><DefinedTermEn>enactment</DefinedTermEn> means an Act or regulation or any portion of an Act or regulation;</Text></Definition><Definition><MarginalNote><DefinedTermEn>public officer</DefinedTermEn></MarginalNote><MarginalNote><DefinedTermFr>fonctionnaire public</DefinedTermFr></MarginalNote><Text><DefinedTermEn>public officer</DefinedTermEn> includes any person in the federal public administration who is authorized by or under an enactment to do or enforce the doing of an act or thing or to exercise a power, or on whom a duty is imposed by or under an enactment;</Text></Definition><Definition><MarginalNote><DefinedTermEn>regulation</DefinedTermEn></MarginalNote><MarginalNote><DefinedTermFr>règlement</DefinedTermFr></MarginalNote><Text><DefinedTermEn>regulation</DefinedTermEn> includes an order, regulation, rule, rule of court, form, tariff of costs or fees, letters patent, commission, warrant, proclamation, by-law, resolution or other instrument issued, made or established</Text><Paragraph><Label>(a)</Label><Text>in the execution of a power conferred by or under the authority of an Act, or</Text></Paragraph><Paragraph><Label>(b)</Label><Text>by or under the authority of the Governor in Council;</Text></Paragraph></Definition><Definition><MarginalNote><DefinedTermEn>repeal</DefinedTermEn></MarginalNote><MarginalNote><DefinitionEnOnly>Version anglaise seulement</DefinitionEnOnly></MarginalNote><Text><DefinedTermEn>repeal</DefinedTermEn> includes revoke or cancel.</Text></Definition></Subsection><Subsection><MarginalNote>Expired and replaced enactments</MarginalNote><Label>(2)</Label><Text>For the purposes of this Act, an enactment that has been replaced is repealed and an enactment that has expired, lapsed or otherwise ceased to have effect is deemed to have been repealed.</Text></Subsection><HistoricalNote>R.S., 1985, c. I-21, s. 2; 1993, c. 34, s. 88; 1999, c. 31, s. 146; 2003, c. 22, s. 224(E).</HistoricalNote></Section><Heading level="1"><TitleText>Application</TitleText></Heading><Section><MarginalNote>Application</MarginalNote><Label>3</Label><Subsection><Label>(1)</Label><Text>Every provision of this Act applies, unless a contrary intention appears, to every enactment, whether enacted before or after the commencement of this Act.</Text></Subsection><Subsection><MarginalNote>Application to this Act</MarginalNote><Label>(2)</Label><Text>The provisions of this Act apply to the interpretation of this Act.</Text></Subsection><Subsection><MarginalNote>Rules of construction not excluded</MarginalNote><Label>(3)</Label><Text>Nothing in this Act excludes the application to an enactment of a rule of construction applicable to that enactment and not inconsistent with this Act.</Text></Subsection><HistoricalNote>R.S., c. I-23, s. 3.</HistoricalNote></Section><Heading level="1"><TitleText>Enacting Clause of Acts</TitleText></Heading><Section><MarginalNote>Enacting clause</MarginalNote><Label>4</Label><Subsection><Label>(1)</Label><Text>The enacting clause of an Act may be in the following form:</Text><Provision format-ref="indent-2-2" language-align="no"><Text>“Her Majesty, by and with the advice and consent of the Senate and House of Commons of Canada, enacts as follows:”.</Text></Provision></Subsection><Subsection><MarginalNote>Order of clauses</MarginalNote><Label>(2)</Label><Text>The enacting clause of an Act shall follow the preamble, if any, and the various provisions within the purview or body of the Act shall follow in a concise and enunciative form.</Text></Subsection><HistoricalNote>R.S., c. I-23, s. 4.</HistoricalNote></Section><Heading level="1"><TitleText>Operation</TitleText></Heading><Heading level="2"><TitleText>Royal Assent</TitleText></Heading><Section><MarginalNote>Royal assent</MarginalNote><Label>5</Label><Subsection><Label>(1)</Label><Text>The Clerk of the Parliaments shall endorse on every Act, immediately after its title, the day, month and year when the Act was assented to in Her Majesty’s name and the endorsement shall be a part of the Act.</Text></Subsection><Subsection><MarginalNote>Date of commencement</MarginalNote><Label>(2)</Label><Text>If no date of commencement is provided for in an Act, the date of commencement of that Act is the date of assent to the Act.</Text></Subsection><Subsection><MarginalNote>Commencement provision</MarginalNote><Label>(3)</Label><Text>Where an Act contains a provision that the Act or any portion thereof is to come into force on a day later than the date of assent to the Act, that provision is deemed to have come into force on the date of assent to the Act.</Text></Subsection><Subsection><MarginalNote>Commencement when no date fixed</MarginalNote><Label>(4)</Label><Text>Where an Act provides that certain provisions thereof are to come or are deemed to have come into force on a day other than the date of assent to the Act, the remaining provisions of the Act are deemed to have come into force on the date of assent to the Act.</Text></Subsection><HistoricalNote>R.S., c. I-23, s. 5.</HistoricalNote></Section><Heading level="2"><TitleText>Day Fixed for Commencement or Repeal</TitleText></Heading><Section><MarginalNote>Operation when date fixed for commencement or repeal</MarginalNote><Label>6</Label><Subsection><Label>(1)</Label><Text>Where an enactment is expressed to come into force on a particular day, it shall be construed as coming into force on the expiration of the previous day, and where an enactment is expressed to expire, lapse or otherwise cease to have effect on a particular day, it shall be construed as ceasing to have effect on the commencement of the following day.</Text></Subsection><Subsection><MarginalNote>When no date fixed</MarginalNote><Label>(2)</Label><Text>Every enactment that is not expressed to come into force on a particular day shall be construed as coming into force</Text><Paragraph><Label>(a)</Label><Text>in the case of an Act, on the expiration of the day immediately before the day the Act was assented to in Her Majesty’s name; and</Text></Paragraph><Paragraph><Label>(b)</Label><Text>in the case of a regulation, on the expiration of the day immediately before the day the regulation was registered pursuant to section 6 of the <XRefExternal reference-type="act">Statutory Instruments Act</XRefExternal> or, if the regulation is of a class that is exempted from the application of subsection 5(1) of that Act, on the expiration of the day immediately before the day the regulation was made.</Text></Paragraph></Subsection><Subsection><MarginalNote>Judicial notice</MarginalNote><Label>(3)</Label><Text>Judicial notice shall be taken of a day for the coming into force of an enactment that is fixed by a regulation that has been published in the <XRefExternal reference-type="other">Canada Gazette</XRefExternal>.</Text></Subsection><HistoricalNote>R.S., 1985, c. I-21, s. 6; 1992, c. 1, s. 87.</HistoricalNote></Section><Heading level="2"><TitleText>Regulation Prior to Commencement</TitleText></Heading><Section><MarginalNote>Preliminary proceedings</MarginalNote><Label>7</Label><Text>Where an enactment is not in force and it contains provisions conferring power to make regulations or do any other thing, that power may, for the purpose of making the enactment effective on its commencement, be exercised at any time before its commencement, but a regulation so made or a thing so done has no effect until the commencement of the enactment, except in so far as may be necessary to make the enactment effective on its commencement.</Text><HistoricalNote>R.S., c. I-23, s. 7.</HistoricalNote></Section><Heading level="2"><TitleText>Territorial Operation</TitleText></Heading><Section><MarginalNote>Territorial operation</MarginalNote><Label>8</Label><Subsection><Label>(1)</Label><Text>Every enactment applies to the whole of Canada, unless a contrary intention is expressed in the enactment.</Text></Subsection><Subsection><MarginalNote>Amending enactment</MarginalNote><Label>(2)</Label><Text>Where an enactment that does not apply to the whole of Canada is amended, no provision in the amending enactment applies to any part of Canada to which the amended enactment does not apply, unless it is provided in the amending enactment that it applies to that part of Canada or to the whole of Canada.</Text></Subsection><Subsection><MarginalNote>Exclusive economic zone of Canada</MarginalNote><Label>(2.1)</Label><Text>Every enactment that applies in respect of exploring or exploiting, conserving or managing natural resources, whether living or non-living, applies, in addition to its application to Canada, to the exclusive economic zone of Canada, unless a contrary intention is expressed in the enactment.</Text></Subsection><Subsection><MarginalNote>Continental shelf of Canada</MarginalNote><Label>(2.2)</Label><Text>Every enactment that applies in respect of exploring or exploiting natural resources that are</Text><Paragraph><Label>(a)</Label><Text>mineral or other non-living resources of the seabed or subsoil, or</Text></Paragraph><Paragraph><Label>(b)</Label><Text>living organisms belonging to sedentary species, that is to say, organisms that, at the harvestable stage, either are immobile on or under the seabed or are unable to move except in constant physical contact with the seabed or subsoil</Text></Paragraph><ContinuedSectionSubsection><Text>applies, in addition to its application to Canada, to the continental shelf of Canada, unless a contrary intention is expressed in the enactment.</Text></ContinuedSectionSubsection></Subsection><Subsection><MarginalNote>Extra-territorial operation</MarginalNote><Label>(3)</Label><Text>Every Act now in force enacted prior to December 11, 1931 that expressly or by necessary or reasonable implication was intended, as to the whole or any part thereof, to have extra-territorial operation shall be construed as if, at the date of its enactment, the Parliament of Canada had full power to make laws having extra-territorial operation as provided by the <XRefExternal reference-type="act">Statute of Westminster, 1931</XRefExternal>.</Text></Subsection><HistoricalNote>R.S., 1985, c. I-21, s. 8; 1996, c. 31, s. 86.</HistoricalNote></Section><Heading level="1"><TitleText>Rules of Construction</TitleText></Heading><Heading level="2"><TitleText>Property and Civil Rights</TitleText></Heading><Section><MarginalNote>Duality of legal traditions and application of provincial law</MarginalNote><Label>8.1</Label><Text>Both the common law and the civil law are equally authoritative and recognized sources of the law of property and civil rights in Canada and, unless otherwise provided by law, if in interpreting an enactment it is necessary to refer to a province’s rules, principles or concepts forming part of the law of property and civil rights, reference must be made to the rules, principles and concepts in force in the province at the time the enactment is being applied.</Text><HistoricalNote>2001, c. 4, s. 8.</HistoricalNote></Section><Section><MarginalNote>Terminology</MarginalNote><Label>8.2</Label><Text>Unless otherwise provided by law, when an enactment contains both civil law and common law terminology, or terminology that has a different meaning in the civil law and the common law, the civil law terminology or meaning is to be adopted in the Province of Quebec and the common law terminology or meaning is to be adopted in the other provinces.</Text><HistoricalNote>2001, c. 4, s. 8.</HistoricalNote></Section><Heading level="2"><TitleText>Private Acts</TitleText></Heading><Section><MarginalNote>Provisions in private Acts</MarginalNote><Label>9</Label><Text>No provision in a private Act affects the rights of any person, except as therein mentioned or referred to.</Text><HistoricalNote>R.S., c. I-23, s. 9.</HistoricalNote></Section><Heading level="2"><TitleText>Law Always Speaking</TitleText></Heading><Section><MarginalNote>Law always speaking</MarginalNote><Label>10</Label><Text>The law shall be considered as always speaking, and where a matter or thing is expressed in the present tense, it shall be applied to the circumstances as they arise, so that effect may be given to the enactment according to its true spirit, intent and meaning.</Text><HistoricalNote>R.S., c. I-23, s. 10.</HistoricalNote></Section><Heading level="2"><TitleText>Imperative and Permissive Construction</TitleText></Heading><Section><MarginalNote>“Shall” and “may”</MarginalNote><Label>11</Label><Text>The expression “shall” is to be construed as imperative and the expression “may” as permissive.</Text><HistoricalNote>R.S., c. I-23, s. 28.</HistoricalNote></Section><Heading level="2"><TitleText>Enactments Remedial</TitleText></Heading><Section><MarginalNote>Enactments deemed remedial</MarginalNote><Label>12</Label><Text>Every enactment is deemed remedial, and shall be given such fair, large and liberal construction and interpretation as best ensures the attainment of its objects.</Text><HistoricalNote>R.S., c. I-23, s. 11.</HistoricalNote></Section><Heading level="2"><TitleText>Preambles and Marginal Notes</TitleText></Heading><Section><MarginalNote>Preamble</MarginalNote><Label>13</Label><Text>The preamble of an enactment shall be read as a part of the enactment intended to assist in explaining its purport and object.</Text><HistoricalNote>R.S., c. I-23, s. 12.</HistoricalNote></Section><Section><MarginalNote>Marginal notes and historical references</MarginalNote><Label>14</Label><Text>Marginal notes and references to former enactments that appear after the end of a section or other division in an enactment form no part of the enactment, but are inserted for convenience of reference only.</Text><HistoricalNote>R.S., c. I-23, s. 13.</HistoricalNote></Section><Heading level="2"><TitleText>Application of Interpretation Provisions</TitleText></Heading><Section><MarginalNote>Application of definitions and interpretation rules</MarginalNote><Label>15</Label><Subsection><Label>(1)</Label><Text>Definitions or rules of interpretation in an enactment apply to all the provisions of the enactment, including the provisions that contain those definitions or rules of interpretation.</Text></Subsection><Subsection><MarginalNote>Interpretation sections subject to exceptions</MarginalNote><Label>(2)</Label><Text>Where an enactment contains an interpretation section or provision, it shall be read and construed</Text><Paragraph><Label>(a)</Label><Text>as being applicable only if a contrary intention does not appear; and</Text></Paragraph><Paragraph><Label>(b)</Label><Text>as being applicable to all other enactments relating to the same subject-matter unless a contrary intention appears.</Text></Paragraph></Subsection><HistoricalNote>R.S., c. I-23, s. 14.</HistoricalNote></Section><Section><MarginalNote>Words in regulations</MarginalNote><Label>16</Label><Text>Where an enactment confers power to make regulations, expressions used in the regulations have the same respective meanings as in the enactment conferring the power.</Text><HistoricalNote>R.S., c. I-23, s. 15.</HistoricalNote></Section><Heading level="2"><TitleText>Her Majesty</TitleText></Heading><Section><MarginalNote>Her Majesty not bound or affected unless stated</MarginalNote><Label>17</Label><Text>No enactment is binding on Her Majesty or affects Her Majesty or Her Majesty’s rights or prerogatives in any manner, except as mentioned or referred to in the enactment.</Text><HistoricalNote>R.S., c. I-23, s. 16.</HistoricalNote></Section><Heading level="2"><TitleText>Proclamations</TitleText></Heading><Section><MarginalNote>Proclamation</MarginalNote><Label>18</Label><Subsection><Label>(1)</Label><Text>Where an enactment authorizes the issue of a proclamation, the proclamation shall be understood to be a proclamation of the Governor in Council.</Text></Subsection><Subsection><MarginalNote>Proclamation to be issued on advice</MarginalNote><Label>(2)</Label><Text>Where the Governor General is authorized to issue a proclamation, the proclamation shall be understood to be a proclamation issued under an order of the Governor in Council, but it is not necessary to mention in the proclamation that it is issued under such an order.</Text></Subsection><Subsection><MarginalNote>Effective day of proclamations</MarginalNote><Label>(3)</Label><Text>A proclamation that is issued under an order of the Governor in Council may purport to have been issued on the day of the order or on any subsequent day and, if so, takes effect on that day.</Text></Subsection><Subsection><Label>(4)</Label><Text><Repealed>[Repealed, 1992, c. 1, s. 88]</Repealed></Text></Subsection><HistoricalNote>R.S., 1985, c. I-21, s. 18; 1992, c. 1, s. 88.</HistoricalNote></Section><Heading level="2"><TitleText>Oaths</TitleText></Heading><Section><MarginalNote>Administration of oaths</MarginalNote><Label>19</Label><Subsection><Label>(1)</Label><Text>Where, by an enactment or by a rule of the Senate or House of Commons, evidence under oath is authorized or required to be taken, or an oath is authorized or directed to be made, taken or administered, the oath may be administered, and a certificate of its having been made, taken or administered may be given by</Text><Paragraph><Label>(a)</Label><Text>any person authorized by the enactment or rule to take the evidence; or</Text></Paragraph><Paragraph><Label>(b)</Label><Text>a judge of any court, a notary public, a justice of the peace or a commissioner for taking affidavits, having authority or jurisdiction within the place where the oath is administered.</Text></Paragraph></Subsection><Subsection><MarginalNote>Where justice of peace empowered</MarginalNote><Label>(2)</Label><Text>Where power is conferred on a justice of the peace to administer an oath or solemn affirmation or to take an affidavit or declaration, the power may be exercised by a notary public or a commissioner for taking oaths.</Text></Subsection><HistoricalNote>R.S., c. I-23, s. 18.</HistoricalNote></Section><Heading level="2"><TitleText>Reports to Parliament</TitleText></Heading><Section><MarginalNote>Reports to Parliament</MarginalNote><Label>20</Label><Text>Where an Act requires a report or other document to be laid before Parliament and, in compliance with the Act, a particular report or document has been laid before Parliament at a session thereof, nothing in the Act shall be construed as requiring the same report or document to be laid before Parliament at any subsequent session.</Text><HistoricalNote>R.S., c. I-23, s. 19.</HistoricalNote></Section><Heading level="2"><TitleText>Corporations</TitleText></Heading><Section><MarginalNote>Powers vested in corporations</MarginalNote><Label>21</Label><Subsection><Label>(1)</Label><Text>Words establishing a corporation shall be construed</Text><Paragraph><Label>(a)</Label><Text>as vesting in the corporation power to sue and be sued, to contract and be contracted with by its corporate name, to have a common seal and to alter or change it at pleasure, to have perpetual succession, to acquire and hold personal property for the purposes for which the corporation is established and to alienate that property at pleasure;</Text></Paragraph><Paragraph><Label>(b)</Label><Text>in the case of a corporation having a name consisting of an English and a French form or a combined English and French form, as vesting in the corporation power to use either the English or the French form of its name or both forms and to show on its seal both the English and French forms of its name or have two seals, one showing the English and the other showing the French form of its name;</Text></Paragraph><Paragraph><Label>(c)</Label><Text>as vesting in a majority of the members of the corporation the power to bind the others by their acts; and</Text></Paragraph><Paragraph><Label>(d)</Label><Text>as exempting from personal liability for its debts, obligations or acts individual members of the corporation who do not contravene the provisions of the enactment establishing the corporation.</Text></Paragraph></Subsection><Subsection><MarginalNote>Corporate name</MarginalNote><Label>(2)</Label><Text>Where an enactment establishes a corporation and in each of the English and French versions of the enactment the name of the corporation is in the form only of the language of that version, the name of the corporation shall consist of the form of its name in each of the versions of the enactment.</Text></Subsection><Subsection><MarginalNote>Banking business</MarginalNote><Label>(3)</Label><Text>No corporation is deemed to be authorized to carry on the business of banking unless that power is expressly conferred on it by the enactment establishing the corporation.</Text></Subsection><HistoricalNote>R.S., c. I-23, s. 20.</HistoricalNote></Section><Heading level="2"><TitleText>Majority and Quorum</TitleText></Heading><Section><MarginalNote>Majorities</MarginalNote><Label>22</Label><Subsection><Label>(1)</Label><Text>Where an enactment requires or authorizes more than two persons to do an act or thing, a majority of them may do it.</Text></Subsection><Subsection><MarginalNote>Quorum of board, court, commission, etc.</MarginalNote><Label>(2)</Label><Text>Where an enactment establishes a board, court, commission or other body consisting of three or more members, in this section called an “association”,</Text><Paragraph><Label>(a)</Label><Text>at a meeting of the association, a number of members of the association equal to,</Text><Subparagraph><Label>(i)</Label><Text>if the number of members provided for by the enactment is a fixed number, at least one-half of the number of members, and</Text></Subparagraph><Subparagraph><Label>(ii)</Label><Text>if the number of members provided for by the enactment is not a fixed number but is within a range having a maximum or minimum, at least one-half of the number of members in office if that number is within the range,</Text></Subparagraph><ContinuedParagraph><Text>constitutes a quorum;</Text></ContinuedParagraph></Paragraph><Paragraph><Label>(b)</Label><Text>an act or thing done by a majority of the members of the association present at a meeting, if the members present constitute a quorum, is deemed to have been done by the association; and</Text></Paragraph><Paragraph><Label>(c)</Label><Text>a vacancy in the membership of the association does not invalidate the constitution of the association or impair the right of the members in office to act, if the number of members in office is not less than a quorum.</Text></Paragraph></Subsection><HistoricalNote>R.S., c. I-23, s. 21.</HistoricalNote></Section><Heading level="2"><TitleText>Appointment, Retirement and Powers of Officers</TitleText></Heading><Section><MarginalNote>Public officers hold office during pleasure</MarginalNote><Label>23</Label><Subsection><Label>(1)</Label><Text>Every public officer appointed by or under the authority of an enactment or otherwise is deemed to have been appointed to hold office during pleasure only, unless it is otherwise expressed in the enactment, commission or instrument of appointment.</Text></Subsection><Subsection><MarginalNote>Effective day of appointments</MarginalNote><Label>(2)</Label><Text>Where an appointment is made by instrument under the Great Seal, the instrument may purport to have been issued on or after the day its issue was authorized, and the day on which it so purports to have been issued is deemed to be the day on which the appointment takes effect.</Text></Subsection><Subsection><MarginalNote>Appointment or engagement otherwise than under Great Seal</MarginalNote><Label>(3)</Label><Text>Where there is authority in an enactment to appoint a person to a position or to engage the services of a person, otherwise than by instrument under the Great Seal, the instrument of appointment or engagement may be expressed to be effective on or after the day on which that person commenced the performance of the duties of the position or commenced the performance of the services, and the day on which it is so expressed to be effective, unless that day is more than sixty days before the day on which the instrument is issued, is deemed to be the day on which the appointment or engagement takes effect.</Text></Subsection><Subsection><MarginalNote>Remuneration</MarginalNote><Label>(4)</Label><Text>Where a person is appointed to an office, the appointing authority may fix, vary or terminate that person’s remuneration.</Text></Subsection><Subsection><MarginalNote>Commencement of appointments or retirements</MarginalNote><Label>(5)</Label><Text>Where a person is appointed to an office effective on a specified day, or where the appointment of a person is terminated effective on a specified day, the appointment or termination is deemed to have been effected immediately on the expiration of the previous day.</Text></Subsection><HistoricalNote>R.S., c. I-23, s. 22.</HistoricalNote></Section><Section><MarginalNote>Implied powers respecting public officers</MarginalNote><Label>24</Label><Subsection><Label>(1)</Label><Text>Words authorizing the appointment of a public officer to hold office during pleasure include, in the discretion of the authority in whom the power of appointment is vested, the power to</Text><Paragraph><Label>(a)</Label><Text>terminate the appointment or remove or suspend the public officer;</Text></Paragraph><Paragraph><Label>(b)</Label><Text>re-appoint or reinstate the public officer; and</Text></Paragraph><Paragraph><Label>(c)</Label><Text>appoint another person in the stead of, or to act in the stead of, the public officer.</Text></Paragraph></Subsection><Subsection><MarginalNote>Power to act for ministers</MarginalNote><Label>(2)</Label><Text>Words directing or empowering a minister of the Crown to do an act or thing, regardless of whether the act or thing is administrative, legislative or judicial, or otherwise applying to that minister as the holder of the office, include</Text><Paragraph><Label>(a)</Label><Text>a minister acting for that minister or, if the office is vacant, a minister designated to act in the office by or under the authority of an order in council;</Text></Paragraph><Paragraph><Label>(b)</Label><Text>the successors of that minister in the office;</Text></Paragraph><Paragraph><Label>(c)</Label><Text>his or their deputy; and</Text></Paragraph><Paragraph><Label>(d)</Label><Text>notwithstanding paragraph (c), a person appointed to serve, in the department or ministry of state over which the minister presides, in a capacity appropriate to the doing of the act or thing, or to the words so applying.</Text></Paragraph></Subsection><Subsection><MarginalNote>Restriction as to public servants</MarginalNote><Label>(3)</Label><Text>Nothing in paragraph (2)(c) or (d) shall be construed as authorizing the exercise of any authority conferred on a minister to make a regulation as defined in the <XRefExternal reference-type="act">Statutory Instruments Act</XRefExternal>.</Text></Subsection><Subsection><MarginalNote>Successors to and deputy of public officer</MarginalNote><Label>(4)</Label><Text>Words directing or empowering any public officer, other than a minister of the Crown, to do any act or thing, or otherwise applying to the public officer by his name of office, include his successors in the office and his or their deputy.</Text></Subsection><Subsection><MarginalNote>Powers of holder of public office</MarginalNote><Label>(5)</Label><Text>Where a power is conferred or a duty imposed on the holder of an office, the power may be exercised and the duty shall be performed by the person for the time being charged with the execution of the powers and duties of the office.</Text></Subsection><HistoricalNote>R.S., 1985, c. I-21, s. 24; 1992, c. 1, s. 89.</HistoricalNote></Section><Heading level="2"><TitleText>Evidence</TitleText></Heading><Section><MarginalNote>Documentary evidence</MarginalNote><Label>25</Label><Subsection><Label>(1)</Label><Text>Where an enactment provides that a document is evidence of a fact without anything in the context to indicate that the document is conclusive evidence, then, in any judicial proceedings, the document is admissible in evidence and the fact is deemed to be established in the absence of any evidence to the contrary.</Text></Subsection><Subsection><MarginalNote>Queen’s Printer</MarginalNote><Label>(2)</Label><Text>Every copy of an enactment having printed thereon what purports to be the name or title of the Queen’s Printer and Controller of Stationery or the Queen’s Printer is deemed to be a copy purporting to be printed by the Queen’s Printer for Canada.</Text></Subsection><HistoricalNote>R.S., c. I-23, s. 24.</HistoricalNote></Section><Heading level="2"><TitleText>Computation of Time</TitleText></Heading><Section><MarginalNote>Time limits and holidays</MarginalNote><Label>26</Label><Text>Where the time limited for the doing of a thing expires or falls on a holiday, the thing may be done on the day next following that is not a holiday.</Text><HistoricalNote>R.S., 1985, c. I-21, s. 26; 1999, c. 31, s. 147(F).</HistoricalNote></Section><Section><MarginalNote>Clear days</MarginalNote><Label>27</Label><Subsection><Label>(1)</Label><Text>Where there is a reference to a number of clear days or “at least” a number of days between two events, in calculating that number of days the days on which the events happen are excluded.</Text></Subsection><Subsection><MarginalNote>Not clear days</MarginalNote><Label>(2)</Label><Text>Where there is a reference to a number of days, not expressed to be clear days, between two events, in calculating that number of days the day on which the first event happens is excluded and the day on which the second event happens is included.</Text></Subsection><Subsection><MarginalNote>Beginning and ending of prescribed periods</MarginalNote><Label>(3)</Label><Text>Where a time is expressed to begin or end at, on or with a specified day, or to continue to or until a specified day, the time includes that day.</Text></Subsection><Subsection><MarginalNote>After specified day</MarginalNote><Label>(4)</Label><Text>Where a time is expressed to begin after or to be from a specified day, the time does not include that day.</Text></Subsection><Subsection><MarginalNote>Within a time</MarginalNote><Label>(5)</Label><Text>Where anything is to be done within a time after, from, of or before a specified day, the time does not include that day.</Text></Subsection><HistoricalNote>R.S., c. I-23, s. 25.</HistoricalNote></Section><Section><MarginalNote>Calculation of a period of months after or before a specified day</MarginalNote><Label>28</Label><Text>Where there is a reference to a period of time consisting of a number of months after or before a specified day, the period is calculated by</Text><Paragraph><Label>(a)</Label><Text>counting forward or backward from the specified day the number of months, without including the month in which that day falls;</Text></Paragraph><Paragraph><Label>(b)</Label><Text>excluding the specified day; and</Text></Paragraph><Paragraph><Label>(c)</Label><Text>including in the last month counted under paragraph (a) the day that has the same calendar number as the specified day or, if that month has no day with that number, the last day of that month.</Text></Paragraph><HistoricalNote>R.S., c. I-23, s. 25.</HistoricalNote></Section><Section><MarginalNote>Time of the day</MarginalNote><Label>29</Label><Text>Where there is a reference to time expressed as a specified time of the day, the time is taken to mean standard time.</Text><HistoricalNote>R.S., c. I-23, s. 25.</HistoricalNote></Section><Section><MarginalNote>Time when specified age attained</MarginalNote><Label>30</Label><Text>A person is deemed not to have attained a specified number of years of age until the commencement of the anniversary, of the same number, of the day of that person’s birth.</Text><HistoricalNote>R.S., c. I-23, s. 25.</HistoricalNote></Section><Heading level="2"><TitleText>Miscellaneous Rules</TitleText></Heading><Section><MarginalNote>Reference to provincial court judge, etc.</MarginalNote><Label>31</Label><Subsection><Label>(1)</Label><Text>Where anything is required or authorized to be done by or before a judge, provincial court judge, justice of the peace or any functionary or officer, it shall be done by or before one whose jurisdiction or powers extend to the place where the thing is to be done.</Text></Subsection><Subsection><MarginalNote>Ancillary powers</MarginalNote><Label>(2)</Label><Text>Where power is given to a person, officer or functionary to do or enforce the doing of any act or thing, all such powers as are necessary to enable the person, officer or functionary to do or enforce the doing of the act or thing are deemed to be also given.</Text></Subsection><Subsection><MarginalNote>Powers to be exercised as required</MarginalNote><Label>(3)</Label><Text>Where a power is conferred or a duty imposed, the power may be exercised and the duty shall be performed from time to time as occasion requires.</Text></Subsection><Subsection><MarginalNote>Power to repeal</MarginalNote><Label>(4)</Label><Text>Where a power is conferred to make regulations, the power shall be construed as including a power, exercisable in the same manner and subject to the same consent and conditions, if any, to repeal, amend or vary the regulations and make others.</Text></Subsection><HistoricalNote>R.S., 1985, c. I-21, s. 31; R.S., 1985, c. 27 (1st Supp.), s. 203.</HistoricalNote></Section><Section><MarginalNote>Forms</MarginalNote><Label>32</Label><Text>Where a form is prescribed, deviations from that form, not affecting the substance or calculated to mislead, do not invalidate the form used.</Text><HistoricalNote>R.S., c. I-23, s. 26.</HistoricalNote></Section><Section><MarginalNote>Gender</MarginalNote><Label>33</Label><Subsection><Label>(1)</Label><Text>Words importing female persons include male persons and corporations and words importing male persons include female persons and corporations.</Text></Subsection><Subsection><MarginalNote>Number</MarginalNote><Label>(2)</Label><Text>Words in the singular include the plural, and words in the plural include the singular.</Text></Subsection><Subsection><MarginalNote>Parts of speech and grammatical forms</MarginalNote><Label>(3)</Label><Text>Where a word is defined, other parts of speech and grammatical forms of the same word have corresponding meanings.</Text></Subsection><HistoricalNote>R.S., 1985, c. I-21, s. 33; 1992, c. 1, s. 90.</HistoricalNote></Section><Heading level="2"><TitleText>Offences</TitleText></Heading><Section><MarginalNote>Indictable and summary conviction offences</MarginalNote><Label>34</Label><Subsection><Label>(1)</Label><Text>Where an enactment creates an offence,</Text><Paragraph><Label>(a)</Label><Text>the offence is deemed to be an indictable offence if the enactment provides that the offender may be prosecuted for the offence by indictment;</Text></Paragraph><Paragraph><Label>(b)</Label><Text>the offence is deemed to be one for which the offender is punishable on summary conviction if there is nothing in the context to indicate that the offence is an indictable offence; and</Text></Paragraph><Paragraph><Label>(c)</Label><Text>if the offence is one for which the offender may be prosecuted by indictment or for which the offender is punishable on summary conviction, no person shall be considered to have been convicted of an indictable offence by reason only of having been convicted of the offence on summary conviction.</Text></Paragraph></Subsection><Subsection><MarginalNote><XRefExternal reference-type="act">Criminal Code</XRefExternal> to apply</MarginalNote><Label>(2)</Label><Text>All the provisions of the <XRefExternal reference-type="act">Criminal Code</XRefExternal> relating to indictable offences apply to indictable offences created by an enactment, and all the provisions of that Code relating to summary conviction offences apply to all other offences created by an enactment, except to the extent that the enactment otherwise provides.</Text></Subsection><Subsection><MarginalNote>Documents similarly construed</MarginalNote><Label>(3)</Label><Text>In a commission, proclamation, warrant or other document relating to criminal law or procedure in criminal matters,</Text><Paragraph><Label>(a)</Label><Text>a reference to an offence for which the offender may be prosecuted by indictment shall be construed as a reference to an indictable offence; and</Text></Paragraph><Paragraph><Label>(b)</Label><Text>a reference to any other offence shall be construed as a reference to an offence for which the offender is punishable on summary conviction.</Text></Paragraph></Subsection><HistoricalNote>R.S., c. I-23, s. 27.</HistoricalNote></Section><Heading level="2"><TitleText>Powers to Enter Dwelling-houses to Carry out Arrests</TitleText></Heading><Section><MarginalNote>Authorization to enter dwelling-house</MarginalNote><Label>34.1</Label><Text>Any person who may issue a warrant to arrest or apprehend a person under any Act of Parliament, other than the <XRefExternal reference-type="act">Criminal Code</XRefExternal>, has the same powers, subject to the same terms and conditions, as a judge or justice has under the <XRefExternal reference-type="act">Criminal Code</XRefExternal></Text><Paragraph><Label>(a)</Label><Text>to authorize the entry into a dwelling-house described in the warrant for the purpose of arresting or apprehending the person, if the person issuing the warrant is satisfied by information on oath that there are reasonable grounds to believe that the person is or will be present in the dwelling-house; and</Text></Paragraph><Paragraph><Label>(b)</Label><Text>to authorize the entry into the dwelling-house without prior announcement if the requirement of subsection 529.4(1) of the <XRefExternal reference-type="act">Criminal Code</XRefExternal> is met.</Text></Paragraph><HistoricalNote>1997, c. 39, s. 4.</HistoricalNote></Section><Heading level="1"><TitleText>Definitions</TitleText></Heading><Section><MarginalNote>General definitions</MarginalNote><Label>35</Label><Subsection><Label>(1)</Label><Text>In every enactment,</Text><Definition><Text><DefinedTermEn>Act</DefinedTermEn>, in respect of an Act of a legislature, includes a law of the Legislature of Yukon, of the Northwest Territories or for Nunavut; (<DefinedTermFr>loi provinciale</DefinedTermFr>)</Text></Definition><Definition><Text><DefinedTermEn>bank</DefinedTermEn> means a bank listed in Schedule I or II to the <XRefExternal reference-type="act">Bank Act</XRefExternal>; (<DefinedTermFr>banque</DefinedTermFr>)</Text></Definition><Definition><Text><DefinedTermEn>British Commonwealth</DefinedTermEn> or <DefinedTermEn>British Commonwealth of Nations</DefinedTermEn> has the same meaning as <DefinitionRef>Commonwealth</DefinitionRef>; (<DefinedTermFr>Commonwealth</DefinedTermFr>, <DefinedTermFr>Commonwealth britannique</DefinedTermFr>, <DefinedTermFr>Commonwealth des nations</DefinedTermFr> ou <DefinedTermFr>Commonwealth des nations britanniques</DefinedTermFr>)</Text></Definition><Definition><Text><DefinedTermEn>broadcasting</DefinedTermEn> means any radiocommunication in which the transmissions are intended for direct reception by the general public; (<DefinedTermFr>radiodiffusion</DefinedTermFr>)</Text></Definition><Definition><Text><DefinedTermEn>Canada</DefinedTermEn>, for greater certainty, includes the internal waters of Canada and the territorial sea of Canada; (<DefinedTermFr>Canada</DefinedTermFr>)</Text></Definition><Definition><Text><DefinedTermEn>Canadian waters</DefinedTermEn> includes the territorial sea of Canada and the internal waters of Canada; (<DefinedTermFr>eaux canadiennes</DefinedTermFr>)</Text></Definition><Definition><Text><DefinedTermEn>Clerk of the Privy Council</DefinedTermEn> or <DefinedTermEn>Clerk of the Queen’s Privy Council</DefinedTermEn> means the Clerk of the Privy Council and Secretary to the Cabinet; (<DefinedTermFr>greffier du Conseil privé</DefinedTermFr> ou <DefinedTermFr>greffier du Conseil privé de la Reine</DefinedTermFr>)</Text></Definition><Definition><Text><DefinedTermEn>commencement</DefinedTermEn>, when used with reference to an enactment, means the time at which the enactment comes into force; (<DefinitionEnOnly>Version anglaise seulement</DefinitionEnOnly>)</Text></Definition><Definition><Text><DefinedTermEn>Commonwealth</DefinedTermEn> or <DefinedTermEn>Commonwealth of Nations</DefinedTermEn> means the association of countries named in the schedule; (<DefinedTermFr>Commonwealth</DefinedTermFr>, <DefinedTermFr>Commonwealth britannique</DefinedTermFr>, <DefinedTermFr>Commonwealth des nations</DefinedTermFr> ou <DefinedTermFr>Commonwealth des nations britanniques</DefinedTermFr>)</Text></Definition><Definition><Text><DefinedTermEn>Commonwealth and Dependent Territories</DefinedTermEn> means the several Commonwealth countries and their colonies, possessions, dependencies, protectorates, protected states, condominiums and trust territories; (<DefinedTermFr>Commonwealth et dépendances</DefinedTermFr>)</Text></Definition><Definition><Text><DefinedTermEn>contiguous zone</DefinedTermEn>,</Text><Paragraph><Label>(a)</Label><Text>in relation to Canada, means the contiguous zone of Canada as determined under the <XRefExternal reference-type="act">Oceans Act</XRefExternal>, and</Text></Paragraph><Paragraph><Label>(b)</Label><Text>in relation to any other state, means the contiguous zone of the other state as determined in accordance with international law and the domestic laws of that other state; (<DefinedTermFr>zone contiguë</DefinedTermFr>)</Text></Paragraph></Definition><Definition><Text><DefinedTermEn>continental shelf</DefinedTermEn>,</Text><Paragraph><Label>(a)</Label><Text>in relation to Canada, means the continental shelf of Canada as determined under the <XRefExternal reference-type="act">Oceans Act</XRefExternal>, and</Text></Paragraph><Paragraph><Label>(b)</Label><Text>in relation to any other state, means the continental shelf of the other state as determined in accordance with international law and the domestic laws of that other state; (<DefinedTermFr>plateau continental</DefinedTermFr>)</Text></Paragraph></Definition><Definition><Text><DefinedTermEn>contravene</DefinedTermEn> includes fail to comply with; (<DefinedTermFr>contravention</DefinedTermFr>)</Text></Definition><Definition><Text><DefinedTermEn>corporation</DefinedTermEn> does not include a partnership that is considered to be a separate legal entity under provincial law; (<DefinedTermFr>personne morale</DefinedTermFr>)</Text></Definition><Definition><Text><DefinedTermEn>county</DefinedTermEn> includes two or more counties united for purposes to which the enactment relates; (<DefinedTermFr>comté</DefinedTermFr>)</Text></Definition><Definition><Text><DefinedTermEn>county court</DefinedTermEn><Repealed>[Repealed, 1990, c. 17, s. 26]</Repealed></Text></Definition><Definition><Text><DefinedTermEn>diplomatic or consular officer</DefinedTermEn> includes an ambassador, envoy, minister, chargé d’affaires, counsellor, secretary, attaché, consul-general, consul, vice-consul, pro-consul, consular agent, acting consul-general, acting consul, acting vice-consul, acting consular agent, high commissioner, permanent delegate, adviser, acting high commissioner, and acting permanent delegate; (<DefinedTermFr>agent diplomatique ou consulaire</DefinedTermFr>)</Text></Definition><Definition><Text><DefinedTermEn>exclusive economic zone</DefinedTermEn>,</Text><Paragraph><Label>(a)</Label><Text>in relation to Canada, means the exclusive economic zone of Canada as determined under the <XRefExternal reference-type="act">Oceans Act</XRefExternal> and includes the seabed and subsoil below that zone, and</Text></Paragraph><Paragraph><Label>(b)</Label><Text>in relation to any other state, means the exclusive economic zone of the other state as determined in accordance with international law and the domestic laws of that other state; (<DefinedTermFr>zone économique exclusive</DefinedTermFr>)</Text></Paragraph></Definition><Definition><Text><DefinedTermEn>Federal Court</DefinedTermEn><Repealed>[Repealed, 2002, c. 8, s. 151]</Repealed></Text></Definition><Definition><Text><DefinedTermEn>Federal Court — Appeal Division</DefinedTermEn> or <DefinedTermEn>Federal Court of Appeal</DefinedTermEn><Repealed>[Repealed, 2002, c. 8, s. 151]</Repealed></Text></Definition><Definition><Text><DefinedTermEn>Federal Court — Trial Division</DefinedTermEn><Repealed>[Repealed, 2002, c. 8, s. 151]</Repealed></Text></Definition><Definition><Text><DefinedTermEn>Governor</DefinedTermEn>, <DefinedTermEn>Governor General</DefinedTermEn> or <DefinedTermEn>Governor of Canada</DefinedTermEn> means the Governor General of Canada or other chief executive officer or administrator carrying on the Government of Canada on behalf and in the name of the Sovereign, by whatever title that officer is designated; (<DefinedTermFr>gouverneur</DefinedTermFr>, <DefinedTermFr>gouverneur du Canada</DefinedTermFr> ou <DefinedTermFr>gouverneur général</DefinedTermFr>)</Text></Definition><Definition><Text><DefinedTermEn>Governor General in Council</DefinedTermEn> or <DefinedTermEn>Governor in Council</DefinedTermEn> means the Governor General of Canada acting by and with the advice of, or by and with the advice and consent of, or in conjunction with the Queen’s Privy Council for Canada; (<DefinedTermFr>gouverneur en conseil</DefinedTermFr> ou <DefinedTermFr>gouverneur général en conseil</DefinedTermFr>)</Text></Definition><Definition><Text><DefinedTermEn>Great Seal</DefinedTermEn> means the Great Seal of Canada; (<DefinedTermFr>grand sceau</DefinedTermFr>)</Text></Definition><Definition><Text><DefinedTermEn>Her Majesty</DefinedTermEn>, <DefinedTermEn>His Majesty</DefinedTermEn>, <DefinedTermEn>the Queen</DefinedTermEn>, <DefinedTermEn>the King</DefinedTermEn> or <DefinedTermEn>the Crown</DefinedTermEn> means the Sovereign of the United Kingdom, Canada and Her or His other Realms and Territories, and Head of the Commonwealth; (<DefinedTermFr>Sa Majesté</DefinedTermFr>, <DefinedTermFr>la Reine</DefinedTermFr>, <DefinedTermFr>le Roi</DefinedTermFr> ou <DefinedTermFr>la Couronne</DefinedTermFr>)</Text></Definition><Definition><Text><DefinedTermEn>Her Majesty’s Realms and Territories</DefinedTermEn> or <DefinedTermEn>His Majesty’s Realms and Territories</DefinedTermEn> means all realms and territories under the sovereignty of Her or His Majesty; (<DefinedTermFr>royaumes et territoires de Sa Majesté</DefinedTermFr>)</Text></Definition><Definition><Text><DefinedTermEn>herein</DefinedTermEn> used in any section shall be understood to relate to the whole enactment, and not to that section only; (<DefinitionEnOnly>Version anglaise seulement</DefinitionEnOnly>)</Text></Definition><Definition><Text><DefinedTermEn>holiday</DefinedTermEn> means any of the following days, namely, Sunday; New Year’s Day; Good Friday; Easter Monday; Christmas Day; the birthday or the day fixed by proclamation for the celebration of the birthday of the reigning Sovereign; Victoria Day; Canada Day; the first Monday in September, designated Labour Day; Remembrance Day; any day appointed by proclamation to be observed as a day of general prayer or mourning or day of public rejoicing or thanksgiving; and any of the following additional days, namely,</Text><Paragraph><Label>(a)</Label><Text>in any province, any day appointed by proclamation of the lieutenant governor of the province to be observed as a public holiday or as a day of general prayer or mourning or day of public rejoicing or thanksgiving within the province, and any day that is a non-juridical day by virtue of an Act of the legislature of the province, and</Text></Paragraph><Paragraph><Label>(b)</Label><Text>in any city, town, municipality or other organized district, any day appointed to be observed as a civic holiday by resolution of the council or other authority charged with the administration of the civic or municipal affairs of the city, town, municipality or district; (<DefinedTermFr>jour férié</DefinedTermFr>)</Text></Paragraph></Definition><Definition><Text><DefinedTermEn>internal waters</DefinedTermEn>,</Text><Paragraph><Label>(a)</Label><Text>in relation to Canada, means the internal waters of Canada as determined under the <XRefExternal reference-type="act">Oceans Act</XRefExternal> and includes the airspace above and the bed and subsoil below those waters, and</Text></Paragraph><Paragraph><Label>(b)</Label><Text>in relation to any other state, means the waters on the landward side of the baselines of the territorial sea of the other state; (<DefinedTermFr>eaux intérieures</DefinedTermFr>)</Text></Paragraph></Definition><Definition><Text><DefinedTermEn>legislative assembly</DefinedTermEn>, <DefinedTermEn>legislative council</DefinedTermEn> or <DefinedTermEn>legislature</DefinedTermEn><Repealed>[Repealed, 2014, c. 2, s. 14]</Repealed></Text></Definition><Definition><Text><DefinedTermEn>legislative assembly</DefinedTermEn> or <DefinedTermEn>legislature</DefinedTermEn> includes the Lieutenant Governor in Council and the Legislative Assembly of the Northwest Territories, as constituted before September 1, 1905, and the Legislature of Yukon, of the Northwest Territories or for Nunavut; (<DefinedTermFr>législature</DefinedTermFr> ou <DefinedTermFr>assemblée législative</DefinedTermFr>)</Text></Definition><Definition><Text><DefinedTermEn>lieutenant governor</DefinedTermEn> means the lieutenant governor or other chief executive officer or administrator carrying on the government of the province indicated by the enactment, by whatever title that officer is designated, and in Yukon, the Northwest Territories and Nunavut means the Commissioner; (<DefinedTermFr>lieutenant-gouverneur</DefinedTermFr>)</Text></Definition><Definition><Text><DefinedTermEn>lieutenant governor in council</DefinedTermEn> means</Text><Paragraph><Label>(a)</Label><Text>the lieutenant governor of the province indicated by the enactment acting by and with the advice of, by and with the advice and consent of, or in conjunction with, the executive council,</Text></Paragraph><Paragraph><Label>(b)</Label><Text>in Yukon, the Commissioner of Yukon acting with the consent of the Executive Council of Yukon,</Text></Paragraph><Paragraph><Label>(c)</Label><Text>in the Northwest Territories, the Commissioner of the Northwest Territories acting with the consent of the Executive Council of the Northwest Territories, and</Text></Paragraph><Paragraph><Label>(d)</Label><Text>in Nunavut, the Commissioner; (<DefinedTermFr>lieutenant-gouverneur en conseil</DefinedTermFr>)</Text></Paragraph></Definition><Definition><Text><DefinedTermEn>local time</DefinedTermEn>, in relation to any place, means the time observed in that place for the regulation of business hours; (<DefinedTermFr>heure locale</DefinedTermFr>)</Text></Definition><Definition><Text><DefinedTermEn>military</DefinedTermEn> shall be construed as relating to all or any part of the Canadian Forces; (<DefinedTermFr>militaire</DefinedTermFr>)</Text></Definition><Definition><Text><DefinedTermEn>month</DefinedTermEn> means a calendar month; (<DefinedTermFr>mois</DefinedTermFr>)</Text></Definition><Definition><Text><DefinedTermEn>oath</DefinedTermEn> includes a solemn affirmation or declaration when the context applies to any person by whom and to any case in which a solemn affirmation or declaration may be made instead of an oath, and in the same cases the expression <DefinedTermEn>sworn</DefinedTermEn> includes the expression “affirmed” or “declared”; (<DefinedTermFr>serment</DefinedTermFr>)</Text></Definition><Definition><Text><DefinedTermEn>Parliament</DefinedTermEn> means the Parliament of Canada; (<DefinedTermFr>Parlement</DefinedTermFr>)</Text></Definition><Definition><Text><DefinedTermEn>person</DefinedTermEn>, or any word or expression descriptive of a person, includes a corporation; (<DefinedTermFr>personne</DefinedTermFr>)</Text></Definition><Definition><Text><DefinedTermEn>proclamation</DefinedTermEn> means a proclamation under the Great Seal; (<DefinedTermFr>proclamation</DefinedTermFr>)</Text></Definition><Definition><Text><DefinedTermEn>province</DefinedTermEn> means a province of Canada, and includes Yukon, the Northwest Territories and Nunavut; (<DefinedTermFr>province</DefinedTermFr>)</Text></Definition><Definition><Text><DefinedTermEn>radio</DefinedTermEn> or <DefinedTermEn>radiocommunication</DefinedTermEn> means any transmission, emission or reception of signs, signals, writing, images, sounds or intelligence of any nature by means of electromagnetic waves of frequencies lower than 3 000 GHz propagated in space without artificial guide; (<DefinedTermFr>radiocommunication</DefinedTermFr> ou <DefinedTermFr>radio</DefinedTermFr>)</Text></Definition><Definition><Text><DefinedTermEn>regular force</DefinedTermEn> means the component of the Canadian Forces that is referred to in the <XRefExternal reference-type="act">National Defence Act</XRefExternal> as the regular force; (<DefinedTermFr>force régulière</DefinedTermFr>)</Text></Definition><Definition><Text><DefinedTermEn>reserve force</DefinedTermEn> means the component of the Canadian Forces that is referred to in the <XRefExternal reference-type="act">National Defence Act</XRefExternal> as the reserve force; (<DefinedTermFr>force de réserve</DefinedTermFr>)</Text></Definition><Definition><Text><DefinedTermEn>security</DefinedTermEn> means sufficient security, and <DefinedTermEn>sureties</DefinedTermEn> means sufficient sureties, and when those words are used one person is sufficient therefor, unless otherwise expressly required; (<DefinedTermFr>caution</DefinedTermFr> ou <DefinedTermFr>cautionnement</DefinedTermFr>)</Text></Definition><Definition><Text><DefinedTermEn>standard time</DefinedTermEn>, except as otherwise provided by any proclamation of the Governor in Council that may be issued for the purposes of this definition in relation to any province or territory or any part thereof, means</Text><Paragraph><Label>(a)</Label><Text>in relation to the Province of Newfoundland and Labrador, Newfoundland standard time, being three hours and thirty minutes behind Greenwich time,</Text></Paragraph><Paragraph><Label>(b)</Label><Text>in relation to the Provinces of Nova Scotia, New Brunswick and Prince Edward Island, that part of the Province of Quebec lying east of the sixty-third meridian of west longitude, and that part of Nunavut lying east of the sixty-eighth meridian of west longitude, Atlantic standard time, being four hours behind Greenwich time,</Text></Paragraph><Paragraph><Label>(c)</Label><Text>in relation to that part of the Province of Quebec lying west of the sixty-third meridian of west longitude, that part of the Province of Ontario lying between the sixty-eighth and the ninetieth meridians of west longitude, Southampton Island and the islands adjacent to Southampton Island, and that part of Nunavut lying between the sixty-eighth and the eighty-fifth meridians of west longitude, eastern standard time, being five hours behind Greenwich time,</Text></Paragraph><Paragraph><Label>(d)</Label><Text>in relation to that part of the Province of Ontario lying west of the ninetieth meridian of west longitude, the Province of Manitoba, and that part of Nunavut, except Southampton Island and the islands adjacent to Southampton Island, lying between the eighty-fifth and the one hundred and second meridians of west longitude, central standard time, being six hours behind Greenwich time,</Text></Paragraph><Paragraph><Label>(e)</Label><Text>in relation to the Provinces of Saskatchewan and Alberta, the Northwest Territories and that part of Nunavut lying west of the one hundred and second meridian of west longitude, mountain standard time, being seven hours behind Greenwich time,</Text></Paragraph><Paragraph><Label>(f)</Label><Text>in relation to the Province of British Columbia, Pacific standard time, being eight hours behind Greenwich time, and</Text></Paragraph><Paragraph><Label>(g)</Label><Text>in relation to Yukon, Yukon standard time, being nine hours behind Greenwich time; (<DefinedTermFr>heure normale</DefinedTermFr>)</Text></Paragraph></Definition><Definition><Text><DefinedTermEn>statutory declaration</DefinedTermEn> means a solemn declaration made pursuant to section 41 of the <XRefExternal reference-type="act">Canada Evidence Act</XRefExternal>; (<DefinedTermFr>déclaration solennelle</DefinedTermFr>)</Text></Definition><Definition><Text><DefinedTermEn>superior court</DefinedTermEn> means</Text><Paragraph><Label>(a)</Label><Text>in the Province of Newfoundland and Labrador, the Supreme Court,</Text></Paragraph><Paragraph><Label>(a.1)</Label><Text>in the Province of Ontario, the Court of Appeal for Ontario and the Superior Court of Justice,</Text></Paragraph><Paragraph><Label>(b)</Label><Text>in the Province of Quebec, the Court of Appeal and the Superior Court in and for the Province,</Text></Paragraph><Paragraph><Label>(c)</Label><Text>in the Province of New Brunswick, Manitoba, Saskatchewan or Alberta, the Court of Appeal for the Province and the Court of Queen’s Bench for the Province,</Text></Paragraph><Paragraph><Label>(d)</Label><Text>in the Provinces of Nova Scotia, British Columbia and Prince Edward Island, the Court of Appeal and the Supreme Court of the Province, and</Text></Paragraph><Paragraph><Label>(e)</Label><Text>the Supreme Court of Yukon, the Supreme Court of the Northwest Territories and the Nunavut Court of Justice,</Text></Paragraph><ContinuedDefinition><Text>and includes the Supreme Court of Canada, the Federal Court of Appeal, the Federal Court and the Tax Court of Canada; (<DefinedTermFr>juridiction supérieure</DefinedTermFr> ou <DefinedTermFr>cour supérieure</DefinedTermFr>)</Text></ContinuedDefinition></Definition><Definition><Text><DefinedTermEn>telecommunications</DefinedTermEn> means the emission, transmission or reception of signs, signals, writing, images, sounds or intelligence of any nature by any wire, cable, radio, optical or other electromagnetic system, or by any similar technical system; (<DefinedTermFr>télécommunication</DefinedTermFr>)</Text></Definition><Definition><Text><DefinedTermEn>territorial sea</DefinedTermEn>,</Text><Paragraph><Label>(a)</Label><Text>in relation to Canada, means the territorial sea of Canada as determined under the <XRefExternal reference-type="act">Oceans Act</XRefExternal> and includes the airspace above and the seabed and subsoil below that sea, and</Text></Paragraph><Paragraph><Label>(b)</Label><Text>in relation to any other state, means the territorial sea of the other state as determined in accordance with international law and the domestic laws of that other state; (<DefinedTermFr>mer territoriale</DefinedTermFr>)</Text></Paragraph></Definition><Definition><Text><DefinedTermEn>territory</DefinedTermEn> means Yukon, the Northwest Territories and Nunavut; (<DefinedTermFr>territoires</DefinedTermFr>)</Text></Definition><Definition><Text><DefinedTermEn>two justices</DefinedTermEn> means two or more justices of the peace, assembled or acting together; (<DefinedTermFr>deux juges de paix</DefinedTermFr>)</Text></Definition><Definition><Text><DefinedTermEn>United Kingdom</DefinedTermEn> means the United Kingdom of Great Britain and Northern Ireland; (<DefinedTermFr>Royaume-Uni</DefinedTermFr>)</Text></Definition><Definition><Text><DefinedTermEn>United States</DefinedTermEn> means the United States of America; (<DefinedTermFr>États-Unis</DefinedTermFr>)</Text></Definition><Definition><Text><DefinedTermEn>writing</DefinedTermEn>, or any term of like import, includes words printed, typewritten, painted, engraved, lithographed, photographed or represented or reproduced by any mode of representing or reproducing words in visible form. (<DefinedTermFr>écrit</DefinedTermFr>)</Text></Definition></Subsection><Subsection><MarginalNote>Governor in Council may amend schedule</MarginalNote><Label>(2)</Label><Text>The Governor in Council may, by order, amend the schedule by adding thereto the name of any country recognized by the order to be a member of the Commonwealth or deleting therefrom the name of any country recognized by the order to be no longer a member of the Commonwealth.</Text></Subsection><HistoricalNote>R.S., 1985, c. I-21, s. 35; R.S., 1985, c. 11 (1st Supp.), s. 2, c. 27 (2nd Supp.), s. 10; 1990, c. 17, s. 26; 1992, c. 1, s. 91, c. 47, s. 79, c. 51, s. 56; 1993, c. 28, s. 78, c. 38, s. 87; 1995, c. 39, s. 174; 1996, c. 31, s. 87; 1998, c. 15, s. 28, c. 30, ss. 13(F), 15(E); 1999, c. 3, s. 71, c. 28, s. 168; 2002, c. 7, s. 188, c. 8, s. 151; 2014, c. 2, s. 14; 2015, c. 3, s. 124.</HistoricalNote></Section><Section><MarginalNote>Construction of <DefinitionRef>telegraph</DefinitionRef></MarginalNote><Label>36</Label><Text>The expression <DefinedTermEn>telegraph</DefinedTermEn> and its derivatives, in an enactment or in an Act of the legislature of any province enacted before that province became part of Canada on any subject that is within the legislative powers of Parliament, are deemed not to include the word “telephone” or its derivatives.</Text><HistoricalNote>R.S., c. I-23, s. 29.</HistoricalNote></Section><Section><MarginalNote>Construction of <DefinitionRef>year</DefinitionRef></MarginalNote><Label>37</Label><Subsection><Label>(1)</Label><Text>The expression <DefinedTermEn>year</DefinedTermEn> means any period of twelve consecutive months, except that a reference</Text><Paragraph><Label>(a)</Label><Text>to a <DefinedTermEn>calendar year</DefinedTermEn> means a period of twelve consecutive months commencing on January 1;</Text></Paragraph><Paragraph><Label>(b)</Label><Text>to a <DefinedTermEn>financial year</DefinedTermEn> or <DefinedTermEn>fiscal year</DefinedTermEn> means, in relation to money provided by Parliament, or the Consolidated Revenue Fund, or the accounts, taxes or finances of Canada, the period beginning on April 1 in one calendar year and ending on March 31 in the next calendar year; and</Text></Paragraph><Paragraph><Label>(c)</Label><Text>by number to a Dominical year means the period of twelve consecutive months commencing on January 1 of that Dominical year.</Text></Paragraph></Subsection><Subsection><MarginalNote>Governor in Council may define year</MarginalNote><Label>(2)</Label><Text>Where in an enactment relating to the affairs of Parliament or the Government of Canada there is a reference to a period of a year without anything in the context to indicate beyond doubt whether a financial or fiscal year, any period of twelve consecutive months or a period of twelve consecutive months commencing on January 1 is intended, the Governor in Council may prescribe which of those periods of twelve consecutive months shall constitute a year for the purposes of the enactment.</Text></Subsection><HistoricalNote>R.S., c. I-23, ss. 28, 31.</HistoricalNote></Section><Section><MarginalNote>Common names</MarginalNote><Label>38</Label><Text>The name commonly applied to any country, place, body, corporation, society, officer, functionary, person, party or thing means the country, place, body, corporation, society, officer, functionary, person, party or thing to which the name is commonly applied, although the name is not the formal or extended designation thereof.</Text><HistoricalNote>R.S., c. I-23, s. 30.</HistoricalNote></Section><Section><MarginalNote>Affirmative and negative resolutions</MarginalNote><Label>39</Label><Subsection><Label>(1)</Label><Text>In every Act,</Text><Paragraph><Label>(a)</Label><Text>the expression <DefinedTermEn>subject to affirmative resolution of Parliament</DefinedTermEn>, when used in relation to any regulation, means that the regulation shall be laid before Parliament within fifteen days after it is made or, if Parliament is not then sitting, on any of the first fifteen days next thereafter that Parliament is sitting and shall not come into force unless and until it is affirmed by a resolution of both Houses of Parliament introduced and passed in accordance with the rules of those Houses;</Text></Paragraph><Paragraph><Label>(b)</Label><Text>the expression <DefinedTermEn>subject to affirmative resolution of the House of Commons</DefinedTermEn>, when used in relation to any regulation, means that the regulation shall be laid before the House of Commons within fifteen days after it is made or, if the House is not then sitting, on any of the first fifteen days next thereafter that the House is sitting and shall not come into force unless and until it is affirmed by a resolution of the House of Commons introduced and passed in accordance with the rules of that House;</Text></Paragraph><Paragraph><Label>(c)</Label><Text>the expression <DefinedTermEn>subject to negative resolution of Parliament</DefinedTermEn>, when used in relation to any regulation, means that the regulation shall be laid before Parliament within fifteen days after it is made or, if Parliament is not then sitting, on any of the first fifteen days next thereafter that Parliament is sitting and may be annulled by a resolution of both Houses of Parliament introduced and passed in accordance with the rules of those Houses; and</Text></Paragraph><Paragraph><Label>(d)</Label><Text>the expression <DefinedTermEn>subject to negative resolution of the House of Commons</DefinedTermEn>, when used in relation to any regulation, means that the regulation shall be laid before the House of Commons within fifteen days after it is made or, if the House is not then sitting, on any of the first fifteen days next thereafter that the House is sitting and may be annulled by a resolution of the House of Commons introduced and passed in accordance with the rules of that House.</Text></Paragraph></Subsection><Subsection><MarginalNote>Effect of negative resolution</MarginalNote><Label>(2)</Label><Text>Where a regulation is annulled by a resolution of Parliament or of the House of Commons, it is deemed to have been revoked on the day the resolution is passed and any law that was revoked or amended by the making of that regulation is deemed to be revived on the day the resolution is passed, but the validity of any action taken or not taken in compliance with a regulation so deemed to have been revoked shall not be affected by the resolution.</Text></Subsection><HistoricalNote>R.S., c. 29(2nd Supp.), s. 1.</HistoricalNote></Section><Heading level="1"><TitleText>References and Citations</TitleText></Heading><Section><MarginalNote>Citation of enactment</MarginalNote><Label>40</Label><Subsection><Label>(1)</Label><Text>In an enactment or document,</Text><Paragraph><Label>(a)</Label><Text>an Act may be cited by reference to its chapter number in the Revised Statutes, by reference to its chapter number in the volume of Acts for the year or regnal year in which it was enacted or by reference to its long title or short title, with or without reference to its chapter number; and</Text></Paragraph><Paragraph><Label>(b)</Label><Text>a regulation may be cited by reference to its long title or short title, by reference to the Act under which it was made or by reference to the number or designation under which it was registered by the Clerk of the Privy Council.</Text></Paragraph></Subsection><Subsection><MarginalNote>Citation includes amendment</MarginalNote><Label>(2)</Label><Text>A citation of or reference to an enactment is deemed to be a citation of or reference to the enactment as amended.</Text></Subsection><HistoricalNote>R.S., c. I-23, s. 32.</HistoricalNote></Section><Section><MarginalNote>Reference to two or more parts, etc.</MarginalNote><Label>41</Label><Subsection><Label>(1)</Label><Text>A reference in an enactment by number or letter to two or more parts, divisions, sections, subsections, paragraphs, subparagraphs, clauses, subclauses, schedules, appendices or forms shall be read as including the number or letter first mentioned and the number or letter last mentioned.</Text></Subsection><Subsection><MarginalNote>Reference in enactments to parts, etc.</MarginalNote><Label>(2)</Label><Text>A reference in an enactment to a part, division, section, schedule, appendix or form shall be read as a reference to a part, division, section, schedule, appendix or form of the enactment in which the reference occurs.</Text></Subsection><Subsection><MarginalNote>Reference in enactment to subsections, etc.</MarginalNote><Label>(3)</Label><Text>A reference in an enactment to a subsection, paragraph, subparagraph, clause or subclause shall be read as a reference to a subsection, paragraph, subparagraph, clause or subclause of the section, subsection, paragraph, subparagraph or clause, as the case may be, in which the reference occurs.</Text></Subsection><Subsection><MarginalNote>Reference to regulations</MarginalNote><Label>(4)</Label><Text>A reference in an enactment to regulations shall be read as a reference to regulations made under the enactment in which the reference occurs.</Text></Subsection><Subsection><MarginalNote>Reference to another enactment</MarginalNote><Label>(5)</Label><Text>A reference in an enactment by number or letter to any section, subsection, paragraph, subparagraph, clause, subclause or other division or line of another enactment shall be read as a reference to the section, subsection, paragraph, subparagraph, clause, subclause or other division or line of such other enactment as printed by authority of law.</Text></Subsection><HistoricalNote>R.S., c. I-23, s. 33.</HistoricalNote></Section><Heading level="1"><TitleText>Repeal and Amendment</TitleText></Heading><Section><MarginalNote>Power of repeal or amendment reserved</MarginalNote><Label>42</Label><Subsection><Label>(1)</Label><Text>Every Act shall be so construed as to reserve to Parliament the power of repealing or amending it, and of revoking, restricting or modifying any power, privilege or advantage thereby vested in or granted to any person.</Text></Subsection><Subsection><MarginalNote>Amendment or repeal at same session</MarginalNote><Label>(2)</Label><Text>An Act may be amended or repealed by an Act passed in the same session of Parliament.</Text></Subsection><Subsection><MarginalNote>Amendment part of enactment</MarginalNote><Label>(3)</Label><Text>An amending enactment, as far as consistent with the tenor thereof, shall be construed as part of the enactment that it amends.</Text></Subsection><HistoricalNote>R.S., c. I-23, s. 34.</HistoricalNote></Section><Section><MarginalNote>Effect of repeal</MarginalNote><Label>43</Label><Text>Where an enactment is repealed in whole or in part, the repeal does not</Text><Paragraph><Label>(a)</Label><Text>revive any enactment or anything not in force or existing at the time when the repeal takes effect,</Text></Paragraph><Paragraph><Label>(b)</Label><Text>affect the previous operation of the enactment so repealed or anything duly done or suffered thereunder,</Text></Paragraph><Paragraph><Label>(c)</Label><Text>affect any right, privilege, obligation or liability acquired, accrued, accruing or incurred under the enactment so repealed,</Text></Paragraph><Paragraph><Label>(d)</Label><Text>affect any offence committed against or contravention of the provisions of the enactment so repealed, or any punishment, penalty or forfeiture incurred under the enactment so repealed, or</Text></Paragraph><Paragraph><Label>(e)</Label><Text>affect any investigation, legal proceeding or remedy in respect of any right, privilege, obligation or liability referred to in paragraph (c) or in respect of any punishment, penalty or forfeiture referred to in paragraph (d),</Text></Paragraph><ContinuedSectionSubsection><Text>and an investigation, legal proceeding or remedy as described in paragraph (e) may be instituted, continued or enforced, and the punishment, penalty or forfeiture may be imposed as if the enactment had not been so repealed.</Text></ContinuedSectionSubsection><HistoricalNote>R.S., c. I-23, s. 35.</HistoricalNote></Section><Section><MarginalNote>Repeal and substitution</MarginalNote><Label>44</Label><Text>Where an enactment, in this section called the “former enactment”, is repealed and another enactment, in this section called the “new enactment”, is substituted therefor,</Text><Paragraph><Label>(a)</Label><Text>every person acting under the former enactment shall continue to act, as if appointed under the new enactment, until another person is appointed in the stead of that person;</Text></Paragraph><Paragraph><Label>(b)</Label><Text>every bond and security given by a person appointed under the former enactment remains in force, and all books, papers, forms and things made or used under the former enactment shall continue to be used as before the repeal in so far as they are consistent with the new enactment;</Text></Paragraph><Paragraph><Label>(c)</Label><Text>every proceeding taken under the former enactment shall be taken up and continued under and in conformity with the new enactment in so far as it may be done consistently with the new enactment;</Text></Paragraph><Paragraph><Label>(d)</Label><Text>the procedure established by the new enactment shall be followed as far as it can be adapted thereto</Text><Subparagraph><Label>(i)</Label><Text>in the recovery or enforcement of fines, penalties and forfeitures imposed under the former enactment,</Text></Subparagraph><Subparagraph><Label>(ii)</Label><Text>in the enforcement of rights, existing or accruing under the former enactment, and</Text></Subparagraph><Subparagraph><Label>(iii)</Label><Text>in a proceeding in relation to matters that have happened before the repeal;</Text></Subparagraph></Paragraph><Paragraph><Label>(e)</Label><Text>when any punishment, penalty or forfeiture is reduced or mitigated by the new enactment, the punishment, penalty or forfeiture if imposed or adjudged after the repeal shall be reduced or mitigated accordingly;</Text></Paragraph><Paragraph><Label>(f)</Label><Text>except to the extent that the provisions of the new enactment are not in substance the same as those of the former enactment, the new enactment shall not be held to operate as new law, but shall be construed and have effect as a consolidation and as declaratory of the law as contained in the former enactment;</Text></Paragraph><Paragraph><Label>(g)</Label><Text>all regulations made under the repealed enactment remain in force and are deemed to have been made under the new enactment, in so far as they are not inconsistent with the new enactment, until they are repealed or others made in their stead; and</Text></Paragraph><Paragraph><Label>(h)</Label><Text>any reference in an unrepealed enactment to the former enactment shall, with respect to a subsequent transaction, matter or thing, be read and construed as a reference to the provisions of the new enactment relating to the same subject-matter as the former enactment, but where there are no provisions in the new enactment relating to the same subject-matter, the former enactment shall be read as unrepealed in so far as is necessary to maintain or give effect to the unrepealed enactment.</Text></Paragraph><HistoricalNote>R.S., c. I-23, s. 36.</HistoricalNote></Section><Section><MarginalNote>Repeal does not imply enactment was in force</MarginalNote><Label>45</Label><Subsection><Label>(1)</Label><Text>The repeal of an enactment in whole or in part shall not be deemed to be or to involve a declaration that the enactment was previously in force or was considered by Parliament or other body or person by whom the enactment was enacted to have been previously in force.</Text></Subsection><Subsection><MarginalNote>Amendment does not imply change in law</MarginalNote><Label>(2)</Label><Text>The amendment of an enactment shall not be deemed to be or to involve a declaration that the law under that enactment was or was considered by Parliament or other body or person by whom the enactment was enacted to have been different from the law as it is under the enactment as amended.</Text></Subsection><Subsection><MarginalNote>Repeal does not declare previous law</MarginalNote><Label>(3)</Label><Text>The repeal or amendment of an enactment in whole or in part shall not be deemed to be or to involve any declaration as to the previous state of the law.</Text></Subsection><Subsection><MarginalNote>Judicial construction not adopted</MarginalNote><Label>(4)</Label><Text>A re-enactment, revision, consolidation or amendment of an enactment shall not be deemed to be or to involve an adoption of the construction that has by judicial decision or otherwise been placed on the language used in the enactment or on similar language.</Text></Subsection><HistoricalNote>R.S., c. I-23, s. 37.</HistoricalNote></Section><Heading level="1"><TitleText>Demise of Crown</TitleText></Heading><Section><MarginalNote>Effect of demise</MarginalNote><Label>46</Label><Subsection><Label>(1)</Label><Text>Where there is a demise of the Crown,</Text><Paragraph><Label>(a)</Label><Text>the demise does not affect the holding of any office under the Crown in right of Canada; and</Text></Paragraph><Paragraph><Label>(b)</Label><Text>it is not necessary by reason of the demise that the holder of any such office again be appointed thereto or, having taken an oath of office or allegiance before the demise, again take that oath.</Text></Paragraph></Subsection><Subsection><MarginalNote>Continuation of proceedings</MarginalNote><Label>(2)</Label><Text>No writ, action or other process or proceeding, civil or criminal, in or issuing out of any court established by an Act is, by reason of a demise of the Crown, determined, abated, discontinued or affected, but every such writ, action, process or proceeding remains in full force and may be enforced, carried on or otherwise proceeded with or completed as though there had been no such demise.</Text></Subsection><HistoricalNote>R.S., c. I-23, s. 38.</HistoricalNote></Section></Body><Schedule bilingual="no" spanlanguages="no"><ScheduleFormHeading><Label>SCHEDULE</Label><OriginatingRef>(Section 35)</OriginatingRef></ScheduleFormHeading><Provision format-ref="indent-0-0" language-align="no" list-item="yes"><Text>Antigua and Barbuda</Text></Provision><Provision format-ref="indent-0-0" language-align="no" list-item="yes"><Text>Australia</Text></Provision><Provision format-ref="indent-0-0" language-align="no" list-item="yes"><Text>The Bahamas</Text></Provision><Provision format-ref="indent-0-0" language-align="no" list-item="yes"><Text>Bangladesh</Text></Provision><Provision format-ref="indent-0-0" language-align="no" list-item="yes"><Text>Barbados</Text></Provision><Provision format-ref="indent-0-0" language-align="no" list-item="yes"><Text>Belize</Text></Provision><Provision format-ref="indent-0-0" language-align="no" list-item="yes"><Text>Botswana</Text></Provision><Provision format-ref="indent-0-0" language-align="no" list-item="yes"><Text>Brunei Darussalam</Text></Provision><Provision format-ref="indent-0-0" language-align="no" list-item="yes"><Text>Canada</Text></Provision><Provision format-ref="indent-0-0" language-align="no" list-item="yes"><Text>Cyprus</Text></Provision><Provision format-ref="indent-0-0" language-align="no" list-item="yes"><Text>Dominica</Text></Provision><Provision format-ref="indent-0-0" language-align="no" list-item="yes"><Text>Fiji</Text></Provision><Provision format-ref="indent-0-0" language-align="no" list-item="yes"><Text>Gambia</Text></Provision><Provision format-ref="indent-0-0" language-align="no" list-item="yes"><Text>Ghana</Text></Provision><Provision format-ref="indent-0-0" language-align="no" list-item="yes"><Text>Grenada</Text></Provision><Provision format-ref="indent-0-0" language-align="no" list-item="yes"><Text>Guyana</Text></Provision><Provision format-ref="indent-0-0" language-align="no" list-item="yes"><Text>India</Text></Provision><Provision format-ref="indent-0-0" language-align="no" list-item="yes"><Text>Jamaica</Text></Provision><Provision format-ref="indent-0-0" language-align="no" list-item="yes"><Text>Kenya</Text></Provision><Provision format-ref="indent-0-0" language-align="no" list-item="yes"><Text>Kiribati</Text></Provision><Provision format-ref="indent-0-0" language-align="no" list-item="yes"><Text>Lesotho</Text></Provision><Provision format-ref="indent-0-0" language-align="no" list-item="yes"><Text>Malawi</Text></Provision><Provision format-ref="indent-0-0" language-align="no" list-item="yes"><Text>Malaysia</Text></Provision><Provision format-ref="indent-0-0" language-align="no" list-item="yes"><Text>Maldives</Text></Provision><Provision format-ref="indent-0-0" language-align="no" list-item="yes"><Text>Malta</Text></Provision><Provision format-ref="indent-0-0" language-align="no" list-item="yes"><Text>Mauritius</Text></Provision><Provision format-ref="indent-0-0" language-align="no" list-item="yes"><Text>Nauru</Text></Provision><Provision format-ref="indent-0-0" language-align="no" list-item="yes"><Text>New Zealand</Text></Provision><Provision format-ref="indent-0-0" language-align="no" list-item="yes"><Text>Nigeria</Text></Provision><Provision format-ref="indent-0-0" language-align="no" list-item="yes"><Text>Pakistan</Text></Provision><Provision format-ref="indent-0-0" language-align="no" list-item="yes"><Text>Papua New Guinea</Text></Provision><Provision format-ref="indent-0-0" language-align="no" list-item="yes"><Text>St. Christopher and Nevis</Text></Provision><Provision format-ref="indent-0-0" language-align="no" list-item="yes"><Text>St. Lucia</Text></Provision><Provision format-ref="indent-0-0" language-align="no" list-item="yes"><Text>St. Vincent and the Grenadines</Text></Provision><Provision format-ref="indent-0-0" language-align="no" list-item="yes"><Text>Seychelles</Text></Provision><Provision format-ref="indent-0-0" language-align="no" list-item="yes"><Text>Sierra Leone</Text></Provision><Provision format-ref="indent-0-0" language-align="no" list-item="yes"><Text>Singapore</Text></Provision><Provision format-ref="indent-0-0" language-align="no" list-item="yes"><Text>Solomon Islands</Text></Provision><Provision format-ref="indent-0-0" language-align="no" list-item="yes"><Text>South Africa</Text></Provision><Provision format-ref="indent-0-0" language-align="no" list-item="yes"><Text>Sri Lanka</Text></Provision><Provision format-ref="indent-0-0" language-align="no" list-item="yes"><Text>Swaziland</Text></Provision><Provision format-ref="indent-0-0" language-align="no" list-item="yes"><Text>Tanzania</Text></Provision><Provision format-ref="indent-0-0" language-align="no" list-item="yes"><Text>Tonga</Text></Provision><Provision format-ref="indent-0-0" language-align="no" list-item="yes"><Text>Trinidad and Tobago</Text></Provision><Provision format-ref="indent-0-0" language-align="no" list-item="yes"><Text>Tuvalu</Text></Provision><Provision format-ref="indent-0-0" language-align="no" list-item="yes"><Text>Uganda</Text></Provision><Provision format-ref="indent-0-0" language-align="no" list-item="yes"><Text>United Kingdom</Text></Provision><Provision format-ref="indent-0-0" language-align="no" list-item="yes"><Text>Vanuatu</Text></Provision><Provision format-ref="indent-0-0" language-align="no" list-item="yes"><Text>Western Samoa</Text></Provision><Provision format-ref="indent-0-0" language-align="no" list-item="yes"><Text>Zambia</Text></Provision><Provision format-ref="indent-0-0" language-align="no" list-item="yes"><Text>Zimbabwe</Text></Provision><HistoricalNote>R.S., 1985, c. I-21, Sch.; SOR/86-532; SOR/93-140; SOR/95-366.</HistoricalNote></Schedule><Schedule id="RelatedProvs"><ScheduleFormHeading type="amending"><TitleText>RELATED PROVISIONS</TitleText></ScheduleFormHeading><BillPiece><Heading level="5" style="nifrp"><TitleText>
                    — 1998, c. 30, s. 10</TitleText></Heading><Section><MarginalNote>Transitional — proceedings</MarginalNote><Label>10</Label><Text>Every proceeding commenced before the coming into force of this section and in respect of which any provision amended by sections 12 to 16 applies shall be taken up and continued under and in conformity with that amended provision without any further formality.</Text></Section></BillPiece></Schedule></Statute>