﻿<?xml version="1.0" encoding="utf-8"?><!--Arbortext, Inc., 1988-2004, v.4002--><!DOCTYPE Statute PUBLIC "-//Justice Canada//DTD Statute v2.0.0//EN" "Dtd/Version_2.0.0/Statute/Statute.dtd"><Statute bill-origin="commons" bill-type="govt-public" xml:lang="en" in-force="yes"><Identification><BillNumber>C-428</BillNumber><Parliament><Session>2</Session><Number>41</Number><RegnalYear><Year-s>62-63</Year-s><Monarch>Elizabeth II</Monarch></RegnalYear><Year-s>2013-2014</Year-s></Parliament><LongTitle>An Act to amend the Indian Act (publication of by-laws) and to provide for its replacement</LongTitle><ShortTitle status="official">Indian Act Amendment and Replacement Act</ShortTitle><RunningHead>Indian Act Amendment and Replacement</RunningHead><BillHistory><Stages stage="consolidation"><Date><YYYY>2018</YYYY><MM>08</MM><DD>20</DD></Date></Stages><Stages stage="assented-to"><Date><YYYY>2014</YYYY><MM>12</MM><DD>16</DD></Date></Stages></BillHistory><Chapter><ConsolidatedNumber official="no">I-5.3</ConsolidatedNumber><AnnualStatuteId><AnnualStatuteNumber>38</AnnualStatuteNumber><YYYY>2014</YYYY></AnnualStatuteId></Chapter><BillRefNumber date-time="2012-05-28">411608</BillRefNumber></Identification><Introduction><Preamble><Provision format-ref="indent-0-0" language-align="yes"><MarginalNote>Preamble</MarginalNote><Text>Whereas the <XRefExternal reference-type="act">Indian Act</XRefExternal> is an outdated colonial statute, the application of which results in the people of Canada’s First Nations being subjected to differential treatment;</Text></Provision><Provision format-ref="indent-0-0"><Text>Whereas the <XRefExternal reference-type="act">Indian Act</XRefExternal> does not provide an adequate legislative framework for the development of self-sufficient and prosperous First Nations’ communities;</Text></Provision><Provision format-ref="indent-0-0"><Text>Whereas the Government of Canada is committed to the development of new legislation to replace the <XRefExternal reference-type="act">Indian Act</XRefExternal> that better reflects the modern relationship between it and the people of Canada’s First Nations;</Text></Provision><Provision format-ref="indent-0-0"><Text>And whereas the Government of Canada is committed to continuing its work in exploring creative options for the development of this new legislation in collaboration with the First Nations that have demonstrated an interest in this work;</Text></Provision></Preamble><Enacts><Provision format-ref="indent-0-0" language-align="yes"><Text>Now, therefore, Her Majesty, by and with the advice and consent of the Senate and House of Commons of Canada enacts as follows:</Text></Provision></Enacts></Introduction><Body><Heading level="1"><TitleText>Short Title</TitleText></Heading><Section><MarginalNote>Short title</MarginalNote><Label>1</Label><Text>This Act may be cited as the <XRefExternal reference-type="act">Indian Act Amendment and Replacement Act</XRefExternal>.</Text></Section><Heading level="1"><TitleText>Report</TitleText></Heading><Section><MarginalNote>Report by Minister</MarginalNote><Label>2</Label><Text>Within the first 10 sitting days of the House of Commons in every calendar year, the Minister of Indian Affairs and Northern Development must report to the House of Commons committee responsible for Aboriginal affairs on the work undertaken by his or her department in collaboration with First Nations and other interested parties to develop new legislation to replace the <XRefExternal reference-type="act">Indian Act</XRefExternal>.</Text></Section><Heading level="1"><TitleText>Indian Act</TitleText></Heading><Section><Label>3</Label><Text>[Amendment]</Text></Section><Section><Label>4</Label><Text>[Amendment]</Text></Section><Section><Label>5</Label><Text>[Amendment]</Text></Section><Section><Label>6</Label><Text>[Amendment]</Text></Section><Section><Label>7</Label><Text>[Amendment]</Text></Section><Section><Label>8</Label><Text>[Amendment]</Text></Section><Section><Label>9</Label><Text>[Amendment]</Text></Section><Section><Label>10</Label><Text>[Amendment]</Text></Section><Section><Label>11</Label><Text>[Amendment]</Text></Section><Section><Label>12</Label><Text>[Amendment]</Text></Section><Section><Label>13</Label><Text>[Amendment]</Text></Section><Section><Label>14</Label><Text>[Amendment]</Text></Section><Section><Label>15</Label><Text>[Amendment]</Text></Section><Section><Label>16</Label><Text>[Amendment]</Text></Section><Section><Label>17</Label><Text>[Amendment]</Text></Section><Section><Label>18</Label><Text>[Amendments]</Text></Section></Body></Statute>