﻿<?xml version="1.0" encoding="utf-8"?><!DOCTYPE Statute PUBLIC "-//Justice Canada//DTD Statute v2.0.0//EN" "Dtd/Version_2.0.0/Statute/Statute.dtd"><Statute bill-origin="commons" bill-type="govt-public" xml:lang="en" in-force="yes"><Identification><LongTitle>An Act respecting the Department of Indian Affairs and Northern Development</LongTitle><ShortTitle status="official">Department of Indian Affairs and Northern Development Act</ShortTitle><RunningHead>Department of Indian Affairs and Northern Development</RunningHead><BillHistory><Stages stage="consolidation"><Date><YYYY>2018</YYYY><MM>08</MM><DD>20</DD></Date></Stages></BillHistory><Chapter><ConsolidatedNumber official="yes">I-6</ConsolidatedNumber></Chapter></Identification><Body><Heading level="1"><TitleText>Short Title</TitleText></Heading><Section><MarginalNote>Short title</MarginalNote><Label>1</Label><Text>This Act may be cited as the <XRefExternal reference-type="act">Department of Indian Affairs and Northern Development Act</XRefExternal>.</Text><HistoricalNote>R.S., c. I-7, s. 1.</HistoricalNote></Section><Heading level="1"><TitleText>Establishment of the Department</TitleText></Heading><Section><MarginalNote>Department established</MarginalNote><Label>2</Label><Subsection><Label>(1)</Label><Text>There is hereby established a department of the Government of Canada called the Department of Indian Affairs and Northern Development over which the Minister of Indian Affairs and Northern Development appointed by commission under the Great Seal shall preside.</Text></Subsection><Subsection><MarginalNote>Minister</MarginalNote><Label>(2)</Label><Text>The Minister holds office during pleasure and has the management and direction of the Department.</Text></Subsection><HistoricalNote>R.S., c. I-7, s. 2.</HistoricalNote></Section><Section><MarginalNote>Deputy head</MarginalNote><Label>3</Label><Text>The Governor in Council may appoint an officer called the Deputy Minister of Indian Affairs and Northern Development to hold office during pleasure and to be the deputy head of the Department.</Text><HistoricalNote>R.S., c. I-7, s. 3.</HistoricalNote></Section><Heading level="1"><TitleText>Powers, Duties and Functions of the Minister</TitleText></Heading><Section><MarginalNote>Powers, duties and functions of Minister</MarginalNote><Label>4</Label><Text>The powers, duties and functions of the Minister extend to and include all matters over which Parliament has jurisdiction, not by law assigned to any other department, board or agency of the Government of Canada, relating to</Text><Paragraph><Label>(a)</Label><Text>Indian affairs;</Text></Paragraph><Paragraph><Label>(b)</Label><Text>Yukon, the Northwest Territories and Nunavut and their resources and affairs; and</Text></Paragraph><Paragraph><Label>(c)</Label><Text>Inuit affairs.</Text></Paragraph><HistoricalNote>R.S., 1985, c. I-6, s. 4; 1993, c. 28, s. 78; 2002, c. 7, s. 154(E).</HistoricalNote></Section><Section><MarginalNote>Idem</MarginalNote><Label>5</Label><Text>The Minister shall be responsible for</Text><Paragraph><Label>(a)</Label><Text>coordinating the activities in Yukon, the Northwest Territories and Nunavut of the several departments, boards and agencies of the Government of Canada;</Text></Paragraph><Paragraph><Label>(b)</Label><Text>undertaking, promoting and recommending policies and programs for the further economic and political development of Yukon, the Northwest Territories and Nunavut; and</Text></Paragraph><Paragraph><Label>(c)</Label><Text>fostering, through scientific investigation and technology, knowledge of the Canadian north and of the means of dealing with conditions related to its further development.</Text></Paragraph><HistoricalNote>R.S., 1985, c. I-6, s. 5; 1993, c. 28, s. 78; 2002, c. 7, s. 155(E).</HistoricalNote></Section><Section><MarginalNote>Administration of lands — Nunavut</MarginalNote><Label>6</Label><Subsection><Label>(1)</Label><Text>The Minister has the administration of lands situated in Nunavut belonging to Her Majesty in right of Canada except those lands</Text><Paragraph><Label>(a)</Label><Text>that are under the administration of any other minister of the Government of Canada or any agent corporation as defined in subsection 83(1) of the <XRefExternal reference-type="act">Financial Administration Act</XRefExternal>; or</Text></Paragraph><Paragraph><Label>(b)</Label><Text>that are under the administration and control of the Commissioner of Nunavut under the <XRefExternal reference-type="act">Nunavut Act</XRefExternal>.</Text></Paragraph></Subsection><Subsection><MarginalNote>Yukon and Northwest Territories</MarginalNote><Label>(2)</Label><Text>The Minister has the administration of public real property as defined in section 2 of the <XRefExternal reference-type="act">Yukon Act</XRefExternal> — and public lands as defined in section 2 of the <XRefExternal reference-type="act">Northwest Territories Act</XRefExternal> — except that public real property or those public lands, as the case may be, that are under</Text><Paragraph><Label>(a)</Label><Text>the administration of another minister of the Government of Canada or any agent corporation as defined in subsection 83(1) of the <XRefExternal reference-type="act">Financial Administration Act</XRefExternal>; or</Text></Paragraph><Paragraph><Label>(b)</Label><Text>the administration and control of the Commissioner of Yukon or the Commissioner of the Northwest Territories, as the case may be, under the applicable Act.</Text></Paragraph></Subsection><HistoricalNote>R.S., 1985, c. I-6, s. 6; 1991, c. 50, s. 30; 1993, c. 28, s. 78; 2002, c. 7, s. 156; 2014, c. 2, s. 13.</HistoricalNote></Section><Heading level="1"><TitleText>Annual Report</TitleText></Heading><Section><MarginalNote>Annual report</MarginalNote><Label>7</Label><Text>The Minister shall, on or before January 31 next following the end of each fiscal year or, if Parliament is not then sitting, on any of the first five days next thereafter that either House of Parliament is sitting, submit to Parliament a report showing the operations of the Department for that fiscal year.</Text><HistoricalNote>R.S., c. I-7, s. 7.</HistoricalNote></Section></Body></Statute>