﻿<?xml version="1.0" encoding="utf-8"?><!--Arbortext, Inc., 1988-2004, v.4002--><!DOCTYPE Statute PUBLIC "-//Justice Canada//DTD Statute v2.0.0//EN" "Dtd/Version_2.0.0/Statute/Statute.dtd"><Statute bill-origin="senate" bill-type="private-public" xml:lang="en" in-force="yes"><Identification><BillNumber>S-213</BillNumber><Parliament><Session>1</Session><Number>41</Number><RegnalYear><Year-s>60-61-62</Year-s><Monarch>Elizabeth II</Monarch></RegnalYear><Year-s>2011-2012-2013</Year-s></Parliament><LongTitle>An Act respecting a national day of remembrance to honour Canadian veterans of the Korean War</LongTitle><ShortTitle status="official">Korean War Veterans Day Act</ShortTitle><RunningHead>Korean War Veterans Day</RunningHead><BillHistory><Stages stage="consolidation"><Date><YYYY>2018</YYYY><MM>08</MM><DD>20</DD></Date></Stages><Stages stage="assented-to"><Date><YYYY>2013</YYYY><MM>6</MM><DD>19</DD></Date></Stages></BillHistory><Chapter><ConsolidatedNumber official="no">K-6.5</ConsolidatedNumber><AnnualStatuteId><AnnualStatuteNumber>17</AnnualStatuteNumber><YYYY>2013</YYYY></AnnualStatuteId></Chapter><BillRefNumber date-time="2012-02-08">1127</BillRefNumber></Identification><Introduction><Preamble><Provision format-ref="indent-0-0" language-align="yes"><MarginalNote>Preamble</MarginalNote><Text>Whereas on June 25, 1950, the military forces of the Democratic People’s Republic of Korea (North Korea) crossed the 38<Sup>th</Sup> parallel into the Republic of Korea (South Korea), marking the beginning of hostilities that would ensue for more than three years in the country known to its people as the Land of the Morning Calm;</Text></Provision><Provision format-ref="indent-0-0"><Text>Whereas 26,791 Canadians came to the aid of South Koreans and courageously defended the principles of peace, freedom and democracy on the Korean Peninsula, and another 7,000 Canadians served as peacekeepers in the uneasy ceasefire that followed the armistice of 1953;</Text></Provision><Provision format-ref="indent-0-0"><Text>Whereas the valiant efforts of these Canadians left many of them physically and mentally wounded, a price they continued to pay upon their return to Canada;</Text></Provision><Provision format-ref="indent-0-0"><Text>Whereas 516 Canadians, whose names are inscribed in the <XRefExternal reference-type="other">Korean War Book of Remembrance</XRefExternal> located in the Peace Tower in Ottawa and on the Wall of Remembrance in the Meadowvale Cemetery in Brampton, Ontario, died in service during the war, and nearly 400 of these war dead are buried in the United Nations Memorial Cemetery in Busan, South Korea;</Text></Provision><Provision format-ref="indent-0-0"><Text>Whereas Canada was one of the highest contributors among the sixteen member nations that provided combat support to the United Nations campaign in the Korean War;</Text></Provision><Provision format-ref="indent-0-0"><Text>Whereas Canada’s soldiers fought in many notable battles that not only spoke to their courage and resilience but constituted pivotal moments of incalculable significance that changed the course of the Korean War;</Text></Provision><Provision format-ref="indent-0-0"><Text>Whereas the country that Canadians defended and died for has transformed from being one of the poorest nations in the world to being an aid-giving member nation of the G20 in six short decades;</Text></Provision><Provision format-ref="indent-0-0"><Text>Whereas July 27, the day that marks the signing of the Korea Armistice Agreement in Panmunjom in 1953, is an appropriate day to designate as a day to express the appreciation of the Canadian people for the heroic efforts of the veterans of the Korean War and the sacrifices of their families who lost so much so that others could live in peace and prosperity;</Text></Provision><Provision format-ref="indent-0-0"><Text>Whereas on June 8, 2010, the Senate of Canada unanimously adopted a motion to acknowledge and endorse July 27 in each and every year as National Korean War Veterans Day;</Text></Provision><Provision format-ref="indent-0-0"><Text>And whereas it is desirable that Canada have a national day of remembrance to honour the men and women of the Canadian armed forces who served to protect freedom and democracy in South Korea during the Korean War and the peacekeeping years following the armistice;</Text></Provision></Preamble><Enacts><Provision format-ref="indent-0-0" language-align="yes"><Text>Now, therefore, Her Majesty, by and with the advice and consent of the Senate and House of Commons of Canada, enacts as follows:</Text></Provision></Enacts></Introduction><Body><Heading level="1"><TitleText>Short Title</TitleText></Heading><Section><MarginalNote>Short title</MarginalNote><Label>1</Label><Text>This Act may be cited as the <XRefExternal reference-type="act">Korean War Veterans Day Act</XRefExternal>.</Text></Section><Heading level="1"><TitleText>Korean War Veterans Day</TitleText></Heading><Section><MarginalNote>Korean War Veterans Day</MarginalNote><Label>2</Label><Text>Throughout Canada, in each and every year, the twenty-seventh day of July shall be known as “Korean War Veterans Day”.</Text></Section><Section><MarginalNote>Not a legal holiday</MarginalNote><Label>3</Label><Text>For greater certainty, Korean War Veterans Day is not a legal holiday or a non-juridical day.</Text></Section></Body></Statute>