﻿<?xml version="1.0" encoding="utf-8"?><!DOCTYPE Statute PUBLIC "-//Justice Canada//DTD Statute v2.0.0//EN" "Dtd/Version_2.0.0/Statute/Statute.dtd"><Statute bill-origin="commons" bill-type="govt-public" xml:lang="en" in-force="yes"><Identification><LongTitle>An Act respecting fair wages and hours of labour in relation to public works and contracts</LongTitle><ShortTitle status="official">Fair Wages and Hours of Labour Act</ShortTitle><RunningHead>Fair Wages and Hours of Labour</RunningHead><BillHistory><Stages stage="consolidation"><Date><YYYY>2018</YYYY><MM>08</MM><DD>20</DD></Date></Stages></BillHistory><Chapter><ConsolidatedNumber official="yes">L-4</ConsolidatedNumber></Chapter></Identification><Repealed>[Repealed, 2012, c. 19, s. 441]</Repealed><Body><Section><Label>1</Label><Text><Repealed>[Repealed, 2012, c. 19, s. 441]</Repealed></Text></Section><Section><Label>2</Label><Text><Repealed>[Repealed, 2012, c. 19, s. 441]</Repealed></Text></Section><Section><Label>3</Label><Text><Repealed>[Repealed, 2012, c. 19, s. 441]</Repealed></Text></Section><Section><Label>4</Label><Text><Repealed>[Repealed, 2012, c. 19, s. 441]</Repealed></Text></Section><Section><Label>5</Label><Text><Repealed>[Repealed, 2012, c. 19, s. 441]</Repealed></Text></Section><Section><Label>6</Label><Text><Repealed>[Repealed, 2012, c. 19, s. 441]</Repealed></Text></Section><Section><Label>7</Label><Text><Repealed>[Repealed, 2012, c. 19, s. 441]</Repealed></Text></Section></Body></Statute>