﻿<?xml version="1.0" encoding="utf-8"?><!DOCTYPE Statute PUBLIC "-//Justice Canada//DTD Statute v2.0.0//EN" "Dtd/Version_2.0.0/Statute/Statute.dtd"><Statute bill-origin="commons" bill-type="govt-public" xml:lang="en" in-force="yes"><Identification><LongTitle>An Act to re-enact legislative instruments enacted in only one official language</LongTitle><ShortTitle status="official">Legislative Instruments Re-enactment Act</ShortTitle><RunningHead>Legislative Instruments Re-enactment</RunningHead><BillHistory><Stages stage="assented-to"><Date><YYYY>2002</YYYY><MM>June</MM><DD>13</DD></Date></Stages><Stages stage="consolidation"><Date><YYYY>2018</YYYY><MM>08</MM><DD>20</DD></Date></Stages></BillHistory><Chapter><ConsolidatedNumber official="no">L-7.5</ConsolidatedNumber><AnnualStatuteId revised-statute="no"><AnnualStatuteNumber>20</AnnualStatuteNumber><YYYY>2002</YYYY></AnnualStatuteId></Chapter></Identification><Introduction><Enacts><Provision language-align="no" format-ref="indent-0-0"><Text>Her Majesty, by and with the advice and consent of the Senate and House of Commons of Canada, enacts as follows:</Text></Provision></Enacts></Introduction><Body><Section><MarginalNote>Short title</MarginalNote><Label>1</Label><Text>This Act may be cited as the <XRefExternal reference-type="act">Legislative Instruments Re-enactment Act</XRefExternal>.</Text></Section><Section><MarginalNote>Definitions</MarginalNote><Label>2</Label><Text>The following definitions apply in this Act.</Text><Definition><MarginalNote><DefinedTermEn>enacted</DefinedTermEn></MarginalNote><MarginalNote><DefinedTermFr>édicter</DefinedTermFr></MarginalNote><Text><DefinedTermEn>enacted</DefinedTermEn> includes issued, made and established.</Text></Definition><Definition><MarginalNote><DefinedTermEn>government publication</DefinedTermEn></MarginalNote><MarginalNote><DefinedTermFr>publication gouvernementale</DefinedTermFr></MarginalNote><Text><DefinedTermEn>government publication</DefinedTermEn> means the <XRefExternal reference-type="other">Canada Gazette</XRefExternal> or any other official publication of the Government of Canada in which legislative instruments were published.</Text></Definition><Definition><MarginalNote><DefinedTermEn>legislative instrument</DefinedTermEn></MarginalNote><MarginalNote><DefinedTermFr>texte législatif</DefinedTermFr></MarginalNote><Text><DefinedTermEn>legislative instrument</DefinedTermEn> means</Text><Paragraph><Label>(a)</Label><Text>an instrument enacted before the coming into force of section 7 of the <XRefExternal reference-type="act">Official Languages Act</XRefExternal> on September 15, 1988 by, or with the approval of, the Governor in Council or a minister of the Crown in the execution of a legislative power conferred by or under an Act of Parliament; or</Text></Paragraph><Paragraph><Label>(b)</Label><Text>an instrument that amends or repeals an instrument referred to in paragraph (a).</Text></Paragraph></Definition></Section><Section><MarginalNote>Instruments published in both languages</MarginalNote><Label>3</Label><Subsection><Label>(1)</Label><Text>Every legislative instrument that was originally enacted in only one official language and was, at the time of its enactment, published in both official languages in a government publication is hereby re-enacted in both official languages in the same form as that in which the legislative instrument was published.</Text></Subsection><Subsection><MarginalNote>Re-enactment retroactive</MarginalNote><Label>(2)</Label><Text>The provisions of an instrument re-enacted under subsection (1) are retroactive to, and are deemed to have come into force on, the day or days on which the corresponding provisions of the legislative instrument it replaces came into force, and those corresponding provisions are deemed to be repealed as at that time.</Text></Subsection></Section><Section><MarginalNote>Instruments not published or published in one language</MarginalNote><Label>4</Label><Subsection><Label>(1)</Label><Text>Where a legislative instrument was originally enacted in only one official language and, at the time of its enactment, was published in only one official language or was exempted by law from the requirement to be published in a government publication, the Governor in Council may, by regulation, repeal the legislative instrument and re-enact it in both official languages, without change to the version of the legislative instrument in the language in which it was originally enacted.</Text></Subsection><Subsection><MarginalNote>Regulation retroactive</MarginalNote><Label>(2)</Label><Text>A regulation made under subsection (1) shall provide that the provisions of the re-enacted instrument are retroactive to, and are deemed to have come into force on, the day or days on which the corresponding provisions of the legislative instrument it replaces came into force.</Text></Subsection><Subsection><MarginalNote>Offences</MarginalNote><Label>(3)</Label><Text>No person shall be convicted of an offence consisting of a contravention of a provision of an instrument re-enacted under subsection (1) unless the contravention occurred after the instrument was re-enacted and published in both official languages.</Text></Subsection><Subsection><MarginalNote>Powers of Governor in Council</MarginalNote><Label>(4)</Label><Text>The Governor in Council may repeal and re-enact a legislative instrument under subsection (1) notwithstanding that</Text><Paragraph><Label>(a)</Label><Text>the power under which the legislative instrument was originally enacted no longer exists; or</Text></Paragraph><Paragraph><Label>(b)</Label><Text>the office or body that originally enacted the legislative instrument no longer exists.</Text></Paragraph></Subsection><Subsection><MarginalNote>Conditions of re-enactment</MarginalNote><Label>(5)</Label><Text>The re-enactment of a legislative instrument under subsection (1) is not subject to the same conditions, if any, that applied to the enactment of the legislative instrument it replaces.</Text></Subsection><Subsection><MarginalNote>Publication</MarginalNote><Label>(6)</Label><Text>A regulation made under subsection (1) shall be published in the <XRefExternal reference-type="other">Canada Gazette</XRefExternal>, unless the regulation is a regulation of a class referred to in subsection 15(3) of the <Emphasis style="italic">Statutory Instruments Regulations</Emphasis>.</Text></Subsection><Subsection><MarginalNote>Repeal of legislative instruments</MarginalNote><Label>(7)</Label><Text>Upon the expiration of six years after this Act comes into force, any legislative instrument described in subsection (1) that has not been re-enacted in both official languages is repealed.</Text></Subsection></Section><Section><MarginalNote>Deeming and citation</MarginalNote><Label>5</Label><Subsection><Label>(1)</Label><Text>An instrument re-enacted under section 3 or 4 is deemed to be, and to have always been, the legislative instrument it replaces and, subject to subsection (3), shall be cited in the same manner as that legislative instrument.</Text></Subsection><Subsection><MarginalNote>Power to amend or repeal</MarginalNote><Label>(2)</Label><Text>For greater certainty, the holder of an office, or a body, that has the power to amend or repeal a legislative instrument that was re-enacted under section 3 or 4 may use that power to amend or repeal the re-enacted instrument.</Text></Subsection><Subsection><MarginalNote>Reference to title</MarginalNote><Label>(3)</Label><Text>Where a legislative instrument was not published at the time of its enactment or was at that time published in only one official language, the re-enacted instrument that replaces it may be referred to by its title in either official language.</Text></Subsection></Section><Section><MarginalNote>Both versions equally authoritative</MarginalNote><Label>6</Label><Text>The English and French versions of an instrument re-enacted under section 3 or 4 are equally authoritative.</Text></Section><Section><MarginalNote>Repealed instruments not revived</MarginalNote><Label>7</Label><Text>An instrument that was repealed or that otherwise ceased to have effect on or before the day on which this Act comes into force is not by virtue of this Act or any regulation made under this Act revived in respect of any period subsequent to its repeal or ceasing to have effect.</Text></Section><Section><MarginalNote>Exemption</MarginalNote><Label>8</Label><Subsection><Label>(1)</Label><Text>The <XRefExternal reference-type="act">Statutory Instruments Act</XRefExternal> does not apply to an instrument re-enacted under section 3 or to a regulation made under section 4.</Text></Subsection><Subsection><MarginalNote>Referral for scrutiny</MarginalNote><Label>(2)</Label><Text>Instruments re-enacted under section 3 and regulations made under section 4 stand permanently referred to the Committee referred to in section 19 of the <XRefExternal reference-type="act">Statutory Instruments Act</XRefExternal> for review and scrutiny.</Text></Subsection></Section><Section><MarginalNote>Review</MarginalNote><Label>9</Label><Subsection><Label>(1)</Label><Text>Within five years after the day on which this Act comes into force, the Minister of Justice shall complete a review of the implementation and operation of section 4.</Text></Subsection><Subsection><MarginalNote>Report</MarginalNote><Label>(2)</Label><Text>Subject to subsection (3), within one year after the review is completed pursuant to subsection (1), or within such further time as may be authorized by both Houses of Parliament, the Minister of Justice shall submit a report on the review to each House of Parliament that includes:</Text><Paragraph><Label>(a)</Label><Text>a description of the measures taken to identify legislative instruments referred to in subsection 4(1);</Text></Paragraph><Paragraph><Label>(b)</Label><Text>a list of any legislative instruments that have been repealed and re-enacted under subsection 4(1); and</Text></Paragraph><Paragraph><Label>(c)</Label><Text>a list of any legislative instruments referred to in that subsection that have been identified but that have not been repealed and re-enacted.</Text></Paragraph></Subsection><Subsection><MarginalNote>Number of certain instruments</MarginalNote><Label>(3)</Label><Text>The report referred to in subsection (2) shall, in respect of legislative instruments of a class referred to in subsection 15(3) of the <Emphasis style="italic">Statutory Instruments Regulations</Emphasis>, set out only the number of such instruments that are of the types described in paragraphs (2)(b) and (c).</Text></Subsection><HistoricalNote>2002, c. 20, s. 9; 2015, c. 3, s. 129(F).</HistoricalNote></Section></Body></Statute>