﻿<?xml version="1.0" encoding="utf-8"?><!--Arbortext, Inc., 1988-2004, v.4002--><!DOCTYPE Statute PUBLIC "-//Justice Canada//DTD Statute v2.0.0//EN" "Dtd/Version_2.0.0/Statute/Statute.dtd"><Statute bill-origin="commons" bill-type="govt-public" xml:lang="en" in-force="yes"><Identification><BillNumber>C-41</BillNumber><Parliament><Session>2</Session><Number>40</Number><RegnalYear><Year-s>57-58</Year-s><Monarch>Elizabeth II</Monarch></RegnalYear><Year-s>2009</Year-s></Parliament><LongTitle>An Act to give effect to the Maanulth First Nations Final Agreement and to make consequential amendments to other Acts</LongTitle><ShortTitle status="official">Maanulth First Nations Final Agreement Act</ShortTitle><RunningHead>Maanulth First Nations Final Agreement</RunningHead><BillHistory><Stages stage="consolidation"><Date><YYYY>2018</YYYY><MM>08</MM><DD>20</DD></Date></Stages><Stages stage="assented-to"><Date><YYYY>2009</YYYY><MM>6</MM><DD>18</DD></Date></Stages></BillHistory><Chapter><ConsolidatedNumber official="no">M-0.55</ConsolidatedNumber><AnnualStatuteId><AnnualStatuteNumber>18</AnnualStatuteNumber><YYYY>2009</YYYY></AnnualStatuteId></Chapter><BillRefNumber date-time="2009-5-27">90506</BillRefNumber></Identification><Introduction><Preamble salutation="no"><Provision format-ref="indent-0-0" language-align="yes"><MarginalNote>Preamble</MarginalNote><Text>Whereas the <XRefExternal reference-type="act">Constitution Act, 1982</XRefExternal> recognizes and affirms the existing aboriginal and treaty rights of the aboriginal peoples of Canada;</Text></Provision><Provision format-ref="indent-0-0"><Text>Whereas the Maanulth First Nations are part of the Nuuchahnulth, an aboriginal people of Canada;</Text></Provision><Provision format-ref="indent-0-0"><Text>Whereas the reconciliation between the prior presence of aboriginal peoples and the assertion of sovereignty by the Crown is of significant social and economic importance to Canadians;</Text></Provision><Provision format-ref="indent-0-0"><Text>Whereas Canadian courts have stated that this reconciliation is best achieved through negotiation;</Text></Provision><Provision format-ref="indent-0-0"><Text>Whereas the Maanulth First Nations, the Government of Canada and the Government of British Columbia have negotiated the Agreement to achieve this reconciliation and to establish a new relationship among them;</Text></Provision><Provision format-ref="indent-0-0"><Text>And whereas the Agreement requires that legislation be enacted by the Parliament of Canada in order for the Agreement to be ratified;</Text></Provision></Preamble><Enacts><Provision format-ref="indent-0-0" language-align="yes" list-item="no"><Text>Now, therefore, Her Majesty, by and with the advice and consent of the Senate and House of Commons of Canada, enacts as follows:</Text></Provision></Enacts></Introduction><Body><Heading level="1"><TitleText>Short Title</TitleText></Heading><Section><MarginalNote>Short title</MarginalNote><Label>1</Label><Text>This Act may be cited as the <XRefExternal reference-type="act">Maanulth First Nations Final Agreement Act</XRefExternal>.</Text></Section><Heading level="1"><TitleText>Interpretation</TitleText></Heading><Section><MarginalNote>Definitions</MarginalNote><Label>2</Label><Subsection><Label>(1)</Label><Text>The following definitions apply in this Act.</Text><Definition><MarginalNote><DefinedTermEn>Agreement</DefinedTermEn></MarginalNote><MarginalNote><DefinedTermFr>accord</DefinedTermFr></MarginalNote><Text><DefinedTermEn>Agreement</DefinedTermEn> means the Maa-nulth First Nations Final Agreement, between the Maanulth First Nations, Her Majesty in right of Canada and Her Majesty in right of British Columbia, including any amendments made to it.</Text></Definition><Definition><MarginalNote><DefinedTermEn>Tax Treatment Agreement</DefinedTermEn></MarginalNote><MarginalNote><DefinedTermFr>accord sur le traitement fiscal</DefinedTermFr></MarginalNote><Text><DefinedTermEn>Tax Treatment Agreement</DefinedTermEn> means the tax treatment agreement referred to in paragraph 19.6.1 of the Agreement, including any amendments made to it.</Text></Definition></Subsection><Subsection><MarginalNote>Definitions in Agreement</MarginalNote><Label>(2)</Label><Text>In this Act, <DefinedTermEn>Maanulthaht</DefinedTermEn>, <DefinedTermEn>Maanulth Citizen</DefinedTermEn>, <DefinedTermEn>Maanulth Corporation</DefinedTermEn>, <DefinedTermEn>Maanulth First Nation</DefinedTermEn>, <DefinedTermEn>Maanulth Government</DefinedTermEn>, <DefinedTermEn>Maanulth Lands</DefinedTermEn>, <DefinedTermEn>Maanulth Law</DefinedTermEn>, <DefinedTermEn>Maanulth Public Institution</DefinedTermEn> and <DefinedTermEn>Other Maanulth Lands</DefinedTermEn> have the same meanings as <DefinedTermEn>Maa-nulth-aht</DefinedTermEn>, <DefinedTermEn>Maa-nulth First Nation Citizen</DefinedTermEn>, <DefinedTermEn>Maa-nulth First Nation Corporation</DefinedTermEn>, <DefinedTermEn>Maa-nulth First Nation</DefinedTermEn>, <DefinedTermEn>Maa-nulth First Nation Government</DefinedTermEn>, <DefinedTermEn>Maa-nulth First Nation Lands</DefinedTermEn>, <DefinedTermEn>Maa-nulth First Nation Law</DefinedTermEn>, <DefinedTermEn>Maa-nulth First Nation Public Institution</DefinedTermEn> and <DefinedTermEn>Other Maa-nulth First Nation Lands</DefinedTermEn>, respectively, in paragraph 29.1.1 of the Agreement.</Text></Subsection></Section><Section><MarginalNote>Status of Agreement</MarginalNote><Label>3</Label><Text>The Agreement is a treaty and a land claims agreement within the meaning of sections 25 and 35 of the <XRefExternal reference-type="act">Constitution Act, 1982</XRefExternal>.</Text></Section><Heading level="1"><TitleText>Agreement</TitleText></Heading><Section><MarginalNote>Agreement given effect</MarginalNote><Label>4</Label><Subsection><Label>(1)</Label><Text>The Agreement is approved, given effect and declared valid and has the force of law.</Text></Subsection><Subsection><MarginalNote>Rights and obligations</MarginalNote><Label>(2)</Label><Text>For greater certainty, any person or body has the powers, rights, privileges and benefits conferred on the person or body by the Agreement and shall perform the duties, and is subject to the liabilities, imposed on the person or body by the Agreement.</Text></Subsection><Subsection><MarginalNote>Third parties</MarginalNote><Label>(3)</Label><Text>For greater certainty, the Agreement is binding on, and may be relied on by, all persons and bodies.</Text></Subsection></Section><Section><MarginalNote>Inconsistency with Agreement</MarginalNote><Label>5</Label><Subsection><Label>(1)</Label><Text>The Agreement prevails over this Act and any other federal law to the extent of any inconsistency or conflict between them.</Text></Subsection><Subsection><MarginalNote>Conflict with Act</MarginalNote><Label>(2)</Label><Text>This Act prevails over any other federal law to the extent of any conflict between them.</Text></Subsection></Section><Heading level="1"><TitleText>Appropriation</TitleText></Heading><Section><MarginalNote>Payments out of C.R.F.</MarginalNote><Label>6</Label><Text>There shall be paid out of the Consolidated Revenue Fund any sums that are required to meet the monetary obligations of Her Majesty in right of Canada under Chapters 16 and 17 of the Agreement.</Text></Section><Heading level="1"><TitleText>Lands</TitleText></Heading><Section><MarginalNote>Fee simple estate</MarginalNote><Label>7</Label><Text>On the effective date of the Agreement, each Maanulth First Nation owns the estate in fee simple, as set out in Chapter 2 of the Agreement, in the Maanulth Lands referred to in relation to it in subparagraph 2.1.1a., b., c., d. or e. of the Agreement, as the case may be. In addition, the Ucluelet First Nation owns the estate in fee simple, as set out in Chapter 2 of the Agreement, in the Other Maanulth Lands referred to in paragraph 2.2.1 of the Agreement.</Text></Section><Heading level="1"><TitleText>Taxation</TitleText></Heading><Section><MarginalNote>Tax Treatment Agreement given effect</MarginalNote><Label>8</Label><Text>The Tax Treatment Agreement is approved, given effect and declared valid and has the force of law during the period that it is in effect.</Text></Section><Section><MarginalNote>Not a treaty</MarginalNote><Label>9</Label><Text>The Tax Treatment Agreement does not form part of the Agreement and is not a treaty or a land claims agreement within the meaning of sections 25 and 35 of the <XRefExternal reference-type="act">Constitution Act, 1982</XRefExternal>.</Text></Section><Heading level="1"><TitleText>Fisheries</TitleText></Heading><Section><MarginalNote>Powers of Minister of Fisheries and Oceans</MarginalNote><Label>10</Label><Text>Despite section 7 of the <XRefExternal reference-type="act">Fisheries Act</XRefExternal>, the Minister of Fisheries and Oceans may, on behalf of Her Majesty in right of Canada, enter into and implement the Maa-nulth Harvest Agreement referred to in paragraph 10.2.1 of the Agreement, including any amendments made to it.</Text></Section><Section><MarginalNote>Not a treaty</MarginalNote><Label>11</Label><Text>That Harvest Agreement does not form part of the Agreement and is not a treaty or a land claims agreement within the meaning of sections 25 and 35 of the <XRefExternal reference-type="act">Constitution Act, 1982</XRefExternal>.</Text></Section><Heading level="1"><TitleText>Application of Other Acts</TitleText></Heading><Section><MarginalNote><XRefExternal reference-type="act">Indian Act</XRefExternal></MarginalNote><Label>12</Label><Text>Subject to the provisions of Chapter 15 of the Agreement that deal with the continuing application of the <XRefExternal reference-type="act">Indian Act</XRefExternal>, and paragraphs 19.5.1 to 19.5.6 of the Agreement, the <XRefExternal reference-type="act">Indian Act</XRefExternal> does not apply to Maanulthaht, Maanulth First Nations, Maanulth Governments, Maanulth Public Institutions or Maanulth Corporations as of the effective date of the Agreement, except for the purpose of determining whether an individual is an Indian.</Text></Section><Section><MarginalNote><XRefExternal reference-type="act">Statutory Instruments Act</XRefExternal></MarginalNote><Label>13</Label><Text>Maanulth Laws and other instruments made under the Agreement are not statutory instruments for the purposes of the <XRefExternal reference-type="act">Statutory Instruments Act</XRefExternal>.</Text></Section><Heading level="1"><TitleText>Application of Laws of British Columbia</TitleText></Heading><Section><MarginalNote>Incorporation by reference</MarginalNote><Label>14</Label><Text>To the extent that a law of British Columbia does not apply of its own force to a Maanulthaht, a Maanulth Citizen, a Maanulth First Nation, a Maanulth Government, a Maanulth Public Institution, a Maanulth Corporation, Maanulth Lands or Other Maanulth Lands, because of the exclusive legislative authority of Parliament set out in Class 24 of section 91 of the <XRefExternal reference-type="act">Constitution Act, 1867</XRefExternal>, that law of British Columbia applies to it or to them by virtue of this section, in accordance with the Agreement and subject to this Act and any other Act of Parliament.</Text></Section><Heading level="1"><TitleText>General</TitleText></Heading><Section><MarginalNote>Judicial notice of Agreements</MarginalNote><Label>15</Label><Subsection><Label>(1)</Label><Text>Judicial notice shall be taken of the Agreement and the Tax Treatment Agreement.</Text></Subsection><Subsection><MarginalNote>Publication of Agreements</MarginalNote><Label>(2)</Label><Text>The Agreement and the Tax Treatment Agreement shall be published by the Queen’s Printer.</Text></Subsection><Subsection><MarginalNote>Evidence</MarginalNote><Label>(3)</Label><Text>A copy of the Agreement or the Tax Treatment Agreement published by the Queen’s Printer is evidence of that agreement and of its contents, and a copy purporting to be published by the Queen’s Printer is deemed to be so published, unless the contrary is shown.</Text></Subsection></Section><Section><MarginalNote>Judicial notice of Maanulth Laws</MarginalNote><Label>16</Label><Subsection><Label>(1)</Label><Text>Judicial notice shall be taken of Maanulth Laws.</Text></Subsection><Subsection><MarginalNote>Evidence of Maanulth Laws</MarginalNote><Label>(2)</Label><Text>A copy of a Maanulth Law purporting to be deposited in a public registry of laws referred to in subparagraph 13.5.1a. of the Agreement is evidence of that law and of its contents, unless the contrary is shown.</Text></Subsection></Section><Section><MarginalNote>Orders and regulations</MarginalNote><Label>17</Label><Text>The Governor in Council may make any orders and regulations that are necessary for the purpose of carrying out any of the provisions of the Agreement or of the Tax Treatment Agreement.</Text></Section><Section><MarginalNote>Chapters 26 and 28 of Agreement</MarginalNote><Label>18</Label><Text>Despite subsection <XRefInternal>4</XRefInternal>(1), Chapters 26 and 28 of the Agreement are deemed to have effect as of December 9, 2006.</Text></Section><Section><MarginalNote>Notice of issues arising</MarginalNote><Label>19</Label><Subsection><Label>(1)</Label><Text>If an issue arises in any judicial or administrative proceeding in respect of the interpretation or validity of the Agreement, or the validity or applicability of this Act, the British Columbia <XRefExternal reference-type="act">Maa-nulth First Nations Final Agreement Act</XRefExternal> or any Maanulth Law, then the issue shall not be decided until the party raising the issue has served notice on the Attorney General of Canada, the Attorney General of British Columbia and each applicable Maanulth First Nation.</Text></Subsection><Subsection><MarginalNote>Content of notice</MarginalNote><Label>(2)</Label><Text>The notice shall</Text><Paragraph><Label>(a)</Label><Text>describe the judicial or administrative proceeding;</Text></Paragraph><Paragraph><Label>(b)</Label><Text>specify what the issue arises in respect of;</Text></Paragraph><Paragraph><Label>(c)</Label><Text>state the day on which the issue is to be argued;</Text></Paragraph><Paragraph><Label>(d)</Label><Text>give particulars necessary to show the point to be argued; and</Text></Paragraph><Paragraph><Label>(e)</Label><Text>be served at least 14 days before the day of argument, unless the court or tribunal authorizes a shorter period.</Text></Paragraph></Subsection><Subsection><MarginalNote>Participation in proceedings</MarginalNote><Label>(3)</Label><Text>In any judicial or administrative proceeding in respect of which subsection (1) applies, the Attorney General of Canada, the Attorney General of British Columbia and the applicable Maanulth First Nation may appear and participate in the proceeding as parties with the same rights as any other party.</Text></Subsection><Subsection><MarginalNote>Saving</MarginalNote><Label>(4)</Label><Text>For greater certainty, subsections (2) and (3) do not require that an oral hearing be held if one is not otherwise required.</Text></Subsection></Section><Heading level="1"><TitleText>Consequential Amendments</TitleText></Heading><Heading level="2"><TitleText>Access to Information Act</TitleText></Heading><Section><Label>20</Label><Text>[Amendment]</Text></Section><Heading level="2"><TitleText>Fisheries Act</TitleText></Heading><Section><Label>21</Label><Text>[Amendment]</Text></Section><Heading level="2"><TitleText>Payments in Lieu of Taxes Act</TitleText></Heading><Section><Label>22</Label><Text>[Amendment]</Text></Section><Heading level="2"><TitleText>Privacy Act</TitleText></Heading><Section><Label>23</Label><Text>[Amendment]</Text></Section><Heading level="2"><TitleText>Specific Claims Tribunal Act</TitleText></Heading><Section><Label>24</Label><Text>[Amendment]</Text></Section><Heading level="1"><TitleText>Coming into Force</TitleText></Heading><Section type="transitional"><MarginalNote>Order in council</MarginalNote><Label><FootnoteRef idref="fn_Ind22BD_hq_7666">*</FootnoteRef>25</Label><Text>The provisions of this Act, other than section <XRefInternal>18</XRefInternal>, come into force on a day or days to be fixed by order of the Governor in Council.</Text><Footnote id="fn_Ind22BD_hq_7666" placement="section" status="editorial"><Label>*</Label><Text>[Note: Section 18 in force on assent June 18, 2009; sections 10 and 11 in force February 15, 2011, <Emphasis style="italic">see</Emphasis> SI/2011-15; Act, other than sections 10, 11 and 18, in force April 1, 2011, <Emphasis style="italic">see</Emphasis> SI/2009-108.]</Text></Footnote></Section></Body></Statute>