﻿<?xml version="1.0" encoding="utf-8"?><!DOCTYPE Statute PUBLIC "-//Justice Canada//DTD Statute v2.0.0//EN" "Dtd/Version_2.0.0/Statute/Statute.dtd"><Statute bill-origin="commons" bill-type="govt-public" xml:lang="en" in-force="yes"><Identification><LongTitle>An Act to provide for the maintenance of railway operations and subsidiary services</LongTitle><ShortTitle status="official">Maintenance of Railway Operations Act, 1995</ShortTitle><RunningHead>Maintenance of Railway Operations, 1995</RunningHead><BillHistory><Stages stage="assented-to"><Date><YYYY>1995</YYYY><MM>March</MM><DD>26</DD></Date></Stages><Stages stage="consolidation"><Date><YYYY>2018</YYYY><MM>08</MM><DD>20</DD></Date></Stages></BillHistory><Chapter><ConsolidatedNumber official="no">M-0.3</ConsolidatedNumber><AnnualStatuteId revised-statute="no"><AnnualStatuteNumber>6</AnnualStatuteNumber><YYYY>1995</YYYY></AnnualStatuteId></Chapter></Identification><Repealed>[Repealed, 2017, c. 26, s. 69]</Repealed><Introduction><Enacts><Provision language-align="no" format-ref="indent-0-0"><Text>Her Majesty, by and with the advice and consent of the Senate and House of Commons of Canada, enacts as follows:</Text></Provision></Enacts></Introduction><Body><Heading level="1"><TitleText>Short Title</TitleText><Note>[Repealed, 2017, c. 26, s. 69]</Note></Heading><Section><Label>1</Label><Text><Repealed>[Repealed, 2017, c. 26, s. 69]</Repealed></Text></Section><Heading level="1"><Label>PART I</Label><TitleText>Canadian National Railway Company</TitleText><Note>[Repealed, 2017, c. 26, s. 69]</Note></Heading><Heading level="2"><TitleText>Interpretation</TitleText><Note>[Repealed, 2017, c. 26, s. 69]</Note></Heading><Section><Label>2</Label><Text><Repealed>[Repealed, 2017, c. 26, s. 69]</Repealed></Text></Section><Heading level="2"><TitleText>Railway Operations</TitleText><Note>[Repealed, 2017, c. 26, s. 69]</Note></Heading><Section><Label>3</Label><Text><Repealed>[Repealed, 2017, c. 26, s. 69]</Repealed></Text></Section><Heading level="2"><TitleText>Obligations</TitleText><Note>[Repealed, 2017, c. 26, s. 69]</Note></Heading><Section><Label>4</Label><Text><Repealed>[Repealed, 2017, c. 26, s. 69]</Repealed></Text></Section><Section><Label>5</Label><Text><Repealed>[Repealed, 2017, c. 26, s. 69]</Repealed></Text></Section><Heading level="2"><TitleText>Extension of Collective Agreements</TitleText><Note>[Repealed, 2017, c. 26, s. 69]</Note></Heading><Section><Label>6</Label><Text><Repealed>[Repealed, 2017, c. 26, s. 69]</Repealed></Text></Section><Heading level="2"><TitleText>Terms and Conditions of Employment</TitleText><Note>[Repealed, 2017, c. 26, s. 69]</Note></Heading><Section><Label>7</Label><Text><Repealed>[Repealed, 2017, c. 26, s. 69]</Repealed></Text></Section><Heading level="2"><TitleText>Strikes and Lockouts Prohibited</TitleText><Note>[Repealed, 2017, c. 26, s. 69]</Note></Heading><Section><Label>8</Label><Text><Repealed>[Repealed, 2017, c. 26, s. 69]</Repealed></Text></Section><Heading level="2"><TitleText>Mediation-Arbitration Commissions</TitleText><Note>[Repealed, 2017, c. 26, s. 69]</Note></Heading><Section><Label>9</Label><Text><Repealed>[Repealed, 2017, c. 26, s. 69]</Repealed></Text></Section><Section><Label>10</Label><Text><Repealed>[Repealed, 2017, c. 26, s. 69]</Repealed></Text></Section><Section><Label>11</Label><Text><Repealed>[Repealed, 2017, c. 26, s. 69]</Repealed></Text></Section><Section><Label>12</Label><Text><Repealed>[Repealed, 2017, c. 26, s. 69]</Repealed></Text></Section><Section><Label>13</Label><Text><Repealed>[Repealed, 2017, c. 26, s. 69]</Repealed></Text></Section><Section><Label>14</Label><Text><Repealed>[Repealed, 2017, c. 26, s. 69]</Repealed></Text></Section><Section><Label>15</Label><Text><Repealed>[Repealed, 2017, c. 26, s. 69]</Repealed></Text></Section><Section><Label>16</Label><Text><Repealed>[Repealed, 2017, c. 26, s. 69]</Repealed></Text></Section><Heading level="2"><TitleText>Costs</TitleText><Note>[Repealed, 2017, c. 26, s. 69]</Note></Heading><Section><Label>17</Label><Text><Repealed>[Repealed, 2017, c. 26, s. 69]</Repealed></Text></Section><Heading level="2"><TitleText>Amendment of Collective Agreement</TitleText><Note>[Repealed, 2017, c. 26, s. 69]</Note></Heading><Section><Label>18</Label><Text><Repealed>[Repealed, 2017, c. 26, s. 69]</Repealed></Text></Section><Heading level="2"><TitleText>Enforcement</TitleText><Note>[Repealed, 2017, c. 26, s. 69]</Note></Heading><Section><Label>19</Label><Text><Repealed>[Repealed, 2017, c. 26, s. 69]</Repealed></Text></Section><Section><Label>20</Label><Text><Repealed>[Repealed, 2017, c. 26, s. 69]</Repealed></Text></Section><Section><Label>21</Label><Text><Repealed>[Repealed, 2017, c. 26, s. 69]</Repealed></Text></Section><Section><Label>22</Label><Text><Repealed>[Repealed, 2017, c. 26, s. 69]</Repealed></Text></Section><Heading level="2"><TitleText>Exception</TitleText><Note>[Repealed, 2017, c. 26, s. 69]</Note></Heading><Section><Label>23</Label><Text><Repealed>[Repealed, 2017, c. 26, s. 69]</Repealed></Text></Section><Heading level="2"><TitleText>Coming into Force</TitleText><Note>[Repealed, 2017, c. 26, s. 69]</Note></Heading><Section><Label>24</Label><Text><Repealed>[Repealed, 2017, c. 26, s. 69]</Repealed></Text></Section><Heading level="1"><Label>PART II</Label><TitleText>Canadian Pacific Limited</TitleText><Note>[Repealed, 2017, c. 26, s. 69]</Note></Heading><Heading level="2"><TitleText>Interpretation</TitleText><Note>[Repealed, 2017, c. 26, s. 69]</Note></Heading><Section><Label>25</Label><Text><Repealed>[Repealed, 2017, c. 26, s. 69]</Repealed></Text></Section><Heading level="2"><TitleText>Railway Operations</TitleText><Note>[Repealed, 2017, c. 26, s. 69]</Note></Heading><Section><Label>26</Label><Text><Repealed>[Repealed, 2017, c. 26, s. 69]</Repealed></Text></Section><Heading level="2"><TitleText>Obligations</TitleText><Note>[Repealed, 2017, c. 26, s. 69]</Note></Heading><Section><Label>27</Label><Text><Repealed>[Repealed, 2017, c. 26, s. 69]</Repealed></Text></Section><Section><Label>28</Label><Text><Repealed>[Repealed, 2017, c. 26, s. 69]</Repealed></Text></Section><Heading level="2"><TitleText>Extension of Collective Agreements</TitleText><Note>[Repealed, 2017, c. 26, s. 69]</Note></Heading><Section><Label>29</Label><Text><Repealed>[Repealed, 2017, c. 26, s. 69]</Repealed></Text></Section><Heading level="2"><TitleText>Strikes and Lockouts Prohibited</TitleText><Note>[Repealed, 2017, c. 26, s. 69]</Note></Heading><Section><Label>30</Label><Text><Repealed>[Repealed, 2017, c. 26, s. 69]</Repealed></Text></Section><Heading level="2"><TitleText>Mediation-Arbitration Commissions</TitleText><Note>[Repealed, 2017, c. 26, s. 69]</Note></Heading><Section><Label>31</Label><Text><Repealed>[Repealed, 2017, c. 26, s. 69]</Repealed></Text></Section><Section><Label>32</Label><Text><Repealed>[Repealed, 2017, c. 26, s. 69]</Repealed></Text></Section><Section><Label>33</Label><Text><Repealed>[Repealed, 2017, c. 26, s. 69]</Repealed></Text></Section><Section><Label>34</Label><Text><Repealed>[Repealed, 2017, c. 26, s. 69]</Repealed></Text></Section><Section><Label>35</Label><Text><Repealed>[Repealed, 2017, c. 26, s. 69]</Repealed></Text></Section><Section><Label>36</Label><Text><Repealed>[Repealed, 2017, c. 26, s. 69]</Repealed></Text></Section><Section><Label>37</Label><Text><Repealed>[Repealed, 2017, c. 26, s. 69]</Repealed></Text></Section><Section><Label>38</Label><Text><Repealed>[Repealed, 2017, c. 26, s. 69]</Repealed></Text></Section><Heading level="2"><TitleText>Costs</TitleText><Note>[Repealed, 2017, c. 26, s. 69]</Note></Heading><Section><Label>39</Label><Text><Repealed>[Repealed, 2017, c. 26, s. 69]</Repealed></Text></Section><Heading level="2"><TitleText>Amendment of Collective Agreement</TitleText><Note>[Repealed, 2017, c. 26, s. 69]</Note></Heading><Section><Label>40</Label><Text><Repealed>[Repealed, 2017, c. 26, s. 69]</Repealed></Text></Section><Heading level="2"><TitleText>Enforcement</TitleText><Note>[Repealed, 2017, c. 26, s. 69]</Note></Heading><Section><Label>41</Label><Text><Repealed>[Repealed, 2017, c. 26, s. 69]</Repealed></Text></Section><Section><Label>42</Label><Text><Repealed>[Repealed, 2017, c. 26, s. 69]</Repealed></Text></Section><Section><Label>43</Label><Text><Repealed>[Repealed, 2017, c. 26, s. 69]</Repealed></Text></Section><Section><Label>44</Label><Text><Repealed>[Repealed, 2017, c. 26, s. 69]</Repealed></Text></Section><Heading level="2"><TitleText>Exception</TitleText><Note>[Repealed, 2017, c. 26, s. 69]</Note></Heading><Section><Label>45</Label><Text><Repealed>[Repealed, 2017, c. 26, s. 69]</Repealed></Text></Section><Heading level="2"><TitleText>Coming into Force</TitleText><Note>[Repealed, 2017, c. 26, s. 69]</Note></Heading><Section><Label>46</Label><Text><Repealed>[Repealed, 2017, c. 26, s. 69]</Repealed></Text></Section><Heading level="1"><Label>PART III</Label><TitleText>Via Rail Canada Inc.</TitleText><Note>[Repealed, 2017, c. 26, s. 69]</Note></Heading><Heading level="2"><TitleText>Interpretation</TitleText><Note>[Repealed, 2017, c. 26, s. 69]</Note></Heading><Section><Label>47</Label><Text><Repealed>[Repealed, 2017, c. 26, s. 69]</Repealed></Text></Section><Heading level="2"><TitleText>Railway Operations</TitleText><Note>[Repealed, 2017, c. 26, s. 69]</Note></Heading><Section><Label>48</Label><Text><Repealed>[Repealed, 2017, c. 26, s. 69]</Repealed></Text></Section><Heading level="2"><TitleText>Obligations</TitleText><Note>[Repealed, 2017, c. 26, s. 69]</Note></Heading><Section><Label>49</Label><Text><Repealed>[Repealed, 2017, c. 26, s. 69]</Repealed></Text></Section><Section><Label>50</Label><Text><Repealed>[Repealed, 2017, c. 26, s. 69]</Repealed></Text></Section><Heading level="2"><TitleText>Extension of Collective Agreements</TitleText><Note>[Repealed, 2017, c. 26, s. 69]</Note></Heading><Section><Label>51</Label><Text><Repealed>[Repealed, 2017, c. 26, s. 69]</Repealed></Text></Section><Heading level="2"><TitleText>Strikes and Lockouts Prohibited</TitleText><Note>[Repealed, 2017, c. 26, s. 69]</Note></Heading><Section><Label>52</Label><Text><Repealed>[Repealed, 2017, c. 26, s. 69]</Repealed></Text></Section><Heading level="2"><TitleText>Mediation-Arbitration Commissions</TitleText><Note>[Repealed, 2017, c. 26, s. 69]</Note></Heading><Section><Label>53</Label><Text><Repealed>[Repealed, 2017, c. 26, s. 69]</Repealed></Text></Section><Section><Label>54</Label><Text><Repealed>[Repealed, 2017, c. 26, s. 69]</Repealed></Text></Section><Section><Label>55</Label><Text><Repealed>[Repealed, 2017, c. 26, s. 69]</Repealed></Text></Section><Section><Label>56</Label><Text><Repealed>[Repealed, 2017, c. 26, s. 69]</Repealed></Text></Section><Section><Label>57</Label><Text><Repealed>[Repealed, 2017, c. 26, s. 69]</Repealed></Text></Section><Section><Label>58</Label><Text><Repealed>[Repealed, 2017, c. 26, s. 69]</Repealed></Text></Section><Section><Label>59</Label><Text><Repealed>[Repealed, 2017, c. 26, s. 69]</Repealed></Text></Section><Section><Label>60</Label><Text><Repealed>[Repealed, 2017, c. 26, s. 69]</Repealed></Text></Section><Heading level="2"><TitleText>Costs</TitleText><Note>[Repealed, 2017, c. 26, s. 69]</Note></Heading><Section><Label>61</Label><Text><Repealed>[Repealed, 2017, c. 26, s. 69]</Repealed></Text></Section><Heading level="2"><TitleText>Amendment of Collective Agreement</TitleText><Note>[Repealed, 2017, c. 26, s. 69]</Note></Heading><Section><Label>62</Label><Text><Repealed>[Repealed, 2017, c. 26, s. 69]</Repealed></Text></Section><Heading level="2"><TitleText>Enforcement</TitleText><Note>[Repealed, 2017, c. 26, s. 69]</Note></Heading><Section><Label>63</Label><Text><Repealed>[Repealed, 2017, c. 26, s. 69]</Repealed></Text></Section><Section><Label>64</Label><Text><Repealed>[Repealed, 2017, c. 26, s. 69]</Repealed></Text></Section><Section><Label>65</Label><Text><Repealed>[Repealed, 2017, c. 26, s. 69]</Repealed></Text></Section><Section><Label>66</Label><Text><Repealed>[Repealed, 2017, c. 26, s. 69]</Repealed></Text></Section><Heading level="2"><TitleText>Exception</TitleText><Note>[Repealed, 2017, c. 26, s. 69]</Note></Heading><Section><Label>67</Label><Text><Repealed>[Repealed, 2017, c. 26, s. 69]</Repealed></Text></Section><Heading level="2"><TitleText>Coming into Force</TitleText><Note>[Repealed, 2017, c. 26, s. 69]</Note></Heading><Section><Label>68</Label><Text><Repealed>[Repealed, 2017, c. 26, s. 69]</Repealed></Text></Section></Body><Schedule spanlanguages="no" bilingual="no"><ScheduleFormHeading><Label>SCHEDULE I</Label><OriginatingRef>(Subsection 2(1) and section 24)</OriginatingRef></ScheduleFormHeading><Repealed>[Repealed, 2017, c. 26, s. 69]</Repealed></Schedule><Schedule spanlanguages="no" bilingual="no"><ScheduleFormHeading><Label>SCHEDULE II</Label><OriginatingRef>(Subsection 25(1) and section 46)</OriginatingRef></ScheduleFormHeading><Repealed>[Repealed, 2017, c. 26, s. 69]</Repealed></Schedule><Schedule spanlanguages="no" bilingual="no"><ScheduleFormHeading><Label>SCHEDULE III</Label><OriginatingRef>(Subsection 47(1) and section 68)</OriginatingRef></ScheduleFormHeading><Repealed>[Repealed, 2017, c. 26, s. 69]</Repealed></Schedule></Statute>