﻿<?xml version="1.0" encoding="utf-8"?><!DOCTYPE Statute PUBLIC "-//Justice Canada//DTD Statute v2.0.0//EN" "Dtd/Version_2.0.0/Statute/Statute.dtd"><Statute bill-origin="commons" bill-type="govt-public" xml:lang="en" in-force="yes"><Identification><LongTitle>An Act to provide for the security of marine transportation</LongTitle><ShortTitle status="official">Marine Transportation Security Act</ShortTitle><RunningHead>Marine Transportation Security</RunningHead><BillHistory><Stages stage="assented-to"><Date><YYYY>1994</YYYY><MM>12</MM><DD>15</DD></Date></Stages><Stages stage="consolidation"><Date><YYYY>2018</YYYY><MM>08</MM><DD>20</DD></Date></Stages></BillHistory><Chapter><ConsolidatedNumber official="no">M-0.8</ConsolidatedNumber><AnnualStatuteId revised-statute="no"><AnnualStatuteNumber>40</AnnualStatuteNumber><YYYY>1994</YYYY></AnnualStatuteId></Chapter></Identification><Introduction><Enacts><Provision language-align="no" format-ref="indent-0-0"><Text>Her Majesty, by and with the advice and consent of the Senate and House of Commons of Canada, enacts as follows:</Text></Provision></Enacts></Introduction><Body><Heading level="1"><TitleText>Short Title</TitleText></Heading><Section><MarginalNote>Short title</MarginalNote><Label>1</Label><Text>This Act may be cited as the <XRefExternal reference-type="act">Marine Transportation Security Act</XRefExternal>.</Text></Section><Heading level="1"><TitleText>Interpretation</TitleText></Heading><Section><MarginalNote>Definitions</MarginalNote><Label>2</Label><Subsection><Label>(1)</Label><Text>In this Act,</Text><Definition><MarginalNote><DefinedTermEn>authorized screening</DefinedTermEn></MarginalNote><MarginalNote><DefinedTermFr>contrôle</DefinedTermFr></MarginalNote><Text><DefinedTermEn>authorized screening</DefinedTermEn> means anything authorized or required to be done under any regulation, security measure or security rule for the control, observation, inspection and search of persons or goods to prevent the unauthorized possession or carriage of weapons, explosives and incendiaries on board vessels and at marine facilities;</Text></Definition><Definition><MarginalNote><DefinedTermEn>Canadian ship</DefinedTermEn></MarginalNote><MarginalNote><DefinedTermFr>navire canadien</DefinedTermFr></MarginalNote><Text> <DefinedTermEn>Canadian ship</DefinedTermEn> means a vessel registered under the <XRefExternal reference-type="act">Canada Shipping Act, 2001</XRefExternal>  or registered in Canada before August 1, 1936 under the <XRefExternal reference-type="act">Merchant Shipping Act, 1894</XRefExternal>  of the Parliament of the United Kingdom, 57-58 Victoria, chapter 60, and all Acts adding to or amending that Act;</Text></Definition><Definition><MarginalNote><DefinedTermEn>goods</DefinedTermEn></MarginalNote><MarginalNote><DefinedTermFr>bien</DefinedTermFr></MarginalNote><Text><DefinedTermEn>goods</DefinedTermEn> means anything that may be taken or placed on board a vessel, including personal belongings, baggage and cargo;</Text></Definition><Definition><MarginalNote><DefinedTermEn>marine facility</DefinedTermEn></MarginalNote><MarginalNote><DefinedTermFr>installation maritime</DefinedTermFr></MarginalNote><Text><DefinedTermEn>marine facility</DefinedTermEn> includes</Text><Paragraph><Label>(a)</Label><Text>an area of land, water, ice or other supporting surface used, designed, prepared, equipped or set apart for use, either in whole or in part, for the arrival, departure, movement or servicing of vessels,</Text></Paragraph><Paragraph><Label>(b)</Label><Text>buildings, installations and equipment on the area, associated with it or used or set apart for handling or storing goods that have been or are destined to be transported on a vessel,</Text></Paragraph><Paragraph><Label>(c)</Label><Text>equipment and facilities used to provide services relating to marine transportation, and</Text></Paragraph><Paragraph><Label>(d)</Label><Text>marine installations and structures, as defined in section 2 of the <XRefExternal reference-type="act">Canadian Laws Offshore Application Act</XRefExternal>;</Text></Paragraph></Definition><Definition><MarginalNote><DefinedTermEn>Minister</DefinedTermEn></MarginalNote><MarginalNote><DefinedTermFr>ministre</DefinedTermFr></MarginalNote><Text><DefinedTermEn>Minister</DefinedTermEn> means the Minister of Transport;</Text></Definition><Definition><MarginalNote><DefinedTermEn>operator</DefinedTermEn></MarginalNote><MarginalNote><DefinedTermFr>exploitant</DefinedTermFr></MarginalNote><Text><DefinedTermEn>operator</DefinedTermEn> means</Text><Paragraph><Label>(a)</Label><Text>when used in respect of a vessel,</Text><Subparagraph><Label>(i)</Label><Text>the actual owner of the vessel, if it is not registered, or the registered owner, if it is registered,</Text></Subparagraph><Subparagraph><Label>(ii)</Label><Text>a person having a beneficial interest in the vessel, including an interest arising under contract and any other equitable interest, other than an interest by way of a mortgage,</Text></Subparagraph><Subparagraph><Label>(iii)</Label><Text>a lessee or charterer of the vessel who is responsible for its navigation, or</Text></Subparagraph><Subparagraph><Label>(iv)</Label><Text>a master or other person who has command or charge of the vessel, other than a pilot, and</Text></Subparagraph></Paragraph><Paragraph><Label>(b)</Label><Text>when used in respect of a marine facility, a person who has the charge, management and control of the facility, whether on that person’s own account or as an agent of another person;</Text></Paragraph></Definition><Definition><MarginalNote><DefinedTermEn>proposed security rule</DefinedTermEn></MarginalNote><MarginalNote><DefinedTermFr>règle de sûreté proposée</DefinedTermFr></MarginalNote><Text><DefinedTermEn>proposed security rule</DefinedTermEn> means a rule submitted for the approval of the Minister under section 10;</Text></Definition><Definition><MarginalNote><DefinedTermEn>restricted area</DefinedTermEn></MarginalNote><MarginalNote><DefinedTermFr>zone réglementée</DefinedTermFr></MarginalNote><Text><DefinedTermEn>restricted area</DefinedTermEn> means an area established under any regulation, security measure or security rule to which access is restricted to authorized persons;</Text></Definition><Definition><MarginalNote><DefinedTermEn>screening officer</DefinedTermEn></MarginalNote><MarginalNote><DefinedTermFr>agent de contrôle</DefinedTermFr></MarginalNote><Text><DefinedTermEn>screening officer</DefinedTermEn> means a person designated by the Minister under section 19.1 as a screening officer for the purposes of this Act;</Text></Definition><Definition><MarginalNote><DefinedTermEn>security inspector</DefinedTermEn></MarginalNote><MarginalNote><DefinedTermFr>inspecteur</DefinedTermFr></MarginalNote><Text><DefinedTermEn>security inspector</DefinedTermEn> means a person designated by the Minister under section 22 as a security inspector for the purposes of this Act;</Text></Definition><Definition><MarginalNote><DefinedTermEn>security measure</DefinedTermEn></MarginalNote><MarginalNote><DefinedTermFr>mesure de sûreté</DefinedTermFr></MarginalNote><Text><DefinedTermEn>security measure</DefinedTermEn> means a measure formulated by the Minister under section 7;</Text></Definition><Definition><MarginalNote><DefinedTermEn>security rule</DefinedTermEn></MarginalNote><MarginalNote><DefinedTermFr>règle de sûreté</DefinedTermFr></MarginalNote><Text><DefinedTermEn>security rule</DefinedTermEn> means a rule approved by the Minister under section 10;</Text></Definition><Definition><MarginalNote><DefinedTermEn>Tribunal</DefinedTermEn></MarginalNote><MarginalNote><DefinedTermFr>Tribunal</DefinedTermFr></MarginalNote><Text> <DefinedTermEn>Tribunal</DefinedTermEn> means the Transportation Appeal Tribunal of Canada established by subsection 2(1) of the <XRefExternal reference-type="act">Transportation Appeal Tribunal of Canada Act</XRefExternal> ;</Text></Definition><Definition><MarginalNote><DefinedTermEn>vessel</DefinedTermEn></MarginalNote><MarginalNote><DefinedTermFr>bâtiment</DefinedTermFr></MarginalNote><Text><DefinedTermEn>vessel</DefinedTermEn> includes a dredge, floating elevator, floating home, floating oil rig, seaplane, raft, log or lumber boom, air cushion vehicle and any type of ship, boat or craft used or capable of being used for marine navigation, regardless of how it is propelled.</Text></Definition></Subsection><Subsection><MarginalNote>References to the Minister</MarginalNote><Label>(2)</Label><Text>Where a provision of this Act authorizes or requires the Minister to do anything, the Minister may authorize it to be done by a person appointed to serve in the Department of Transport in an appropriate capacity and references to the Minister in the provision shall be interpreted as including that person.</Text></Subsection><HistoricalNote>1994, c. 40, s. 2; 2001, c. 26, s. 306, c. 29, s. 55.</HistoricalNote></Section><Heading level="1"><TitleText>Application</TitleText></Heading><Section><MarginalNote>Binding on Her Majesty</MarginalNote><Label>3</Label><Text>This Act is binding on Her Majesty in right of Canada or a province.</Text></Section><Section><MarginalNote>Application to vessels and marine facilities</MarginalNote><Label>4</Label><Subsection><Label>(1)</Label><Text>Subject to subsections (2) and (3), this Act applies in respect of</Text><Paragraph><Label>(a)</Label><Text>vessels and marine facilities in Canada;</Text></Paragraph><Paragraph><Label>(b)</Label><Text>Canadian ships outside Canada; and</Text></Paragraph><Paragraph><Label>(c)</Label><Text>marine installations and structures, as provided in sections 5 and 6 of the <XRefExternal reference-type="act">Canadian Laws Offshore Application Act</XRefExternal>.</Text></Paragraph></Subsection><Subsection><MarginalNote>Limitation</MarginalNote><Label>(2)</Label><Text>This Act does not apply so as to require or authorize any person outside Canada to contravene the law of a foreign country or any Canadian ship outside Canada to be operated in contravention of that law.</Text></Subsection><Subsection><MarginalNote>Limitation - military vessels, etc.</MarginalNote><Label>(3)</Label><Text>This Act does not apply in respect of</Text><Paragraph><Label>(a)</Label><Text>vessels and marine facilities operated under the authority of the Minister of National Defence; or</Text></Paragraph><Paragraph><Label>(b)</Label><Text>military vessels of a foreign country to the extent that the Minister of National Defence may exempt them from the application of this Act.</Text></Paragraph></Subsection></Section><Heading level="1"><TitleText>Regulations</TitleText></Heading><Section><MarginalNote>Regulations respecting security</MarginalNote><Label>5</Label><Subsection><Label>(1)</Label><Text>The Governor in Council may make regulations respecting the security of marine transportation, including regulations</Text><Paragraph><Label>(a)</Label><Text>for preventing unlawful interference with marine transportation and ensuring that appropriate action is taken where that interference occurs or could occur;</Text></Paragraph><Paragraph><Label>(b)</Label><Text>requiring or authorizing screening for the purpose of protecting persons, goods, vessels and marine facilities;</Text></Paragraph><Paragraph><Label>(c)</Label><Text>respecting the establishment of restricted areas;</Text></Paragraph><Paragraph><Label>(d)</Label><Text>respecting the keeping and preservation of records and documents relating to the security of marine operations, including copies of the regulations, security measures and security rules;</Text></Paragraph><Paragraph><Label>(e)</Label><Text>for requiring the records and documents to be filed with the Minister or provided on request; and</Text></Paragraph><Paragraph><Label>(f)</Label><Text>respecting the protection, preservation and return of any evidence that has been seized under this Act without a warrant or any vessel that has been detained under this Act.</Text></Paragraph></Subsection><Subsection><MarginalNote>Offences relating to the regulations</MarginalNote><Label>(2)</Label><Text>Every person who contravenes a regulation made under subsection (1) is guilty of an offence punishable on summary conviction and liable</Text><Paragraph><Label>(a)</Label><Text>in the case of an individual, to a fine not exceeding $5,000 or to imprisonment for a term not exceeding six months or to both; or</Text></Paragraph><Paragraph><Label>(b)</Label><Text>in the case of a corporation, to a fine not exceeding $100,000.</Text></Paragraph></Subsection><HistoricalNote>1994, c. 40, s. 5; 2001, c. 29, s. 56.</HistoricalNote></Section><Section><MarginalNote>Notices and service of documents</MarginalNote><Label>6</Label><Text>The Governor in Council may make regulations respecting</Text><Paragraph><Label>(a)</Label><Text>the form and manner of giving notice under this Act; and</Text></Paragraph><Paragraph><Label>(b)</Label><Text>the service of documents required or authorized to be served under this Act, including the manner of serving them, the proof of their service and the circumstances under which they are deemed to have been served.</Text></Paragraph><HistoricalNote>1994, c. 40, s. 6; 2001, c. 29, s. 56.</HistoricalNote></Section><Heading level="1"><TitleText>Security Measures</TitleText></Heading><Section><MarginalNote>Minister may formulate security measures</MarginalNote><Label>7</Label><Subsection><Label>(1)</Label><Text>The Minister may formulate measures respecting the security of marine transportation, including measures containing provisions that may be included in the regulations.</Text></Subsection><Subsection><MarginalNote>Operators to carry out security measures</MarginalNote><Label>(2)</Label><Text>The Minister may, by notice in writing, require or authorize the operator of a vessel or marine facility to carry out the security measures, and the measures may apply instead of or in addition to any provision of the regulations.</Text></Subsection></Section><Section><MarginalNote>Minister may carry out security measures</MarginalNote><Label>8</Label><Subsection><Label>(1)</Label><Text>The Minister may carry out security measures on any vessel or at any marine facility where the Minister considers that the security of persons or goods is not adequately protected or is not protected in accordance with this Act, the regulations and any applicable security measures and security rules.</Text></Subsection><Subsection><MarginalNote>Liability for costs</MarginalNote><Label>(2)</Label><Text>The operators of the vessel or marine facility are jointly and severally liable to Her Majesty in right of Canada for the costs incurred by the Minister in carrying out the security measures.</Text></Subsection></Section><Section><MarginalNote>Offences relating to security measures</MarginalNote><Label>9</Label><Text>Every operator who does not carry out security measures that the operator is required to carry out, and every person who wilfully obstructs a person who is carrying out security measures, is guilty of an offence and liable</Text><Paragraph><Label>(a)</Label><Text>on conviction on indictment</Text><Subparagraph><Label>(i)</Label><Text>in the case of an individual, to a fine not exceeding $10,000 or to imprisonment for a term not exceeding one year or to both, or</Text></Subparagraph><Subparagraph><Label>(ii)</Label><Text>in the case of a corporation, to a fine not exceeding $200,000; or</Text></Subparagraph></Paragraph><Paragraph><Label>(b)</Label><Text>on summary conviction</Text><Subparagraph><Label>(i)</Label><Text>in the case of an individual, to a fine not exceeding $5,000 or to imprisonment for a term not exceeding six months or to both, or</Text></Subparagraph><Subparagraph><Label>(ii)</Label><Text>in the case of a corporation, to a fine not exceeding $100,000.</Text></Subparagraph></Paragraph></Section><Heading level="1"><TitleText>Security Rules</TitleText></Heading><Section><MarginalNote>Purpose of section</MarginalNote><Label>10</Label><Subsection><Label>(1)</Label><Text>The purpose of this section is to allow operators of vessels and marine facilities to formulate and operate under security rules as an alternative to security measures required or authorized by the Minister, but this section does not limit the authority of the Minister to require or authorize security measures.</Text></Subsection><Subsection><MarginalNote>Formulation of rules</MarginalNote><Label>(2)</Label><Text>The operator of a vessel or marine facility may formulate rules respecting any matter relating to the security of the vessel or facility and the operator may submit the rules to the Minister for approval.</Text></Subsection><Subsection><MarginalNote>Minister may request rules</MarginalNote><Label>(3)</Label><Text>The Minister may, by notice in writing, request the operator of a vessel or marine facility</Text><Paragraph><Label>(a)</Label><Text>to formulate rules respecting any matter specified in the notice relating to the security of the vessel or facility; and</Text></Paragraph><Paragraph><Label>(b)</Label><Text>to submit the rules to the Minister within any period specified in the notice.</Text></Paragraph></Subsection><Subsection><MarginalNote>Consultation</MarginalNote><Label>(4)</Label><Text>Before submitting the rules, the operator shall consult persons who are likely to be directly affected by the rules, including any persons specified in the notice by the Minister.</Text></Subsection><Subsection><MarginalNote>Results of consultation</MarginalNote><Label>(5)</Label><Text>When submitting the rules, the operator shall also submit a statement identifying the persons consulted and describing any disagreement they may have expressed about the rules.</Text></Subsection><Subsection><MarginalNote>Approval of rules</MarginalNote><Label>(6)</Label><Text>Within one hundred and twenty days after the rules have been submitted, the Minister shall decide whether to approve them and shall notify the operator of the decision in writing and, if the Minister approves the rules,</Text><Paragraph><Label>(a)</Label><Text>the Minister may make the approval subject to any conditions the Minister considers appropriate;</Text></Paragraph><Paragraph><Label>(b)</Label><Text>the operator shall notify the persons who were consulted that the rules have been approved; and</Text></Paragraph><Paragraph><Label>(c)</Label><Text>the operator shall carry out the rules and any conditions of their approval until the approval is revoked.</Text></Paragraph></Subsection><Subsection><MarginalNote>Rules not approved</MarginalNote><Label>(7)</Label><Text>If the Minister decides not to approve the rules, the Minister shall give the operator reasons for the decision and the Minister may request the operator to revise and resubmit the rules within any period that the Minister may specify.</Text></Subsection><Subsection><MarginalNote>Amendments to security rules</MarginalNote><Label>(8)</Label><Text>Amendments to security rules may be submitted and approved in the same way as are the security rules they amend and, when approved, have the same effect.</Text></Subsection><Subsection><MarginalNote>Revocation of approval</MarginalNote><Label>(9)</Label><Text>The Minister may revoke the approval of security rules, either at the request of the operator or otherwise.</Text></Subsection></Section><Section><MarginalNote>Offences relating to security rules</MarginalNote><Label>11</Label><Text>Every operator who does not carry out security rules and conditions approved by the Minister in relation to the operator, and every person who wilfully obstructs a person who is carrying out security rules, is guilty of an offence and liable</Text><Paragraph><Label>(a)</Label><Text>on conviction on indictment</Text><Subparagraph><Label>(i)</Label><Text>in the case of an individual, to a fine not exceeding $10,000 or to imprisonment for a term not exceeding one year or to both, or</Text></Subparagraph><Subparagraph><Label>(ii)</Label><Text>in the case of a corporation, to a fine not exceeding $200,000; or</Text></Subparagraph></Paragraph><Paragraph><Label>(b)</Label><Text>on summary conviction</Text><Subparagraph><Label>(i)</Label><Text>in the case of an individual, to a fine not exceeding $5,000 or to imprisonment for a term not exceeding six months or to both, or</Text></Subparagraph><Subparagraph><Label>(ii)</Label><Text>in the case of a corporation, to a fine not exceeding $100,000.</Text></Subparagraph></Paragraph></Section><Section><Label>11.1</Label><Text><Repealed>[Repealed, 2008, c. 21, s. 64]</Repealed></Text></Section><Heading level="1"><TitleText>Exemptions</TitleText></Heading><Section><MarginalNote>Exemption by Minister</MarginalNote><Label>12</Label><Text>The Minister may, on any terms and conditions the Minister considers necessary, exempt any person, vessel or marine facility from the application of any regulation, security measure or security rule if, in the opinion of the Minister, the exemption is in the public interest and is not likely to affect marine security.</Text></Section><Heading level="1"><TitleText>Confidentiality of Security Measures and Security Rules</TitleText></Heading><Section><MarginalNote>Prohibition against disclosure</MarginalNote><Label>13</Label><Subsection><Label>(1)</Label><Text>No person shall disclose to any other person the substance of a security measure, security rule or proposed security rule unless the disclosure is</Text><Paragraph><Label>(a)</Label><Text>authorized by the Minister;</Text></Paragraph><Paragraph><Label>(b)</Label><Text>ordered by a court or other body under section 14;</Text></Paragraph><Paragraph><Label>(c)</Label><Text>required by any law; or</Text></Paragraph><Paragraph><Label>(d)</Label><Text>necessary to give effect to the measure or rule.</Text></Paragraph></Subsection><Subsection><MarginalNote>Offence</MarginalNote><Label>(2)</Label><Text>Every person who contravenes subsection (1) is guilty of an offence punishable on summary conviction and liable</Text><Paragraph><Label>(a)</Label><Text>in the case of an individual, to a fine not exceeding $5,000 or to imprisonment for a term not exceeding six months or to both; or</Text></Paragraph><Paragraph><Label>(b)</Label><Text>in the case of a corporation, to a fine not exceeding $100,000.</Text></Paragraph></Subsection></Section><Section><MarginalNote>Court to inform Minister</MarginalNote><Label>14</Label><Subsection><Label>(1)</Label><Text>Where a request is made for the production or discovery of a security measure, security rule or proposed security rule in any proceeding before a court or other body having jurisdiction to compel its production or discovery, the court or other body shall</Text><Paragraph><Label>(a)</Label><Text>notify the Minister of the request, if the Minister is not a party to the proceeding; and</Text></Paragraph><Paragraph><Label>(b)</Label><Text>examine the measure or rule in a hearing closed to the public and give the Minister a reasonable opportunity to make representations with respect to it.</Text></Paragraph></Subsection><Subsection><MarginalNote>Order for production and discovery</MarginalNote><Label>(2)</Label><Text>If the court or other body concludes that the public interest in the proper administration of justice outweighs the interests that would be protected by non-disclosure, the court or other body</Text><Paragraph><Label>(a)</Label><Text>shall order the production and discovery of the measure or rule, subject to any restrictions or conditions that the court or other body considers appropriate; and</Text></Paragraph><Paragraph><Label>(b)</Label><Text>may require any person to give evidence relating to the measure or rule.</Text></Paragraph></Subsection></Section><Section><MarginalNote>Security measures and security rules not statutory instruments</MarginalNote><Label>15</Label><Text>Security measures and security rules are not statutory instruments for the purposes of the <XRefExternal reference-type="act">Statutory Instruments Act</XRefExternal>.</Text></Section><Heading level="1"><TitleText>Directions to Vessels</TitleText></Heading><Section><MarginalNote>Security threats</MarginalNote><Label>16</Label><Subsection><Label>(1)</Label><Text>Where the Minister has reasonable grounds to believe that a vessel is a threat to the security of any person or thing, including any goods, vessel or marine facility, the Minister may direct the vessel</Text><Paragraph><Label>(a)</Label><Text>to proceed to a place specified by the Minister in accordance with any instructions the Minister may give regarding the route and manner of proceeding and to remain at the place until the Minister is satisfied that the security threat no longer exists;</Text></Paragraph><Paragraph><Label>(b)</Label><Text>to proceed out of Canada in accordance with any instructions the Minister may give regarding the route and manner of proceeding; or</Text></Paragraph><Paragraph><Label>(c)</Label><Text>to remain outside Canada.</Text></Paragraph></Subsection><Subsection><MarginalNote>Inadequate security measures</MarginalNote><Label>(2)</Label><Text>The Minister may direct that a vessel registered outside Canada remain outside Canada, proceed out of Canada or not enter or dock at a marine facility if the Minister has reasonable grounds to believe that the vessel or any persons or goods on board it have not been subjected to screening or other measures equivalent to the authorized screening or other measures that would apply under this Act if the vessel were registered in Canada.</Text></Subsection><Subsection><MarginalNote>Directions not statutory instruments</MarginalNote><Label>(3)</Label><Text>For greater certainty, a direction issued under this section is not a statutory instrument for the purposes of the <XRefExternal reference-type="act">Statutory Instruments Act</XRefExternal>, but no operator shall be found to have contravened the direction unless it is proved that, at the date of the alleged contravention, reasonable steps had been taken to bring the substance of the direction to the attention of the operator.</Text></Subsection><Subsection><MarginalNote>Evidence of notice</MarginalNote><Label>(4)</Label><Text>A certificate appearing to be signed by the Minister, stating that a notice containing the direction was given to the operator of the vessel, is evidence that reasonable steps were taken to bring its substance to the attention of the operator.</Text></Subsection></Section><Section><MarginalNote>Offences relating to directions</MarginalNote><Label>17</Label><Text>An operator of a vessel that contravenes a direction is guilty of an offence and liable</Text><Paragraph><Label>(a)</Label><Text>on conviction on indictment</Text><Subparagraph><Label>(i)</Label><Text>in the case of an individual, to a fine not exceeding $10,000 or to imprisonment for a term not exceeding one year or to both, or</Text></Subparagraph><Subparagraph><Label>(ii)</Label><Text>in the case of a corporation, to a fine not exceeding $200,000; or</Text></Subparagraph></Paragraph><Paragraph><Label>(b)</Label><Text>on summary conviction</Text><Subparagraph><Label>(i)</Label><Text>in the case of an individual, to a fine not exceeding $5,000 or to imprisonment for a term not exceeding six months or to both, or</Text></Subparagraph><Subparagraph><Label>(ii)</Label><Text>in the case of a corporation, to a fine not exceeding $100,000.</Text></Subparagraph></Paragraph></Section><Heading level="1"><TitleText>Notices to Operators</TitleText></Heading><Section><MarginalNote>Effect of giving notice</MarginalNote><Label>18</Label><Text>A notice given to an operator of a vessel or marine facility or to an agent of the operator is effective with respect to that operator and any other operator of the vessel or marine facility.</Text></Section><Heading level="1"><TitleText>Screening</TitleText></Heading><Section><MarginalNote>Definition of <DefinedTermEn>designation</DefinedTermEn></MarginalNote><Label>19</Label><Text>For the purposes of sections 19.1 to 19.8, <DefinedTermEn>designation</DefinedTermEn> includes any privilege accorded by a designation.</Text><HistoricalNote>1994, c. 40, s. 19; 2001, c. 29, s. 57.</HistoricalNote></Section><Section><MarginalNote>Designation of screening officers</MarginalNote><Label>19.1</Label><Text>The Minister may designate persons or classes of persons to act as screening officers for the purposes of this Act or any of its provisions.</Text><HistoricalNote>2001, c. 29, s. 57.</HistoricalNote></Section><Section><MarginalNote>Refusal to designate, etc.</MarginalNote><Label>19.2</Label><Subsection><Label>(1)</Label><Text>The Minister may refuse to designate a person as a screening officer under section 19.1, or may suspend, cancel or refuse to renew the designation of a person as a screening officer, if the Minister is of the opinion that the person is incompetent, does not meet the qualifications or fulfil the conditions required for the designation or ceases to meet the qualifications or fulfil the conditions of the designation.</Text></Subsection><Subsection><MarginalNote>Suspension or cancellation of designation for contraventions</MarginalNote><Label>(2)</Label><Text>The Minister may suspend or cancel the designation of a person as a screening officer if the Minister is of the opinion that the person has contravened this Act or any regulation, security measure or security rule, or any condition referred to in subsection 10(6).</Text></Subsection><Subsection><MarginalNote>Suspension for immediate threat</MarginalNote><Label>(3)</Label><Text>The Minister may suspend the designation of a person as a screening officer if the Minister is of the opinion that the exercise by the person of the functions of a screening officer constitutes, or is likely to constitute, an immediate threat to marine transportation security.</Text><HistoricalNote>2001, c. 29, s. 57.</HistoricalNote></Subsection></Section><Section><MarginalNote>Notice</MarginalNote><Label>19.3</Label><Subsection><Label>(1)</Label><Text>If the Minister decides to refuse to designate a person as a screening officer or decides to suspend, cancel or refuse to renew a person's designation as a screening officer, the Minister shall notify the person of that decision.</Text></Subsection><Subsection><MarginalNote>Contents of notice</MarginalNote><Label>(2)</Label><Text>A notice under subsection (1) shall include</Text><Paragraph><Label>(a)</Label><Text>the grounds for the Minister's decision; and</Text></Paragraph><Paragraph><Label>(b)</Label><Text>the address at which, and the date, being thirty days after the notice is given, on or before which, the person may file a request for a review of the decision.</Text></Paragraph></Subsection><Subsection><MarginalNote>Effective date of suspension or cancellation</MarginalNote><Label>(3)</Label><Text>In the case of a suspension or cancellation, the effective date of the decision shall not be earlier than</Text><Paragraph><Label>(a)</Label><Text>in the case of a decision made under subsection 19.2(1) or (3), the day that the notice was received by the person; and</Text></Paragraph><Paragraph><Label>(b)</Label><Text>in the case of a decision made under subsection 19.2(2), the thirtieth day after the notice is given.</Text></Paragraph></Subsection><HistoricalNote>2001, c. 29, s. 57.</HistoricalNote></Section><Section><MarginalNote>Request for review</MarginalNote><Label>19.4</Label><Subsection><Label>(1)</Label><Text>A person affected by a decision of the Minister under section 19.2 may, on or before the date specified in the notice under subsection 19.3(1) or within any further time that the Tribunal on application allows, file a written request for a review of the decision.</Text></Subsection><Subsection><MarginalNote>Effect of request</MarginalNote><Label>(2)</Label><Text>A request under subsection (1) for a review of a decision of the Minister does not operate as a stay of the decision.</Text></Subsection><Subsection><MarginalNote>Exception</MarginalNote><Label>(3)</Label><Text>On application in writing by the person affected by a decision made under subsection 19.2(2), after giving any notice to the Minister that is, in the member's opinion, necessary and after considering any representations made by the parties, a member of the Tribunal assigned for the purpose may grant a stay of the decision until the review is completed, unless he or she is of the opinion that granting a stay would constitute a threat to marine transportation security.</Text></Subsection><HistoricalNote>2001, c. 29, s. 57.</HistoricalNote></Section><Section><MarginalNote>Time and place for review</MarginalNote><Label>19.5</Label><Subsection><Label>(1)</Label><Text>On receipt of a request filed under subsection 19.4(1), the Tribunal shall appoint a time and place for the review and shall notify the Minister and the person who filed the request of the time and place in writing.</Text></Subsection><Subsection><MarginalNote>Review procedure</MarginalNote><Label>(2)</Label><Text>The member of the Tribunal assigned to conduct the review shall provide the Minister and the person who filed the request with an opportunity consistent with procedural fairness and natural justice to present evidence and make representations.</Text></Subsection><Subsection><MarginalNote>Person not compelled to testify</MarginalNote><Label>(3)</Label><Text>In a review of a decision made under subsection 19.2(2), the person who filed the request for the review is not required, and shall not be compelled, to give any evidence or testimony in the matter.</Text></Subsection><Subsection><MarginalNote>Determination</MarginalNote><Label>(4)</Label><Text>The member may</Text><Paragraph><Label>(a)</Label><Text>in the case of a decision made under subsection 19.2(1) or (3), confirm the decision or refer the matter back to the Minister for reconsideration; or</Text></Paragraph><Paragraph><Label>(b)</Label><Text>in the case of a decision made under subsection 19.2(2), confirm the decision or substitute his or her own determination.</Text></Paragraph></Subsection><HistoricalNote>2001, c. 29, s. 57.</HistoricalNote></Section><Section><MarginalNote>Right of appeal</MarginalNote><Label>19.6</Label><Subsection><Label>(1)</Label><Text>Within thirty days after the determination,</Text><Paragraph><Label>(a)</Label><Text>a person affected by the determination may appeal a determination made under paragraph 19.5(4)(a) to the Tribunal; or</Text></Paragraph><Paragraph><Label>(b)</Label><Text>a person affected by the determination or the Minister may appeal a determination made under paragraph 19.5(4)(b) to the Tribunal.</Text></Paragraph></Subsection><Subsection><MarginalNote>Loss of right of appeal</MarginalNote><Label>(2)</Label><Text>A party that does not appear at a review hearing is not entitled to appeal a determination, unless they establish that there was sufficient reason to justify their absence.</Text></Subsection><Subsection><MarginalNote>Disposition of appeal</MarginalNote><Label>(3)</Label><Text>The appeal panel of the Tribunal assigned to hear the appeal may</Text><Paragraph><Label>(a)</Label><Text>in the case of a determination made under paragraph 19.5(4)(a), dismiss the appeal or refer the matter back to the Minister for reconsideration; or</Text></Paragraph><Paragraph><Label>(b)</Label><Text>in the case of a determination made under paragraph 19.5(4)(b), dismiss the appeal, or allow the appeal and substitute its own decision.</Text></Paragraph></Subsection><HistoricalNote>2001, c. 29, s. 57.</HistoricalNote></Section><Section><MarginalNote>Decision to remain in effect pending reconsideration</MarginalNote><Label>19.7</Label><Text>If a matter is referred back to the Minister for reconsideration under paragraph 19.5(4)(a) or 19.6(3)(a), the decision of the Minister under subsection 19.2(1) or (3) to suspend or cancel a designation remains in effect until the reconsideration is concluded. However, the member who made the determination or the appeal panel, after considering any representations made by the parties, may grant a stay of a decision under subsection 19.2(1) to suspend or cancel a designation until the reconsideration is concluded, if the member or panel is satisfied that granting a stay would not constitute a threat to marine transportation security.</Text><HistoricalNote>2001, c. 29, s. 57.</HistoricalNote></Section><Section><MarginalNote>Reconsideration</MarginalNote><Label>19.8</Label><Subsection><Label>(1)</Label><Text>In the case of a decision made under subsection 19.2(3), if the appeal panel has, on an appeal under section 19.6, dismissed the appeal or if the Minister has, after reconsidering the matter pursuant to paragraph 19.5(4)(a) or 19.6(3)(a), confirmed the suspension, the person affected by the decision may, in writing, request the Minister to reconsider whether the exercise by the person of the functions of a screening officer continues to constitute, or is likely to continue to constitute, an immediate threat to marine transportation security.</Text></Subsection><Subsection><MarginalNote>Procedure applicable</MarginalNote><Label>(2)</Label><Text>On the receipt of a request by a person under subsection (1), the Minister shall without delay conduct the reconsideration and inform the person of his or her decision regarding the request. Sections 19.3 to 19.7 apply in respect of that decision with any modifications that are necessary.</Text></Subsection><HistoricalNote>2001, c. 29, s. 57.</HistoricalNote></Section><Section><MarginalNote>Screening before boarding</MarginalNote><Label>20</Label><Subsection><Label>(1)</Label><Text>A screening officer may require a person or any goods to undergo authorized screening before the person or goods come on board a vessel or enter a restricted area and, where so required,</Text><Paragraph><Label>(a)</Label><Text>the person shall not board the vessel or enter the restricted area unless the person has undergone the authorized screening; and</Text></Paragraph><Paragraph><Label>(b)</Label><Text>no person shall bring the goods on board the vessel or into the restricted area unless the goods have undergone the authorized screening.</Text></Paragraph></Subsection><Subsection><MarginalNote>Screening after boarding or in restricted areas</MarginalNote><Label>(2)</Label><Text>A screening officer may require a person on board a vessel or in a restricted area to undergo authorized screening and, if the person refuses,</Text><Paragraph><Label>(a)</Label><Text>the officer may order the person to leave the vessel or restricted area and to remove from it any goods that the person took or had placed there; and</Text></Paragraph><Paragraph><Label>(b)</Label><Text>the person shall leave the vessel or restricted area and remove or permit the removal of the goods immediately or, in the case of a vessel that is not docked, at the first reasonable opportunity.</Text></Paragraph></Subsection><Subsection><MarginalNote>Unaccompanied goods</MarginalNote><Label>(3)</Label><Text>A screening officer may carry out authorized screening of any goods that are received at a marine facility for transport on a vessel and are not accompanied by a person who may give permission for the screening and the officer may use any force that is reasonably necessary to gain access to the goods.</Text></Subsection><Subsection><MarginalNote>False or misleading information</MarginalNote><Label>(4)</Label><Text>Every person who knowingly makes any false or misleading statement to a screening officer, or knowingly provides false or misleading information to a screening officer, is guilty of an offence punishable on summary conviction and liable to a fine not exceeding $5,000 or to imprisonment for a term not exceeding six months or to both.</Text></Subsection><Subsection><MarginalNote>Circumventing authorized screening</MarginalNote><Label>(5)</Label><Text>Every person who contravenes subsection (2) or who wilfully circumvents authorized screening in any manner is guilty of an offence and liable</Text><Paragraph><Label>(a)</Label><Text>on conviction on indictment, to a fine not exceeding $10,000 or to imprisonment for a term not exceeding one year or to both; or</Text></Paragraph><Paragraph><Label>(b)</Label><Text>on summary conviction, to a fine not exceeding $5,000 or to imprisonment for a term not exceeding six months or to both.</Text></Paragraph></Subsection></Section><Section><MarginalNote>Operators to post notices</MarginalNote><Label>21</Label><Subsection><Label>(1)</Label><Text>When authorized screening is required or authorized on a vessel or at a marine facility, the operator of the vessel or facility shall post notices stating that</Text><Paragraph><Label>(a)</Label><Text>authorized screening is being carried out;</Text></Paragraph><Paragraph><Label>(b)</Label><Text>no person is obliged to undergo authorized screening of their person if they choose not to board a vessel or enter a restricted area; and</Text></Paragraph><Paragraph><Label>(c)</Label><Text>no person is obliged to permit authorized screening of their goods if they choose not to have the goods placed on board the vessel or in the restricted area.</Text></Paragraph></Subsection><Subsection><MarginalNote>Placement and languages of notices</MarginalNote><Label>(2)</Label><Text>The notices must be posted in prominent places where authorized screening is carried out and they must be written in both of the official languages of Canada and may, in addition, be written in any other language.</Text></Subsection><Subsection><MarginalNote>Offence</MarginalNote><Label>(3)</Label><Text>Every person who contravenes this section is guilty of an offence punishable on summary conviction and liable</Text><Paragraph><Label>(a)</Label><Text>in the case of an individual, to a fine not exceeding $1,000; or</Text></Paragraph><Paragraph><Label>(b)</Label><Text>in the case of a corporation, to a fine not exceeding $10,000.</Text></Paragraph></Subsection></Section><Heading level="1"><TitleText>Enforcement</TitleText></Heading><Section><MarginalNote>Designation of security inspectors</MarginalNote><Label>22</Label><Subsection><Label>(1)</Label><Text>The Minister may designate persons or classes of persons whom the Minister considers qualified to act as security inspectors for the purposes of this Act or any of its provisions.</Text></Subsection><Subsection><MarginalNote>Certificate of designation</MarginalNote><Label>(2)</Label><Text>The Minister shall furnish every security inspector with a certificate of designation as a security inspector and, on entering any place or inspecting anything, a security inspector shall show the certificate to the person apparently in charge of the place or thing if the person requests proof of the security inspector’s designation.</Text></Subsection></Section><Section><MarginalNote>Inspection of vessels and marine facilities</MarginalNote><Label>23</Label><Subsection><Label>(1)</Label><Text>For the purpose of ensuring compliance with this Act and any regulation, security measure or security rule, a security inspector may at any reasonable time, but subject to subsection (3), board and inspect any vessel or enter and inspect any marine facility if the inspector is designated to inspect the vessel or facility.</Text></Subsection><Subsection><MarginalNote>Powers of inspector</MarginalNote><Label>(2)</Label><Text>When conducting the inspection, the security inspector may</Text><Paragraph><Label>(a)</Label><Text>require the attendance of and question any person who the inspector considers will be able to assist in the inspection;</Text></Paragraph><Paragraph><Label>(b)</Label><Text>require any person to produce for inspection and copying any document that the inspector believes, on reasonable grounds, contains any information relevant to the administration of this Act or the regulation, security measure or security rule;</Text></Paragraph><Paragraph><Label>(c)</Label><Text>seize anything found in the course of the inspection that the inspector believes, on reasonable grounds, will afford evidence with respect to an offence under this Act; and</Text></Paragraph><Paragraph><Label>(d)</Label><Text>detain any vessel that the inspector believes, on reasonable grounds, is a threat to the security of any person, goods, vessel or marine facility, until the inspector is satisfied that the vessel is no longer such a threat.</Text></Paragraph></Subsection><Subsection><MarginalNote>Warrant required to enter dwelling-place</MarginalNote><Label>(3)</Label><Text>A security inspector may not enter a dwelling-place except under the authority of a warrant or with the consent of the occupant or person apparently in charge of it.</Text></Subsection><Subsection><MarginalNote>Authority to issue warrant</MarginalNote><Label>(4)</Label><Text>Where on <Language xml:lang="la">ex parte</Language> application a justice, as defined in section 2 of the <XRefExternal reference-type="act">Criminal Code</XRefExternal>, is satisfied by information on oath that</Text><Paragraph><Label>(a)</Label><Text>the conditions for entry described in subsection (1) exist in relation to a dwelling-place,</Text></Paragraph><Paragraph><Label>(b)</Label><Text>entry is necessary for any purpose relating to the administration or enforcement of this Act, and</Text></Paragraph><Paragraph><Label>(c)</Label><Text>entry has been refused or there are reasonable grounds for believing that entry will be refused,</Text></Paragraph><ContinuedSectionSubsection><Text>the justice may at any time sign and issue a warrant authorizing the security inspector named in the warrant to enter the dwelling-place subject to any conditions that may be specified in the warrant.</Text></ContinuedSectionSubsection></Subsection><Subsection><MarginalNote>Use of force</MarginalNote><Label>(5)</Label><Text>The security inspector who executes the warrant shall not use force unless the inspector is accompanied by a peace officer and the use of force has been specifically authorized in the warrant.</Text></Subsection></Section><Section><MarginalNote>Search and seizure</MarginalNote><Label>24</Label><Text>For greater certainty, sections 487 to 492 of the <XRefExternal reference-type="act">Criminal Code</XRefExternal> apply in relation to this Act, but a security inspector may exercise the powers of search and seizure provided in section 487 without a warrant if the conditions for obtaining a warrant exist but the circumstances are such that the delay necessary to obtain a warrant would result in danger to human life or safety.</Text></Section><Section><MarginalNote>Assistance to inspectors</MarginalNote><Label>25</Label><Subsection><Label>(1)</Label><Text>The operator of any vessel or marine facility boarded or entered by a security inspector who is carrying out functions under this Act, and every person found there, shall give the inspector all reasonable assistance in that person’s power to enable the inspector to carry out those functions.</Text></Subsection><Subsection><MarginalNote>Obstruction of inspectors</MarginalNote><Label>(2)</Label><Text>When a security inspector is carrying out functions under this Act, no person shall fail to comply with any reasonable request of the inspector or otherwise wilfully obstruct the inspector.</Text></Subsection><Subsection><MarginalNote>Other prohibitions</MarginalNote><Label>(3)</Label><Text>No person shall</Text><Paragraph><Label>(a)</Label><Text>knowingly make any false or misleading statement or knowingly provide false or misleading information to a security inspector or other person carrying out functions under this Act;</Text></Paragraph><Paragraph><Label>(b)</Label><Text>wilfully destroy any record or document required to be kept under this Act;</Text></Paragraph><Paragraph><Label>(c)</Label><Text>make a false entry in a record required to be kept under this Act with intent to mislead, or wilfully omit to make any entry in such a record;</Text></Paragraph><Paragraph><Label>(d)</Label><Text>remove, alter or interfere in any way with anything seized by a security inspector, except with the inspector’s permission; or</Text></Paragraph><Paragraph><Label>(e)</Label><Text>wilfully operate a vessel that has been detained under this Act, unless authorized to do so under this Act.</Text></Paragraph></Subsection><Subsection><MarginalNote>Offence</MarginalNote><Label>(4)</Label><Text>Every person who contravenes this section is guilty of an offence and liable</Text><Paragraph><Label>(a)</Label><Text>on conviction on indictment</Text><Subparagraph><Label>(i)</Label><Text>in the case of an individual, to a fine not exceeding $10,000 or to imprisonment for a term not exceeding one year or to both, or</Text></Subparagraph><Subparagraph><Label>(ii)</Label><Text>in the case of a corporation, to a fine not exceeding $200,000; or</Text></Subparagraph></Paragraph><Paragraph><Label>(b)</Label><Text>on summary conviction</Text><Subparagraph><Label>(i)</Label><Text>in the case of an individual, to a fine not exceeding $5,000 or to imprisonment for a term not exceeding six months or to both, or</Text></Subparagraph><Subparagraph><Label>(ii)</Label><Text>in the case of a corporation, to a fine not exceeding $100,000.</Text></Subparagraph></Paragraph></Subsection></Section><Heading level="1"><TitleText>General Provisions Relating to Offences</TitleText></Heading><Section><MarginalNote>Continuing offence</MarginalNote><Label>26</Label><Text>Where an offence is committed or continued on more than one day, the person who committed it is liable to be convicted of a separate offence for each day on which the offence is committed or continued.</Text></Section><Section><MarginalNote>Limitation period for summary conviction offences</MarginalNote><Label>27</Label><Text>Proceedings by way of summary conviction may be instituted at any time within, but not later than, two years after the day on which the subject-matter of the proceedings arose.</Text></Section><Section><MarginalNote>Offence by employee or agent</MarginalNote><Label>28</Label><Subsection><Label>(1)</Label><Text>A person is liable to be convicted of an offence committed by their employee or agent, whether or not the employee or agent has been identified, prosecuted or convicted.</Text></Subsection><Subsection><MarginalNote>Liability of operator of a vessel</MarginalNote><Label>(2)</Label><Text>The operator of a vessel is liable to be convicted of an offence committed in relation to the vessel by another person, whether or not the other person has been identified, prosecuted or convicted, but no person shall be convicted under this subsection if it is established that, without the operator’s consent, the vessel was in the possession of another person at the time of the offence.</Text></Subsection><Subsection><MarginalNote>Liability of operator of marine facility</MarginalNote><Label>(3)</Label><Text>The operator of a marine facility is liable to be convicted of an offence committed with their consent by another person in relation to the facility, whether or not the other person has been identified, prosecuted or convicted.</Text></Subsection><Subsection><MarginalNote>Officers, etc., of corporation</MarginalNote><Label>(4)</Label><Text>An officer, director or agent of a corporation that commits an offence under this Act is liable to be convicted of the offence if he or she directed, authorized, assented to, acquiesced in or participated in the commission of the offence, whether or not the corporation has been prosecuted or convicted.</Text></Subsection><HistoricalNote>1994, c. 40, s. 28; 2001, c. 29, s. 58(F).</HistoricalNote></Section><Section><MarginalNote>Defence</MarginalNote><Label>29</Label><Text>For greater certainty, no person is liable to be convicted of an offence if the person exercised all due diligence to prevent its commission.</Text></Section><Section><MarginalNote>Things seized or detained</MarginalNote><Label>30</Label><Text>Where a proceeding is commenced in respect of an offence involving anything seized or detained under this Act and it is detained until the final conclusion of the proceeding, it must be returned to its lawful owner or to the person lawfully entitled to its possession, unless that person has been convicted of an offence under this Act, in which case it may be detained until any fine imposed on conviction has been paid, or it may be sold in satisfaction of the fine or any part of it.</Text></Section><Section><MarginalNote>Recovery of fines</MarginalNote><Label>31</Label><Subsection><Label>(1)</Label><Text>Where a fine imposed on a person convicted of an offence is not paid when required, the conviction may be registered in the superior court of the province in which the trial was held and, when registered, has the same effect as if the conviction were a judgment of that court obtained by Her Majesty in right of Canada against the convicted person for a debt in the amount of the fine.</Text></Subsection><Subsection><MarginalNote>Recovery of costs</MarginalNote><Label>(2)</Label><Text>All reasonable costs involved in registering the conviction are recoverable in the same way as if they were part of the fine.</Text></Subsection></Section><Heading level="1"><TitleText>Administrative Penalties</TitleText></Heading><Heading level="2"><TitleText>Interpretation</TitleText></Heading><Section><MarginalNote>Definition of <DefinedTermEn>violation</DefinedTermEn></MarginalNote><Label>32</Label><Text>In sections 33 to 51, <DefinedTermEn>violation</DefinedTermEn> means a contravention of a provision that is designated as a violation by the regulations.</Text><HistoricalNote>1994, c. 40, s. 32; 2001, c. 29, s. 59.</HistoricalNote></Section><Heading level="2"><TitleText>Assurances of Compliance and Notices of Violation</TitleText></Heading><Section><MarginalNote>If reasonable grounds to believe a violation</MarginalNote><Label>33</Label><Subsection><Label>(1)</Label><Text>If the Minister has reasonable grounds to believe that a person has committed a violation, the Minister may</Text><Paragraph><Label>(a)</Label><Text>enter into an assurance of compliance with the person that</Text><Subparagraph><Label>(i)</Label><Text>identifies the violation and provides that the person will comply with the provision to which the violation relates within the period, and be subject to the terms and conditions, specified in the assurance,</Text></Subparagraph><Subparagraph><Label>(ii)</Label><Text>sets out the amount and form of any security that, pending compliance with the assurance, must be deposited with the Minister, and</Text></Subparagraph><Subparagraph><Label>(iii)</Label><Text>sets out the penalty, fixed by or within the range fixed by the regulations, that the person would have been liable to pay for the violation if the assurance had not been entered into; or</Text></Subparagraph></Paragraph><Paragraph><Label>(b)</Label><Text> issue, and cause to be served on the person, a notice of violation that names the person, identifies the violation and sets out</Text><Subparagraph><Label>(i)</Label><Text>the penalty, fixed by or within the range fixed by the regulations, that the person is liable to pay for the violation,</Text></Subparagraph><Subparagraph><Label>(ii)</Label><Text>the period, being thirty days after notice is served, within which the penalty must be paid or a review must be requested, and</Text></Subparagraph><Subparagraph><Label>(iii)</Label><Text>particulars of the manner in which, and the address at which, the penalty must be paid or a review requested.</Text></Subparagraph></Paragraph></Subsection><Subsection><MarginalNote>Extension of period</MarginalNote><Label>(2)</Label><Text>The Minister may extend the period specified under subparagraph (1)(a)(i) if the Minister is satisfied that the person is unable to comply with the assurance of compliance for reasons beyond the person's control.</Text></Subsection><Subsection><MarginalNote>Short-form descriptions in notices of violation</MarginalNote><Label>(3)</Label><Text>The Minister may establish, in respect of each violation, a short-form description to be used in notices of violation.</Text></Subsection><HistoricalNote>2001, c. 29, s. 59.</HistoricalNote></Section><Section><MarginalNote>Deemed violation</MarginalNote><Label>34</Label><Subsection><Label>(1)</Label><Text>A person who enters into an assurance of compliance under paragraph 33(1)(a) is, unless a review is requested under subsection (2), deemed to have committed the violation in respect of which the assurance was entered into.</Text></Subsection><Subsection><MarginalNote>Request for review</MarginalNote><Label>(2)</Label><Text>A person who enters into an assurance of compliance may, within forty-eight hours after the assurance is signed, unless a notice of default is served within that period under subsection 36(1), file a request with the Tribunal for a review of the facts of the violation, in which case the assurance is deemed to be a notice of violation and a review under subsection 39(1) of the facts of the violation and of the amount of the penalty is deemed to have been requested.</Text></Subsection><HistoricalNote>2001, c. 29, s. 59.</HistoricalNote></Section><Section><MarginalNote>When assurance of compliance complied with</MarginalNote><Label>35</Label><Text>If the Minister is satisfied that an assurance of compliance under paragraph 33(1)(a) has been complied with, the Minister shall cause a notice to that effect to be served on the person and, on the service of the notice,</Text><Paragraph><Label>(a)</Label><Text>no further proceedings may be taken against the person with respect to the violation in respect of which the assurance was entered into; and</Text></Paragraph><Paragraph><Label>(b)</Label><Text>any security deposited under subparagraph 33(1)(a)(ii) must be returned to the person.</Text></Paragraph><HistoricalNote>2001, c. 29, s. 59.</HistoricalNote></Section><Section><MarginalNote>When assurance of compliance not complied with</MarginalNote><Label>36</Label><Subsection><Label>(1)</Label><Text>If the Minister is of the opinion that a person who has entered into an assurance of compliance has not complied with it, the Minister may cause a notice of default to be served on the person to the effect that, unless a member determines under section 37, or an appeal panel decides under section 40, that the assurance has been complied with,</Text><Paragraph><Label>(a)</Label><Text>the person is liable to pay double the amount of the penalty set out in the assurance; or</Text></Paragraph><Paragraph><Label>(b)</Label><Text>the security deposited under subparagraph 33(1)(a)(ii) is forfeited to Her Majesty in right of Canada.</Text></Paragraph></Subsection><Subsection><MarginalNote>Contents of notice</MarginalNote><Label>(2)</Label><Text>A notice under subsection (1) shall include the address at which, and the date, being thirty days after the notice is served, on or before which, a request for a review may be filed.</Text></Subsection><Subsection><MarginalNote>No set-off</MarginalNote><Label>(3)</Label><Text>On the service of a notice of default, the person served has no right of set-off against any amount spent by the person under the assurance of compliance.</Text></Subsection><HistoricalNote>2001, c. 29, s. 59.</HistoricalNote></Section><Section><MarginalNote>Request for review</MarginalNote><Label>37</Label><Subsection><Label>(1)</Label><Text>A person who is served with a notice under subsection 36(1) may, on or before the date specified in the notice or within any further time that the Tribunal on application allows, file a written request for a review.</Text></Subsection><Subsection><MarginalNote>Time and place for review</MarginalNote><Label>(2)</Label><Text>On receipt of a request filed under subsection (1), the Tribunal shall appoint a time and place for the review and shall notify the Minister and the person who filed the request of the time and place in writing.</Text></Subsection><Subsection><MarginalNote>Review procedure</MarginalNote><Label>(3)</Label><Text>The member of the Tribunal assigned to conduct the review shall provide the Minister and the person who filed the request with an opportunity consistent with procedural fairness and natural justice to present evidence and make representations.</Text></Subsection><Subsection><MarginalNote>Burden of proof</MarginalNote><Label>(4)</Label><Text>The burden is on the Minister to establish that the person did not comply with the assurance of compliance referred to in the notice. The person is not required, and shall not be compelled, to give any evidence or testimony in the matter.</Text></Subsection><Subsection><MarginalNote>Certain defences not available</MarginalNote><Label>(5)</Label><Text>A person does not have a defence by reason that the person exercised all due diligence to comply with the assurance of compliance.</Text></Subsection><Subsection><MarginalNote>Determination</MarginalNote><Label>(6)</Label><Text>The member may confirm the Minister's decision or determine that the person has complied with the assurance of compliance.</Text></Subsection><HistoricalNote>2001, c. 29, s. 59.</HistoricalNote></Section><Section><MarginalNote>Return of security</MarginalNote><Label>38</Label><Text>Any security deposited under subparagraph 33(1)(a)(ii) shall be returned to the person if</Text><Paragraph><Label>(a)</Label><Text>the person pays double the amount of the penalty set out in the assurance of compliance in accordance with a notice under subsection 36(1); or</Text></Paragraph><Paragraph><Label>(b)</Label><Text>a member determines under subsection 37(6), or an appeal panel decides under subsection 40(3), that the assurance has been complied with.</Text></Paragraph><HistoricalNote>2001, c. 29, s. 59.</HistoricalNote></Section><Section><MarginalNote>Notice of violation</MarginalNote><Label>39</Label><Subsection><Label>(1)</Label><Text>A person served with a notice of violation under paragraph 33(1)(b) must</Text><Paragraph><Label>(a)</Label><Text>pay the amount of the penalty; or</Text></Paragraph><Paragraph><Label>(b)</Label><Text>within thirty days after being served or any further time that the Tribunal on application allows, file with the Tribunal a written request for a review of the facts of the violation or the amount of the penalty.</Text></Paragraph></Subsection><Subsection><MarginalNote>When review not requested</MarginalNote><Label>(2)</Label><Text>If a review of the facts of the violation is not requested, the person is deemed to have committed the violation in respect of which the notice was served.</Text></Subsection><Subsection><MarginalNote>Time and place for review</MarginalNote><Label>(3)</Label><Text>On receipt of a request filed under paragraph (1)(b), the Tribunal shall appoint a time and place for the review and shall notify the Minister and the person who filed the request of the time and place in writing.</Text></Subsection><Subsection><MarginalNote>Review procedure</MarginalNote><Label>(4)</Label><Text>The member of the Tribunal assigned to conduct the review shall provide the Minister and the person who filed the request with an opportunity consistent with procedural fairness and natural justice to present evidence and make representations.</Text></Subsection><Subsection><MarginalNote>Burden of proof</MarginalNote><Label>(5)</Label><Text>The burden is on the Minister to establish that the person committed the violation referred to in the notice. The person is not required, and shall not be compelled, to give any evidence or testimony in the matter.</Text></Subsection><Subsection><MarginalNote>Determination</MarginalNote><Label>(6)</Label><Text>The member may confirm the Minister's decision or, subject to any regulations made under paragraph 51(c), substitute his or her own determination.</Text></Subsection><HistoricalNote>2001, c. 29, s. 59.</HistoricalNote></Section><Section><MarginalNote>Right of appeal</MarginalNote><Label>40</Label><Subsection><Label>(1)</Label><Text>The Minister or the person who requested the review of the decision may appeal a determination made under subsection 37(6) or 39(6) to the Tribunal within thirty days after the determination.</Text></Subsection><Subsection><MarginalNote>Loss of right of appeal</MarginalNote><Label>(2)</Label><Text>A party that does not appear at a review hearing is not entitled to appeal a determination, unless they establish that there was sufficient reason to justify their absence.</Text></Subsection><Subsection><MarginalNote>Disposition of appeal</MarginalNote><Label>(3)</Label><Text>The appeal panel of the Tribunal assigned to hear the appeal may</Text><Paragraph><Label>(a)</Label><Text>in the case of a determination made under subsection 37(6), dismiss the appeal or allow the appeal and substitute its own decision; or</Text></Paragraph><Paragraph><Label>(b)</Label><Text>in the case of a determination made under subsection 39(6), dismiss the appeal, or allow the appeal and, subject to regulations made under paragraph 51(c), substitute its own decision.</Text></Paragraph></Subsection><HistoricalNote>2001, c. 29, s. 59.</HistoricalNote></Section><Heading level="2"><TitleText>Choice of Proceedings</TitleText></Heading><Section><MarginalNote>How contravention may be proceeded with</MarginalNote><Label>41</Label><Text>If a contravention can be proceeded with as a violation or as an offence, the Minister may commence proceedings in respect of that contravention as a violation or recommend that it be proceeded with as an offence, but it may be proceeded with only as one or the other.</Text><HistoricalNote>2001, c. 29, s. 59.</HistoricalNote></Section><Heading level="2"><TitleText>Recovery of Debts</TitleText></Heading><Section><MarginalNote>Debts due to Her Majesty</MarginalNote><Label>42</Label><Text>The following amounts constitute debts due to Her Majesty in right of Canada that may be recovered in a court of competent jurisdiction:</Text><Paragraph><Label>(a)</Label><Text>unless a review of the amount of a penalty is requested under subsection 39(1), the amount of the penalty, from the time the notice of violation that sets out the penalty is served;</Text></Paragraph><Paragraph><Label>(b)</Label><Text>the amount of a penalty set out in a notice of default referred to in subsection 36(1), from the time the notice under that subsection is served;</Text></Paragraph><Paragraph><Label>(c)</Label><Text>the amount of a penalty determined by a member under section 39, or decided by an appeal panel under section 40, from the time of the respective determination or decision; and</Text></Paragraph><Paragraph><Label>(d)</Label><Text>the amount of any reasonable expenses incurred in attempting to recover an amount referred to in any of paragraphs (a) to (c).</Text></Paragraph><HistoricalNote>2001, c. 29, s. 59.</HistoricalNote></Section><Section><MarginalNote>Certificate</MarginalNote><Label>43</Label><Subsection><Label>(1)</Label><Text>All or part of a debt referred to in section 42 in respect of which there is a default of payment may be certified by the Minister or the Tribunal, as the case may be.</Text></Subsection><Subsection><MarginalNote>Registration of certificate</MarginalNote><Label>(2)</Label><Text>On production to the Federal Court, a certificate shall be registered. When it is registered, a certificate has the same force and effect, and proceedings may be taken in connection with it, as if it were a judgment obtained in that Court for a debt of the amount specified in it and all reasonable costs and charges attendant on its registration.</Text></Subsection><HistoricalNote>2001, c. 29, s. 59.</HistoricalNote></Section><Heading level="2"><TitleText>Rules of Law about Violations</TitleText></Heading><Section><MarginalNote>Violations are not offences</MarginalNote><Label>44</Label><Text>For greater certainty, a violation is not an offence and, accordingly, section 126 of the  <XRefExternal reference-type="act">Criminal Code</XRefExternal> does not apply.</Text><HistoricalNote>2001, c. 29, s. 59.</HistoricalNote></Section><Section><MarginalNote>Defence</MarginalNote><Label>45</Label><Text>For greater certainty, no person is liable for the commission of a violation if the person exercised all due diligence to prevent the commission.</Text><HistoricalNote>2001, c. 29, s. 59.</HistoricalNote></Section><Section><MarginalNote>Violation by employee or agent</MarginalNote><Label>46</Label><Subsection><Label>(1)</Label><Text>A person is liable for a violation committed by their employee or agent, whether or not the employee or agent has been identified or proceeded against under sections 33 to 43.</Text></Subsection><Subsection><MarginalNote>Liability of operator of a vessel</MarginalNote><Label>(2)</Label><Text>The operator of a vessel is liable for a violation committed in relation to the vessel by another person, whether or not the other person has been identified or proceeded against under sections 33 to 43 unless, at the time of the violation, the vessel was in the possession of another person without the operator's consent.</Text></Subsection><Subsection><MarginalNote>Liability of operator of marine facility</MarginalNote><Label>(3)</Label><Text>The operator of a marine facility is liable for a violation committed with their consent by another person in relation to the facility, whether or not the other person has been identified or proceeded against under sections 33 to 43.</Text></Subsection><Subsection><MarginalNote>Officers, etc., of corporation</MarginalNote><Label>(4)</Label><Text>An officer, director or agent of a corporation that commits a violation under this Act is a party to and liable for the violation if he or she directed, authorized, assented to, acquiesced in or participated in the commission of the violation, whether or not the corporation has been identified or proceeded against under sections 33 to 43.</Text></Subsection><HistoricalNote>2001, c. 29, s. 59.</HistoricalNote></Section><Heading level="2"><TitleText>General Provisions</TitleText></Heading><Section><MarginalNote>Notations removed</MarginalNote><Label>47</Label><Subsection><Label>(1)</Label><Text>Unless the Minister is of the opinion that it is not in the public interest to do so, five years after the last day on which any of the following events occurs, the Minister is to remove every notation of violation or default, and every suspension or cancellation of the designation of or refusal to designate or to renew the designation of a person as a screening officer on prescribed grounds, from any records that the Minister may keep respecting the person:</Text><Paragraph><Label>(a)</Label><Text>payment by the person of every penalty that the person is liable to pay after a notice of violation, a notice of default, a determination of a member of the Tribunal on review or a decision of an appeal panel of the Tribunal; or</Text></Paragraph><Paragraph><Label>(b)</Label><Text>the suspension or cancellation of the designation of, or the refusal to designate or to renew the designation of, the person as a screening officer under section 19.2.</Text></Paragraph></Subsection><Subsection><MarginalNote>Duty to notify</MarginalNote><Label>(2)</Label><Text>When the Minister is of the opinion that removal of a notation is not in the public interest, the Minister shall give notice of that fact to the person.</Text></Subsection><Subsection><MarginalNote>Contents of notice</MarginalNote><Label>(3)</Label><Text>A notice under subsection (2) shall provide all relevant information concerning the grounds on which the Minister has refused to remove the notation and shall include the address at which, and the date, being thirty days after the notice is served, on or before which, a request for a review may be filed.</Text></Subsection><Subsection><MarginalNote>Review</MarginalNote><Label>(4)</Label><Text>Subsections 37(1) to (3) apply in respect of a refusal to remove a notation, with any modifications that the circumstances require.</Text></Subsection><Subsection><MarginalNote>Determination</MarginalNote><Label>(5)</Label><Text>The member of the Tribunal assigned to conduct the review may confirm the Minister's decision or refer the matter back to the Minister for reconsideration.</Text></Subsection><Subsection><MarginalNote>Right of appeal</MarginalNote><Label>(6)</Label><Text>The person may, within thirty days after a determination is made under subsection (5), appeal the determination to the Tribunal.</Text></Subsection><Subsection><MarginalNote>Loss of right of appeal</MarginalNote><Label>(7)</Label><Text>If the person does not appear at the review hearing, the person is not entitled to appeal a determination unless they establish that there was sufficient reason to justify their absence.</Text></Subsection><Subsection><MarginalNote>Disposition of appeal</MarginalNote><Label>(8)</Label><Text>The appeal panel of the Tribunal assigned to hear the appeal may dismiss the appeal or refer the matter back to the Minister for reconsideration.</Text></Subsection><HistoricalNote>2001, c. 29, s. 59.</HistoricalNote></Section><Section><MarginalNote>Public record</MarginalNote><Label>48</Label><Text>The Minister shall keep a public record of notations of violations or default that appear on any record that the Minister may keep respecting persons under this Act.</Text><HistoricalNote>2001, c. 29, s. 59.</HistoricalNote></Section><Section><MarginalNote>Limitation period</MarginalNote><Label>49</Label><Text>No notice of violation may be issued more than two years after the Minister becomes aware of the violation.</Text><HistoricalNote>2001, c. 29, s. 59.</HistoricalNote></Section><Section><MarginalNote>Certificate of Minister</MarginalNote><Label>50</Label><Text>A document that purports to have been issued by the Minister and certifies the day on which the Minister became aware of a violation is evidence, without proof of the signature or official character of the person appearing to have signed the document, that the Minister became aware of the violation on that day.</Text><HistoricalNote>2001, c. 29, s. 59.</HistoricalNote></Section><Heading level="2"><TitleText>Regulations</TitleText></Heading><Section><MarginalNote>Regulations</MarginalNote><Label>51</Label><Text>The Governor in Council may make regulations</Text><Paragraph><Label>(a)</Label><Text>designating, as a violation that may be proceeded with in accordance with sections 33 to 46, 49 and 50, the contravention of a provision that is an offence under this Act;</Text></Paragraph><Paragraph><Label>(b)</Label><Text>designating violations that, if continued on more than one day, constitute a separate violation for each day on which they are continued;</Text></Paragraph><Paragraph><Label>(c)</Label><Text>designating violations that may be proceeded with by issuing notices of violation and fixing a penalty or a range of penalties in respect of each such violation, up to a maximum of $25,000 but in any event not greater than the maximum fine that would be payable if the violation were proceeded with by way of summary conviction; and</Text></Paragraph><Paragraph><Label>(d)</Label><Text>prescribing anything that by subsections 33 to 50 is to be prescribed.</Text></Paragraph><HistoricalNote>2001, c. 29, s. 59.</HistoricalNote></Section></Body><Schedule id="NifProvs"><ScheduleFormHeading type="amending"><TitleText>AMENDMENTS NOT IN FORCE</TitleText></ScheduleFormHeading><BillPiece><Heading level="5" style="nifrp"><TitleText>
                    — 2012, c. 17, s. 70</TitleText></Heading><Section type="amending"><MarginalNote><HistoricalNote>2001, c. 29, s. 56</HistoricalNote></MarginalNote><Label>70</Label><Subsection type="amending"><Label>(1)</Label><Text>The portion of subsection 5(2) of the <XRefExternal reference-type="act">Marine Transportation Security Act</XRefExternal> before paragraph (a) is replaced by the following:</Text><AmendedText include-in-TableOfProvisions="no"><Subsection><MarginalNote>Offences relating to regulations — general</MarginalNote><Label>(2)</Label><Text>Every person who contravenes a regulation made under subsection (1), other than a provision that sets out an obligation described in subsection (3), is guilty of an offence punishable on summary conviction and liable</Text></Subsection></AmendedText></Subsection><Subsection type="amending"><Label>(2)</Label><Text>Section 5 of the Act is amended by adding the following after subsection (2):</Text><AmendedText include-in-TableOfProvisions="no"><Subsection><MarginalNote>Offences — information to be reported before vessel enters Canadian waters</MarginalNote><Label>(3)</Label><Text>Every individual who contravenes, in a regulation made under subsection (1), a provision that sets out an obligation to provide information required to be reported before a vessel enters Canadian waters, is guilty of an offence and liable</Text><Paragraph><Label>(a)</Label><Text>on conviction on indictment, to a fine of not more than $75,000 or to imprisonment for a term of not more than one year or to both; or</Text></Paragraph><Paragraph><Label>(b)</Label><Text>on summary conviction, to a fine of not more than $50,000 or to imprisonment for a term of not more than six months or to both.</Text></Paragraph></Subsection></AmendedText></Subsection></Section><Heading level="5" style="nifrp"><TitleText>
                    — 2012, c. 17, s. 71</TitleText></Heading><Section type="amending"><Label>71</Label><Text>The Act is amended by adding the following after section 5:</Text><AmendedText include-in-TableOfProvisions="no"><Section><MarginalNote>Regulations — disclosure of information</MarginalNote><Label>5.1</Label><Subsection><Label>(1)</Label><Text>The Governor in Council may make regulations respecting the disclosure by the Minister to departments or agencies of the Government of Canada or members or agents of such departments or agencies, for the purpose of protecting the safety or security of Canada or Canadians, of information collected for the purposes of this Act in respect of any vessel referred to in subsection (2).</Text></Subsection><Subsection><MarginalNote>Vessels</MarginalNote><Label>(2)</Label><Text>The vessels in respect of which the information may be disclosed are those that, in the Minister’s opinion, may pose a threat to the safety or security of Canada or Canadians.</Text></Subsection></Section></AmendedText></Section><Heading level="5" style="nifrp"><TitleText>
                    — 2012, c. 17, s. 72</TitleText></Heading><Section type="amending"><Label>72</Label><Text>Section 17 of the Act is replaced by the following:</Text><AmendedText include-in-TableOfProvisions="no"><Section><MarginalNote>Offences relating to directions — operator</MarginalNote><Label>17</Label><Subsection><Label>(1)</Label><Text>An operator of a vessel that contravenes a direction is guilty of an offence and liable</Text><Paragraph><Label>(a)</Label><Text>on conviction on indictment</Text><Subparagraph><Label>(i)</Label><Text>in the case of an individual, for a first offence, to a fine of not more than $200,000 or to imprisonment for a term of not more than one year or to both, and, for any subsequent offence, to a fine of not more than $500,000 or to imprisonment for a term of not more than two years or to both, or</Text></Subparagraph><Subparagraph><Label>(ii)</Label><Text>in the case of a corporation, for a first offence, to a fine of not more than $500,000 and, for any subsequent offence, to a fine of not more than $1,000,000; or</Text></Subparagraph></Paragraph><Paragraph><Label>(b)</Label><Text>on summary conviction</Text><Subparagraph><Label>(i)</Label><Text>in the case of an individual, for a first offence, to a fine of not more than $100,000 or to imprisonment for a term of not more than six months or to both, and, for any subsequent offence, to a fine of not more than $200,000 or to imprisonment for a term of not more than one year or to both, or</Text></Subparagraph><Subparagraph><Label>(ii)</Label><Text>in the case of a corporation, for a first offence, to a fine of not more than $250,000 and, for any subsequent offence, to a fine of not more than $500,000.</Text></Subparagraph></Paragraph></Subsection><Subsection><MarginalNote>Offences relating to directions — vessel</MarginalNote><Label>(2)</Label><Text>A vessel that contravenes a direction is guilty of an offence and liable on summary conviction, for a first offence, to a fine of not more than $100,000 and, for any subsequent offence, to a fine of not more than $200,000.</Text></Subsection></Section></AmendedText></Section><Heading level="5" style="nifrp"><TitleText>
                    — 2012, c. 17, s. 73</TitleText></Heading><Section type="amending"><Label>73</Label><Subsection type="amending"><Label>(1)</Label><Text>The portion of subsection 25(4) of the Act before paragraph (a) is replaced by the following:</Text><AmendedText include-in-TableOfProvisions="no"><Subsection><MarginalNote>Offence</MarginalNote><Label>(4)</Label><Text>Every person who contravenes subsection (1) or (2) or any of paragraphs (3)(b) to (e) is guilty of an offence and liable</Text></Subsection></AmendedText></Subsection><Subsection type="amending"><Label>(2)</Label><Text>Section 25 of the Act is amended by adding the following after subsection (4):</Text><AmendedText include-in-TableOfProvisions="no"><Subsection><MarginalNote>Offence</MarginalNote><Label>(5)</Label><Text>Every person who contravenes paragraph (3)(a) is guilty of an offence and liable</Text><Paragraph><Label>(a)</Label><Text>on conviction on indictment</Text><Subparagraph><Label>(i)</Label><Text>in the case of an individual, for a first offence, to a fine of not more than $200,000 or to imprisonment for a term of not more than one year or to both, and, for any subsequent offence, to a fine of not more than $500,000 or to imprisonment for a term of not more than two years or to both, or</Text></Subparagraph><Subparagraph><Label>(ii)</Label><Text>in the case of a corporation, for a first offence, to a fine of not more than $500,000 and, for any subsequent offence, to a fine of not more than $1,000,000; or</Text></Subparagraph></Paragraph><Paragraph><Label>(b)</Label><Text>on summary conviction</Text><Subparagraph><Label>(i)</Label><Text>in the case of an individual, for a first offence, to a fine of not more than $100,000 or to imprisonment for a term of not more than six months or to both, and, for any subsequent offence, to a fine of not more than $200,000 or to imprisonment for a term of not more than one year or to both, or</Text></Subparagraph><Subparagraph><Label>(ii)</Label><Text>in the case of a corporation, for a first offence, to a fine of not more than $250,000 and, for any subsequent offence, to a fine of not more than $500,000.</Text></Subparagraph></Paragraph></Subsection></AmendedText></Subsection></Section><Heading level="5" style="nifrp"><TitleText>
                    — 2012, c. 17, s. 74</TitleText></Heading><Section type="amending"><Label>74</Label><Text>Section 26 of the English version of the Act is replaced by the following:</Text><AmendedText include-in-TableOfProvisions="no"><Section><MarginalNote>Continuing offence</MarginalNote><Label>26</Label><Text>If an offence is committed or continued on more than one day, the person or vessel that committed it is liable to be convicted of a separate offence for each day on which the offence is committed or continued.</Text></Section></AmendedText></Section><Heading level="5" style="nifrp"><TitleText>
                    — 2012, c. 17, s. 75</TitleText></Heading><Section type="amending"><Label>75</Label><Text>Section 28 of the Act is amended by adding the following after subsection (4):</Text><AmendedText include-in-TableOfProvisions="no"><Subsection><MarginalNote>Vessels — proof related to directions</MarginalNote><Label>(5)</Label><Text>In a prosecution of a vessel for an offence under subsection 17(2), evidence that a direction was given to the master or to any person on board who is, or appears to be, in command or charge of the vessel, other than the pilot, is, in the absence of evidence to the contrary, proof that it was given to the vessel.</Text></Subsection><Subsection><MarginalNote>Vessels — proof of offence</MarginalNote><Label>(6)</Label><Text>In a prosecution of a vessel for an offence under subsection 17(2), the vessel is liable to be convicted of the offence if it is established that the offence was committed by the operator or by any person on board, other than a security inspector, whether or not the person on board has been identified, prosecuted or convicted.</Text></Subsection></AmendedText></Section><Heading level="5" style="nifrp"><TitleText>
                    — 2012, c. 17, s. 76</TitleText></Heading><Section type="amending"><Label>76</Label><Text>Section 29 of the Act is replaced by the following:</Text><AmendedText include-in-TableOfProvisions="no"><Section><MarginalNote>Defence</MarginalNote><Label>29</Label><Text>A person shall not be convicted of an offence under this Act if they establish that they exercised all due diligence to prevent its commission, and a vessel shall not be convicted of an offence under subsection 17(2) if the person who committed the act or omission that constitutes the offence establishes that they exercised all due diligence to prevent its commission.</Text></Section></AmendedText></Section><Heading level="5" style="nifrp"><TitleText>
                    — 2012, c. 17, s. 77</TitleText></Heading><Section type="amending"><Label>77</Label><Text>Subsection 31(1) of the Act is replaced by the following:</Text><AmendedText include-in-TableOfProvisions="no"><Section><MarginalNote>Recovery of fines</MarginalNote><Label>31</Label><Subsection><Label>(1)</Label><Text>If a fine imposed on a person or vessel convicted of an offence under this Act is not paid when required, the conviction may be registered in the superior court of the province in which the trial was held and, when registered, has the same force and effect, and all proceedings may be taken on it, as if the conviction were a judgment of that court obtained by Her Majesty in right of Canada against the convicted person or vessel for a debt in the amount of the fine.</Text></Subsection></Section></AmendedText></Section></BillPiece></Schedule></Statute>